id,1948,1968,1992
1001,15e900,13b532,8e1f4e
1003,38c600,1dc419,902942
1005,0ef000,0cb03c,6d1876
1007,17e700,0ecc23,761a6e
1009,4cb200,38b709,891e53
1011,00fe00,0b7e73,420eac
1013,10ee00,11c22a,691a78
1015,34ca00,1db627,7a1c62
1017,1fdf00,19bd20,6e1b73
1019,2ad400,0fd614,581b88
1021,718d00,2dbd10,8f1857
1023,00fe00,07b144,671084
1025,05f900,0eb632,77126d
1027,41bd00,23cc0c,7e1c5b
1029,4eb000,1ed30a,761e68
1031,0df100,10d219,7c215e
1033,27d700,1cb925,5b178a
1035,0bf300,08b636,63167f
1037,3ec000,16bd29,68197b
1039,0df100,10dd0f,7c225b
1041,06f800,09d121,701773
1043,53ab00,49a310,7e245b
1045,24da00,0fd516,832752
1047,0bf300,138663,600e8f
1049,6e9000,5b8b15,7c2061
1051,10ee00,11c325,8e224d
1053,19e500,10c823,76205f
1055,35c900,23af25,68197b
1057,5ba300,21bf1b,6c1e73
1059,708e00,46a510,671780
1061,22dc00,08e90b,7d225d
1063,0cf200,0b638f,2a0ac9
1065,0af400,0c8e61,541493
1067,0bf300,00cb2e,741a6e
1069,22dc00,0fd516,941d4b
1071,41bd00,1bc617,4c218f
1073,30ce00,318445,7f126b
1075,1ce200,0fe10d,781c69
1077,24da00,27b51d,671e78
1079,32cc00,13d316,4e238c
1081,20de00,2d9536,792062
1083,0ef000,15cf15,742a5f
1085,00fe00,128e60,410ead
1087,17e700,0a40b1,2008d3
1089,21dd00,409227,79285c
1091,08f600,0c9060,65147f
1093,53ab00,2dc20b,6d1a76
1095,41bd00,29c20e,742463
1097,31cd00,1dab33,811a61
1099,00fe00,0db53a,801365
1101,1ce200,249542,78166e
1103,1de100,22c015,7a2c57
1105,07f700,0e7f70,5009a2
1107,0fef00,0cb739,711576
1109,0cf200,14b82f,7b176a
1111,45b900,1fbf18,771c67
1113,0df100,0fab3d,5a168c
1115,5aa400,2ab916,921e4c
1117,53ab00,28b71a,ad1a36
1119,0bf300,10727b,410eae
1121,28d600,1ab72a,7a1967
1123,10ee00,19c31c,86195e
1125,1ee000,22a731,781e67
1127,4eb000,22bd19,611c80
1129,05f900,08cb28,66197e
1131,00fe00,0d905f,5008a5
1133,a45a00,648b0b,8c1c56
2013,000000,0,000000
2016,000000,0,000000
2020,000000,0,000000
2050,000000,0,000000
2060,000000,0,000000
2068,000000,0,000000
2070,000000,0,000000
2090,000000,0,000000
2100,000000,0,000000
2105,000000,0,000000
2110,000000,0,000000
2122,000000,0,000000
2130,000000,0,000000
2150,000000,0,000000
2164,000000,0,000000
2170,000000,0,000000
2180,000000,0,000000
2185,000000,0,000000
2188,000000,0,000000
2195,000000,0,000000
2198,000000,0,000000
2220,000000,0,000000
2230,000000,0,000000
2240,000000,0,000000
2261,000000,0,000000
2270,000000,0,000000
2275,000000,0,000000
2282,000000,0,000000
2290,000000,0,000000
4001,640099,7f1865,401b9c
4003,5e0798,742464,5d3c61
4005,780284,97174e,523871
4007,5105a7,5e207e,4f4068
4009,5b02a1,782c59,6d3059
4011,3a12b2,4512a5,5c326c
4012,5505a4,772164,524c5c
4013,760682,961750,684053
4015,6d048c,832456,554f53
4017,660395,822852,523170
4019,79067e,811267,573074
4021,60039a,6c1d74,50406b
4023,6b0390,7a1170,5f2d6e
4025,7a057e,952047,64464e
4027,5505a4,772164,69345e
5001,373f87,3c7e43,521496
5003,1426c3,2f8d41,47189c
5005,500f9f,7e3848,5b2f71
5007,710c80,7f3f40,7c245c
5009,4c0fa2,734a41,6b246c
5011,183fa6,2a874d,4e149b
5013,0c1dd5,218d50,621883
5015,69098c,823b41,652b6c
5017,1d5789,276275,3e11af
5019,2626b1,3a6261,4414a4
5021,480baa,605b42,3b14ae
5023,360dba,4f6549,5b2082
5025,143eac,20b42a,55198e
5027,125398,3b764c,601c7b
5029,2c1ab8,4d4c64,511893
5031,2537a1,526e3d,5a168a
5033,561395,606737,6c2669
5035,0eb13f,3b7053,580c90
5037,176b7b,308845,541594
5039,1638af,2e7857,5e1688
5041,1339b2,2b6e65,3a11ad
5043,165097,387d48,4e1897
5045,2c16bc,416657,5f1883
5047,2f0dc1,4a753f,5e2579
5049,4607b0,5c534e,432198
5051,512786,605747,5b1885
5053,182fb6,2b983b,5d1c83
5055,2511c7,5a5f45,48199c
5057,20538b,3e6e51,441d9c
5059,3319b2,388343,481d97
5061,1e1fc0,516943,58178d
5063,3d18a8,5a5a4a,541c8c
5065,2706d0,4f5e50,451b9c
5067,1a12d2,31814b,3f16a7
5069,243c9d,336a60,3c10af
5071,3b12b1,535457,562284
5073,146d7d,2f7955,4c2091
5075,2f10be,497342,4e1798
5077,10945a,2b636f,410fac
5079,391da8,208c51,4216a4
5081,1c4c96,397154,422794
5083,480caa,5b544e,642375
5085,202eb0,378442,641980
5087,820379,783551,6c1c74
5089,3e07b9,6c444d,523670
5091,1b459e,3f7946,5b277a
5093,1f4897,476552,4b0fa0
5095,20439b,297a5b,4f1599
5097,300ebf,596441,522782
5099,1d3da4,367355,4e1d90
5101,80037b,81324b,6a256c
5103,1936af,2f6c63,4c1998
5105,2e25aa,526646,541d8a
5107,1c8e53,2f5f6f,4510a7
5109,3012bc,557632,5f1c82
5111,1d3aa6,458336,48169e
5113,4214a8,66583f,612b6f
5115,341dad,61514b,731c6d
5117,273c9b,318f3e,4a1b98
5119,3d3a87,545257,581093
5121,240bcf,4a6152,47179e
5123,157277,2c765b,4e129d
5125,2224b8,3b7d46,641b7d
5127,2f09c5,575c4a,5e227c
5129,740684,903736,71206b
5131,541892,71513b,6c266a
5133,2523b6,50634a,512082
5135,330ebd,535f4b,582085
5137,550b9d,5e5d42,542384
5139,1f34aa,487441,641a78
5141,4c0fa3,5b544f,5a1e84
5143,671a7d,7c3b47,6c1c75
5145,2d21b0,516a43,641b7c
5147,1c558c,2b7959,3110bc
5149,2a0fc4,575e51,531f8a
6001,760e79,5f1189,3427a0
6003,c30c2e,971453,594b56
6005,630992,6b1f73,5a4b57
6007,7d0c74,901953,5e3c61
6009,77097e,851c5d,5a4859
6011,750584,831367,753651
6013,670b8c,711576,4b3081
6015,8a0b69,75186e,544663
6017,6d0c84,7c1c65,654452
6019,5e0a95,6f1478,672a6b
6021,820676,891c58,6e414d
6023,780b7b,751374,4d347a
6025,860672,861a5d,622a6f
6027,8e0a66,8a1b58,6f3c51
6029,6a058f,761b6c,723456
6031,5e0798,6d1779,6a3063
6033,920d5f,7c1769,493f73
6035,5608a0,681d78,5e4953
6037,761077,790e77,4a2d85
6039,600994,6f137b,6e335b
6041,910c61,7f0b6f,3b2c94
6043,8e0a65,7f1965,5b445d
6045,800d70,761671,374480
6047,6c068c,681481,5d3868
6049,760780,851662,634552
6051,a50b4d,a31643,5b4957
6053,810875,7f126b,4f3577
6055,86096f,6f1b73,4a3e73
6057,770f77,831763,643f59
6059,9b075c,a1104c,6f3c50
6061,5e0b95,6c167a,6a3c55
6063,530d9d,5f1886,5c415f
6065,8d0a66,861462,5e3c62
6067,600994,6a1181,5a336f
6069,8d056b,791273,523f6b
6071,7b0979,7f1865,5e3a62
6073,7e0779,8f125b,5b435e
6075,741079,550e98,2d16b8
6077,7d0977,7a176c,603369
6079,880b6b,82106a,584261
6081,900965,6f1078,452e89
6083,940961,880d66,59376c
6085,870b6b,740d7b,48367d
6087,930d5e,811168,373094
6089,650890,67187e,694350
6091,6e0a85,751277,5d4658
6093,6c0889,751474,524465
6095,5507a1,581d88,4b357c
6097,8c0c66,7c136d,3d3886
6099,7b0979,730f7a,5e3768
6101,850672,971551,7f304d
6103,820a72,781c69,5a475b
6105,720f7c,6d216e,4f5853
6107,770780,851464,742f59
6109,7a0c77,79186d,594261
6111,6b078b,821268,5a445e
6113,6f0985,610f8b,472d87
6115,77087e,7a1d66,6e3657
8001,680393,6f1a73,4c4170
8003,71018b,8c1160,563c6a
8005,750286,981153,643d5c
8007,70018c,7e156a,70434a
8009,790283,922249,783e46
8011,6e028d,79166f,55396f
8013,840971,930d5c,433781
8014,000000,0,000000
8015,690293,821566,623e5c
8017,830278,8e1d53,813d3f
8019,80027c,86185f,4d4a63
8021,660394,740a7f,552a7d
8023,5c049d,5205a0,351cab
8025,80017d,80205d,693063
8027,930367,9a1b48,78443f
8029,7c057d,8d1759,693f53
8031,730486,6f0d80,402b8e
8033,70048a,872d4a,5e5548
8035,8e016f,9c1a46,76483f
8037,660b8c,7d136e,48595a
8039,8f026c,9b1b48,6f4f3e
8041,8c036e,891a5a,833445
8043,820378,881a5b,643e5a
8045,7f027d,85195f,50505c
8047,7e057b,862551,424e69
8049,7e037c,ab123f,5b4b57
8051,700687,940e5b,494a69
8053,a3005b,a81d39,644850
8055,5605a2,590b98,4b2a86
8057,860078,ac1240,6f5639
8059,820378,911359,5e425c
8061,870275,8f1758,744247
8063,960266,9b1250,7d4040
8065,5508a1,5a1988,344b7c
8067,820478,911656,5a4260
8069,920269,9e0f4e,5c3f61
8071,4e03ac,540d9c,432595
8073,80017c,911953,774046
8075,7f017d,911854,684253
8077,6e038d,7e1867,693c57
8079,6d0090,6f1579,5a4261
8081,860375,9e1c43,5a5d45
8083,7d027f,8f1f4e,68494b
8085,7b047e,861c5a,694350
8087,880274,9c144e,6a3e55
8089,5401a9,7e1369,5f306a
8091,8c0270,842752,694b4a
8093,8d026f,952147,5b534d
8095,850573,911854,773a4c
8097,6c078a,8f115b,394182
8099,7e027e,7d166a,703853
8101,5c049d,57148f,482c88
8103,8e026d,a4193f,6e4745
8105,860077,940b5f,6c3a56
8107,680491,89195c,495063
8109,780184,850f69,4f3776
8111,77087e,752a5f,426752
8113,6a0390,871364,3c3c84
8115,8b0171,9b0f54,634158
8117,6e018e,921952,445265
8119,7b0380,852e4a,704745
8121,8d0170,9b2141,7b4140
8123,860275,921258,62405b
8125,890173,9f144a,724347
9001,8b096a,84106a,6d2d63
9003,720587,620c8f,513478
9005,930466,7c0d74,5e435c
9007,830477,730e7c,4d436d
9009,7b067c,691381,5d356a
9011,780481,710e7e,4a466b
9013,840575,730d7d,4f4569
9015,760285,680a8c,4e4866
10001,81017c,71305c,623861
10003,7c037e,721d6f,553076
10005,890174,782c5a,633d5d
11001,000000,2e00d0,170ad7
12001,3c655d,564e5a,4c337e
12003,182eb8,1bb62d,81314a
12005,202ab4,359f2a,7f3647
12007,29468e,26993f,70305c
12009,6a296b,7a483c,6e404f
12011,81205c,8a294a,4e2b84
12013,1225c7,1dc120,5f415c
12015,702568,80304d,633c5e
12017,472691,625c3f,5d465a
12019,432c8f,596f35,932f3b
12021,474e68,814735,883342
12023,2a4b89,358c3c,6e315e
12027,452b8d,447f3a,69395a
12029,163bac,1abc27,513f6c
12031,41437a,4e5c53,7e225d
12033,2538a0,388a3c,80304d
12035,3c863c,337556,613468
12037,1f4798,2a9b38,604259
12039,225a81,257d5c,462196
12041,0b1fd4,1ebc23,58455f
12043,443c7d,3c8c35,594262
12045,1722c4,18b62f,733654
12047,1f35a9,1f924c,5f2f6f
12049,3d1aa6,488f27,723b4f
12051,423289,447d3c,684055
12053,433d7d,576641,5c3d63
12055,581f87,6d533e,723358
12057,533674,585452,6b335e
12059,27488f,11de0e,7c3749
12061,761a6d,823c3f,6f4747
12063,1c558c,19b233,742a5f
12065,1d5a86,258157,52307b
12067,0b1ad9,17c225,683d57
12069,6e256a,78562f,703954
12071,644852,754741,703b52
12073,2f3a95,486451,532d7d
12075,1c548e,2f9d31,584064
12077,0918dd,16c423,6f3d51
12079,166483,23914a,573373
12081,70315c,853c3c,6c3b56
12083,393491,536b40,673c5a
12085,722a62,813d40,764046
12086,5e1888,5e257b,6e1977
12087,1f0bd4,57495e,57495c
12089,31408c,328d3e,832d4d
12091,1e3fa0,439525,874431
12093,2b14be,49872d,59485d
12095,772364,804539,753058
12097,711b71,6f5c32,6b3e54
12099,742763,872f47,582f76
12101,60227c,6c4d45,594063
12103,8e165a,832852,5f3d60
12105,552386,5e6a35,733159
12107,4b4c66,447743,583b6a
12109,4a6350,57693d,802f4e
12111,613c61,6d424e,5b4a59
12113,272fa7,33ab20,864433
12115,7f2d52,a22536,6d3758
12117,543773,714c40,7b354d
12119,1d3aa7,2d9040,5a3c67
12121,1730b6,24a832,663e59
12123,1b36ac,28a72f,5f445a
12125,1041ad,1bb62c,6e3659
12127,642377,653e5a,61326a
12129,0d39b8,1ab42f,624358
12131,2b349e,22b625,6b4949
12133,223d9f,1bbe25,773352
13001,1633b4,2fa12d,6a2c67
13003,0f1ad5,1d9c45,5a277b
13005,1547a2,35b019,632e6c
13007,0634c4,0e9e51,432496
13009,443189,53604b,5c247d
13011,100be3,2fab23,6b286a
13013,132ac1,438634,6e2965
13015,2414c6,3f7d42,742564
13017,1d1fc1,328a42,542386
13019,0c1dd4,25bb1e,5b2c76
13021,37487e,536a41,5d1c84
13023,1546a3,35ad1b,652a6e
13025,1a4a9a,1ac023,5b3270
13027,1c4e94,27a235,69256f
13029,1345a6,29993c,772f57
13031,1737af,44803a,722862
13033,12af3c,495d57,581e87
13035,0d1ad7,317d50,5c2080
13037,1127c5,1f825d,3a1fa4
13039,304c81,31824b,762463
13043,1f4a95,329536,5d326e
13045,2420b9,428a31,79255e
13047,2c24ae,37af18,832753
13049,1f4798,2b973b,752563
13051,3f4b73,565256,701d6f
13053,009965,229448,572580
13055,170cdb,338f3b,612676
13057,4a1e96,5b7231,8c2b46
13059,291eb6,633b5f,5b1a87
13061,1b16cc,1a7b68,3821a5
13063,1a3ba9,597e28,692271
13065,182abb,2ba32f,6d2769
13067,361dab,696431,862552
13069,1329c2,319735,732664
13071,2731a5,33ac1e,742960
13073,0ec927,577630,962740
13075,1329c1,25ae2b,5d257a
13077,1514d5,538129,792c58
13079,165c8b,268b4c,4e2b84
13081,1c449e,2d9f31,642474
13083,2a19bb,2eba15,742b5e
13085,860771,518627,6f335b
13087,215687,1ba53e,6b246d
13089,4b268d,803a44,531793
13091,1537b1,2f9837,5c2779
13093,0814e1,249247,4d1a96
13095,2733a3,4c7e34,661a7d
13097,4d4b65,40922b,7f2954
13099,111cd1,15b633,592879
13101,0d6a87,15d316,654257
13103,1f9b44,31a428,7a2e56
13105,122ac2,2b9a39,621f7d
13107,194c98,36893e,691d75
13109,153cad,379531,6b2969
13111,920468,963335,732466
13113,0c3bb7,42912a,8d2d43
13115,3816af,58762f,71226a
13117,361aad,4f8925,813349
13119,1a1dc6,2ba42e,662b6b
13121,4a2192,5b346e,541792
13123,780680,834f2b,732664
13125,06ba3e,30c10c,812d4f
13127,3c3a88,4d6e43,7d215f
13129,2e14bc,4c8130,77295d
13131,1c31b1,18a73e,642f6a
13133,0e2dc2,2f5876,521e8d
13135,1c20c1,4e812f,8a284a
13137,2d1bb5,48862f,7f2856
13139,251cbd,5c673b,7e2758
13141,244891,1a4d97,280fc6
13143,3b21a1,439723,69276d
13145,1e35aa,427745,792262
13147,0d0ee3,1fab34,572e79
13149,1810d5,2aa232,5c3071
13151,1f1dc1,40734a,842752
13153,1935b0,4b8131,6d305f
13155,1b31b2,26ae2a,572a7b
13157,1018d6,2f903f,6e2669
13159,193fa5,346a60,611f7d
13161,133fac,32ab20,643168
13163,149950,3b665c,581d89
13165,19489c,397e49,562482
13167,0d668b,21b527,652671
13169,176086,317e4e,612874
13171,2027b6,348247,622277
13173,2226b6,27a92d,592c78
13175,11519b,368444,6f1d70
13177,137675,2b874b,842c4e
13179,1939ac,2a6271,5b257c
13181,0bd122,2f9639,632972
13183,0c4ba7,169552,5d2e71
13185,285d78,468136,762067
13187,3111bc,527d2f,633465
13189,08d71e,536c3e,742168
13191,443e7c,266672,4a278b
13193,1b5191,317f4e,3f18a6
13195,0a26cd,28ab2a,7b2958
13197,156485,25a831,58188e
13199,1519d0,347852,52208b
13201,091fd6,1bd013,5f346b
13205,1238b3,21a538,542486
13207,1e429e,3c7051,642772
13209,114f9d,279f38,622873
13211,141ad0,347753,662275
13213,4010ad,547436,732961
13215,3d2e93,527437,6a157e
13217,180ed7,3f734c,6c256c
13219,19479d,478d29,822556
13221,0e36ba,25aa2f,6d2a66
13223,3a18ab,319a33,792c58
13225,235289,3b6a58,552286
13227,751574,715f2e,672e68
13229,125398,2da928,6c2869
13231,264d8a,249842,712666
13233,2114c8,378740,632674
13235,1434b6,389530,4f2d81
13237,2028b5,376d5a,5f2a74
13239,0d43ad,1e9c43,4e1f90
13241,2b0ec4,408538,682d67
13243,234497,2b7b58,4c1b97
13245,1eb030,694252,671a7b
13247,1519d0,417a42,86294e
13249,1d33ae,269048,642376
13251,1c548d,387056,632971
13253,1d14cc,14c425,562f78
13255,1b25bd,477344,752167
13257,3519af,408b33,792b59
13259,137377,238f4b,670f86
13261,1e6779,358741,641d7c
13263,1c2bb6,357355,3f16a8
13265,081fd6,295b79,3e12ae
13267,1d4e92,29a62e,6e2a65
13269,165493,249941,5f1885
13271,104ca1,2b953e,502588
13273,1a41a3,267e61,531c8e
13275,405b63,3a8142,752167
13277,222ead,3f932c,771e68
13279,185392,3e9828,7a295a
13281,5d019f,853444,732466
13283,09589c,3f912d,612279
13285,1a24c0,42803b,79255f
13287,2031ac,27af27,4e1f8c
13289,107e70,258059,40209d
13291,740782,644a50,722467
13293,1619cf,398b39,722169
13295,3319b2,419b22,7b285a
13297,0e17d8,329338,732763
13299,234b8f,339338,6f1e6f
13301,0aa450,3a6f54,581591
13303,2501d8,436d4d,5a1f85
13305,1b29b9,3a982b,722567
13307,405f5f,19b034,3a1ca7
13309,0b52a1,268e4a,5a2084
13311,171dc9,527d2f,782f55
13313,3b22a1,6a573c,892054
13315,1138b4,24ae2c,55287f
13317,1348a2,3e7b44,621d7d
13319,167474,338c3e,4d208f
13321,1525c4,23b129,662770
15001,000000,5f009c,4d2c80
15003,000000,630097,632276
15005,000000,0,000000
15007,000000,5d009e,53178e
15009,000000,60009b,4c2d82
16001,8e046b,a0203d,714149
16003,780481,962840,635b3c
16005,5b049e,7a186c,5f4057
16007,7b0281,990e59,7e3d32
16009,600994,711874,545057
16011,7d037e,991e48,744238
16013,6f048b,892253,47595b
16015,760681,8d3040,645244
16017,730c7e,741c6e,48555c
16019,720389,a41b3e,774932
16021,6e137d,782462,634c49
16023,7c0280,811b61,664249
16025,80037b,8f313e,694c46
16027,860a6d,a0213c,813c3d
16029,7a0282,9e1d42,6a552c
16031,840376,a32634,873b2d
16033,9a0261,a91e36,754739
16035,520f9d,5e1987,4e4b61
16037,7c047e,7f3a45,615542
16039,5706a1,812a53,724544
16041,870175,a81e37,853820
16043,760186,952b3e,78452e
16045,750880,931f4b,6d4547
16047,860375,8d333d,634846
16049,6c078b,782561,66474a
16051,6a0490,9c2f33,7c4d23
16053,7e037d,9a2e36,704341
16055,691183,7a196b,5b4f51
16057,7a087b,831169,533870
16059,880471,923536,664e42
16061,4607b1,621983,554660
16063,860275,a02439,62424d
16065,70018d,ac1d34,963f18
16067,7a087b,8f333c,71403e
16069,560b9d,651583,51416a
16071,7b0181,a80f46,61502f
16073,7f0579,98293d,794738
16075,970561,9c243e,6d4d3e
16077,840178,991c49,733b47
16079,62128a,671681,38497b
16081,760186,931b50,65503e
16083,8e036d,a02637,704147
16085,820a72,932744,5f504d
16087,7d047c,93204b,6b4742
17001,7c0181,8a185b,6d315e
17003,7d027f,5d356b,4c1b96
17005,87086f,861b5c,5b2e73
17007,b60047,9e144a,68355f
17009,750187,831365,612f6c
17011,a1015c,980f55,61316b
17013,850178,7d156b,43308a
17015,a50157,a20d4e,6d315e
17017,770185,790f75,552a7e
17019,9b055d,881460,5a2d75
17021,71018b,6b1879,493183
17023,890372,8f1c53,652e6a
17025,870571,8d155b,5e2d71
17027,83017a,89185d,5c356b
17029,80007d,86195e,5c356b
17031,73018a,681480,472194
17033,8b0271,941555,5f3668
17035,81017c,87195c,5b3b67
17037,af014e,a10d4d,5e3966
17039,8d016f,8a185b,673262
17041,950167,971354,653166
17043,bb033f,a91241,7a344e
17045,8b0171,8f1d51,623268
17047,a80451,a21843,722d5d
17049,7c027f,8e105f,6b3958
17051,7d027e,851762,582b79
17053,b2014b,a61146,773055
17055,6f038b,6d177a,412597
17057,870274,770f77,48298c
17059,6c0190,6d1878,402499
17061,780185,821566,563472
17063,a40059,97184e,633a5f
17065,81017b,861d5a,4d2c84
17067,8d026e,991253,5e346a
17069,8d0170,83106a,4f2985
17071,9b0261,881164,522d7e
17073,960167,8c135e,5e2c73
17075,a40257,ad133d,79354d
17077,890272,761572,48298b
17079,7e027d,84205a,5c356a
17081,73008b,791a6a,4f317d
17083,7d0180,771e71,4a3b77
17085,9d015f,961057,673362
17087,a40159,9a1b49,642c6c
17089,a40258,9d124d,6e3658
17091,930169,851860,622e6d
17093,b70146,b31337,763c4b
17095,990163,89175d,532b7e
17097,a1025a,90125a,70305c
17099,8c0170,800c71,523576
17101,7d057b,8b1b57,5b336f
17103,aa0152,a00f4f,6e345b
17105,a80154,a70d49,772d59
17107,990064,9a1351,752b5c
17109,a60256,a70c4a,61326a
17111,bb0142,a81043,773f47
17113,950168,970f56,6e2c63
17115,750187,6b1a77,552a7d
17117,740486,6f1975,463681
17119,60019d,632574,473382
17121,750386,75186f,4d2e82
17123,980065,940b5d,612d6e
17125,7f017e,7e126d,512983
17127,9f045b,8d244c,632078
17129,940168,981253,722f5b
17131,9f015e,8f125d,592d77
17133,9f005f,8d224e,613963
17135,81037a,751672,4b327f
17137,8c0071,8b1162,663363
17139,7d037d,801765,513478
17141,b50148,af0f3f,723852
17143,860177,7f136a,602677
17145,7f017d,7d1a67,472c8a
17147,990263,8f1658,5c376a
17149,720289,81116b,5e2e71
17151,a60156,921952,642970
17153,860176,5f2c72,531b8e
17155,990262,891064,4a3979
17157,7f017e,801a63,4b2f83
17159,9a0360,951a4e,603567
17161,770284,6e127d,522484
17163,5b01a1,572680,4b2988
17165,7e017f,7f116e,462c8b
17167,870175,7f1767,682c69
17169,7e047b,991351,603469
17171,82007b,8d1759,673560
17173,7a0381,7d1967,523674
17175,ae004f,9f104e,692f65
17177,940268,970d5a,6a375c
17179,770186,78186d,632a70
17181,750187,761a6d,542683
17183,870373,7d215f,4d3679
17185,7e057b,8c1859,653563
17187,a80154,991550,642b6e
17189,9e015f,a11646,653464
17191,8b0171,971452,6d305f
17193,7a0282,891362,58297c
17195,b30249,9d0c54,5f2b73
17197,830279,7d245b,613663
17199,82017b,801568,532a7f
17201,830278,851167,5f306d
17203,9e015e,9d1150,7d2a55
18001,7f047a,821169,79394a
18003,890272,8a155e,733653
18005,7c037e,8e1956,7a364c
18007,93016a,971254,773e48
18009,6d078a,771471,673a5c
18011,8d026e,96194e,8b383a
18013,69078d,7d2758,6a4151
18015,890273,8f1b54,71404c
18017,770284,831763,743d4a
18019,620299,612f6d,5c2779
18021,79067f,812359,753552
18023,840277,891163,803448
18025,770581,7f235b,612973
18027,890272,901a53,87294d
18029,770186,7c2260,723753
18031,91026b,8d125d,803844
18033,8b056d,91115a,713c4e
18035,770681,792064,663462
18037,640199,6e127e,6c325d
18039,900668,931455,882e47
18041,790184,771f66,68365e
18043,6f028d,682372,662671
18045,8b0171,872155,664155
18047,8c0170,851d5b,773a4c
18049,950762,9a164d,773a4c
18051,780481,7a176c,592e77
18053,800777,851d5a,7a3151
18055,7a047f,7b1a67,653065
18057,9e045c,ac1a37,9f2f2e
18059,7a0480,8f244a,883a3a
18061,770582,732861,642e6b
18063,970166,98273e,8d3936
18065,89056f,861b5c,6f3856
18067,710587,802459,713f4c
18069,840574,8a1360,902f3d
18071,720289,842058,723159
18073,a60255,9a1e44,7b344e
18075,7d067b,821566,68395c
18077,890372,7d1a65,5f316a
18079,850276,822358,6c3a55
18081,7d017f,922447,8a383b
18083,6f038c,771d68,623663
18085,a00757,a31545,923436
18087,a20655,9c114f,7a3b47
18089,620894,5d2977,49278c
18091,850276,7e1c62,59396a
18093,940169,8a1f53,753454
18095,6d038d,7b1c66,653860
18097,81037a,851a5e,6f2d60
18099,910568,901a53,7b364b
18101,70028c,751c6c,76295e
18103,820478,88185d,753e48
18105,8b086b,811665,612873
18107,940267,98164f,853d3b
18109,8c046d,8d313f,844038
18111,ae024e,9d1848,6d3c53
18113,920369,821863,6d3d52
18115,760187,751b6e,663562
18117,91026a,8b1b57,76295d
18119,820576,832357,6b3c55
18121,870373,852058,6a3c57
18123,72008b,750f79,502a83
18125,7e057b,731b6e,563176
18127,9e045b,872f45,653a5d
18129,71038a,7e1e61,623467
18131,810974,8b1c56,743454
18133,81017b,832852,714349
18135,930a60,911c4f,6a3f53
18137,880175,841d5c,753851
18139,920368,97174f,7b3e45
18141,6f038b,701c71,5f2d70
18143,6d038d,6c1f71,552384
18145,740585,862255,7f3747
18147,830179,82116a,642672
18149,800479,7a2161,5a366b
18151,ab044e,9f134b,6c4050
18153,680590,6e1d73,543375
18155,6e018e,70216c,5b2f73
18157,9a0262,970c5a,743157
18159,810379,8b1c56,7e3a44
18161,a1025b,8e224d,77394d
18163,730388,7d1966,642970
18165,720784,6a2271,4c3a76
18167,6a0390,711d6f,5f316d
18169,9c075a,9b0f53,77394c
18171,a1025b,911c50,664057
18173,7c0280,791f64,642f6a
18175,780284,7b245d,662e67
18177,930466,882154,712f5c
18179,780284,871660,7a3d45
18181,8e016f,921754,73404a
18183,840376,871a5b,6e434b
19001,840376,9b0d56,683164
19003,880373,981550,544265
19005,930268,9f0e50,643a5a
19007,6f0689,7e136c,5d2e70
19009,6b068c,920b60,5a3a68
19011,720b80,840f68,543b6d
19013,700489,830d6c,582a7a
19015,680c8a,780c77,562b7b
19017,830378,a70c4a,613267
19019,80027b,850d6b,57386e
19021,760582,9d0a55,6a355c
19023,840475,b40940,722f5b
19025,7a067e,920d5d,682d67
19027,670294,6c0b85,5c3a66
19029,980264,ab0c46,723a50
19031,8f036b,960e61,5b3c66
19033,710489,850d6b,562f77
19035,760385,960b5c,66375f
19037,730288,840a6f,513c6f
19039,7f047a,831269,543572
19041,6f0a85,900c5e,5b3b65
19043,81027a,930f5a,544067
19045,860374,840c6d,592d77
19047,6f0887,8d115d,593f63
19049,710885,7d0e72,5f2d70
19051,6d028f,781571,542d7b
19053,6f038b,7d0e72,543277
19055,9a0261,970d59,5f405c
19057,740486,6b1081,4c2888
19059,7b077c,8f0b5e,623c5f
19061,630298,670c88,533079
19063,760484,960a5e,583371
19065,880372,970d59,5b3a67
19067,8b046e,950c5c,4f3579
19069,731279,a10a4f,673263
19071,7f027d,8e1758,5f415c
19073,7c0b77,8e0b62,5c2d73
19075,8e0669,b50a3e,822c4e
19077,7d047d,940e5b,5b3868
19079,7a067d,920961,642c6c
19081,760682,970a5b,6a335f
19083,830873,940b5a,652b6b
19085,7a0182,90145a,663e57
19087,960463,991054,652c68
19089,6e038d,890b69,4f3e6e
19091,750386,980a5b,713556
19093,7a0480,9e0b54,673f57
19095,850a6e,940d5c,613e5d
19097,820576,870e67,493979
19099,710785,840c6d,612a72
19101,8c056d,970d58,4d254e
19103,6f0886,6f0785,452a8d
19105,830377,880e69,584264
19107,7e047b,870c6a,5a386a
19109,670394,87076f,613567
19111,730388,7d0e72,472b8b
19113,7b077c,7a0c76,56386e
19115,8b036f,8f125c,59366e
19117,7b057d,870f67,5e2e71
19119,860374,b9063e,912f3b
19121,850375,8d0e62,643068
19123,770d7a,910a5f,7b255c
19125,650693,850d6a,722368
19127,850a6f,8f0c61,5e2b73
19129,91016b,9f1d42,6f434a
19131,7d0977,9a085b,5c3967
19133,6e028e,871363,574065
19135,660494,741079,59297b
19137,960265,a3104a,723f4b
19139,830378,910c5d,5c366b
19141,800777,b00a43,823447
19143,720289,9c0a58,7c3946
19145,990461,ad123e,803a44
19147,640595,7f0975,543870
19149,870275,9e0e52,7e314d
19151,650693,860b6b,5f3368
19153,69078d,731575,612477
19155,830278,8f1855,6b375a
19157,760583,8c0b66,5b2f72
19159,8e026d,91125a,553077
19161,790580,9f0a54,68385c
19163,7e047c,771372,622773
19165,790480,950c5b,6d3e51
19167,910469,cc062c,b81e26
19169,8a0d66,8f0865,592c78
19171,790382,880d67,5a356d
19173,91026b,981452,564166
19175,8e026e,91105c,5c356b
19177,920368,970f57,613764
19179,690391,6a1280,4c2789
19181,810874,801469,602a72
19183,90026b,9d0b56,65385f
19185,72028a,8e0f60,5c2d74
19187,67098e,7c0d72,5e2c73
19189,7b087a,970a5c,643761
19191,790481,99095c,584064
19193,6c028f,810d6f,6b2a67
19195,670790,890c68,4f3b73
19197,7c047e,910864,672c6a
20001,9c025f,981551,5d455b
20003,90026b,901a53,545851
20005,82017a,751c6c,554464
20007,810379,9a154e,6c4f43
20009,880274,8b155d,605548
20011,830378,911b51,663e59
20013,ad024f,b01538,6a4d47
20015,80027b,811b61,624f4b
20017,960364,9f1747,5c5a47
20019,970463,a72333,684a49
20021,790580,791e69,5d366a
20023,88096d,b41634,7d453b
20025,8c046d,942148,834238
20027,a80650,b71332,7a4f34
20029,8f0867,8f115d,634950
20031,9c035f,a01a43,6c553c
20033,9d015f,9f0e4f,7e4040
20035,840673,8a1e56,574f57
20037,750880,731a71,543871
20039,830476,a71442,724446
20041,980362,a41346,6a4e45
20043,a2015a,a11c40,654d4b
20045,a30654,891b5a,4e3a75
20047,940862,8b145d,654d4b
20049,a2025a,a41a3e,6d4946
20051,670295,771473,514f5d
20053,860275,921457,5e504f
20055,7f0778,841365,7b463c
20057,780581,861b5c,6a5240
20059,940664,96194e,5f524c
20061,7e037c,811b61,624556
20063,920666,96184f,764f38
20065,970364,9a1c46,645049
20067,880472,911c50,834634
20069,880372,8c165a,795033
20071,880571,981a4a,933337
20073,920269,a81540,5d4d53
20075,81017c,8f204e,843247
20077,970561,a31446,67563f
20079,930664,9d124e,6a3e55
20081,8b056d,8a1e56,8e402e
20083,9a0360,96194d,814735
20085,9c0260,9a1c46,5a584b
20087,960365,902846,545653
20089,a10d50,a81341,744d3c
20091,9a0261,9f134b,6f404d
20093,8a056f,931356,8c3839
20095,8e046c,99154f,665343
20097,980f57,b40e3a,8e402f
20099,7f037c,821d5e,544069
20101,920764,9a174c,844534
20103,7b0181,7b2260,555058
20105,a70354,ad153a,684d47
20107,9a0261,a01d3f,575353
20109,a20755,a2203b,874234
20111,7f047a,921259,585253
20113,920c5f,a50e4a,704547
20115,a50454,b30c3e,7e3e41
20117,9c0160,961c4c,584d58
20119,990a5b,a8153f,854532
20121,7d027e,7c235e,515558
20123,9e035c,a0124b,6f4c41
20125,8b0271,8e244c,6d3957
20127,8f036b,99184d,57574e
20129,860375,822c50,8b353c
20131,8d0170,891c58,645147
20133,90026b,861a5d,5e455a
20135,940763,941554,6f4d40
20137,9b0a59,b40d3b,7a4340
20139,8d046c,8f234b,58574e
20141,a00757,a6183f,62504c
20143,960761,9f1747,744445
20145,850475,8a1460,604e4f
20147,a9094c,ae1739,76473f
20149,9f015d,a21844,635842
20151,80047a,931852,5e514e
20153,8c036e,a81140,864433
20155,840475,80126b,664453
20157,9a0460,a80e46,76483e
20159,940465,8f115d,684a4b
20161,ad054c,9e0e51,623f5c
20163,90036b,a01548,67573f
20165,8f046a,921556,5b5053
20167,90026c,aa0f43,5b584a
20169,870374,8d115f,5c4c55
20171,900667,a8173d,8f3e30
20173,7e047c,841a5f,674055
20175,840575,9e1c42,824437
20177,860473,841d5c,5a4063
20179,860276,941553,735536
20181,7f0877,921d4d,7e403f
20183,9d065a,ac123f,6e4846
20185,830575,8e135c,625447
20187,90046a,971550,8e3639
20189,89056f,942643,904528
20191,8d046d,8a1b58,59554e
20193,7d047c,981253,78493c
20195,840377,951b4c,604c51
20197,aa0351,a32139,5e5f40
20199,940466,9c253c,a23427
20201,a80452,ae123d,77483d
20203,8f0668,991a4a,8d3e31
20205,970363,a11e3d,694b49
20207,9f035b,9f1846,5a5250
20209,5d039d,552a7e,35388f
21001,8e056b,97273f,941851
21003,8e0c64,9d3031,811c60
21005,4d07aa,712e5e,6b3062
21007,2306d5,295878,482095
21009,5a0d97,6d3759,6b226f
21011,5903a1,61326a,4c2a87
21013,6c048e,791d66,631a7e
21015,5207a5,723f4c,853246
21017,4b0ca7,562f77,632f6a
21019,6b048f,73206a,59267e
21021,58099c,663364,6e246b
21023,630596,683363,652b6d
21025,3901c4,4a13a1,3e18a7
21027,760780,782e59,6a2271
21029,4706b1,4f5856,682c69
21031,ab084b,a9282c,901f4d
21033,641288,6b4748,581e87
21035,1e08d8,4e3f71,5d257b
21037,760781,7b2a58,7f2b52
21039,2004da,325477,541e8a
21041,2f0bc3,46298e,472690
21043,860177,7e245b,621d7d
21045,ae034d,b41f2a,9f1a43
21047,51218b,4c5b56,791b69
21049,4c0aa7,654059,662b6c
21051,a8074e,bf0d31,a21645
21053,bd073a,bf142a,a21347
21055,8c056d,8c353c,692174
21057,b00648,ac1d34,9b164c
21059,59069f,663264,672372
21061,a40555,a62531,8a185b
21063,2901d4,3c20a1,2c1bb5
21065,7f0678,88294d,7c255c
21067,6a1380,7e2a55,6f2566
21069,6c048d,872056,652870
21071,4102ba,4516a2,3017b6
21073,370abd,4e337b,5c2877
21075,2319c2,486550,551890
21077,3202ca,4a377c,4c3080
21079,820576,8f2b40,7d255b
21081,4d02af,644454,643663
21083,2307d4,434f6a,582084
21085,8f036c,9b1c45,871d57
21087,8e056a,952b3d,8a195a
21089,6c038f,6f206f,58267f
21091,740387,712d5e,592679
21093,580c99,6a3859,78275c
21095,5005a8,59287c,521d8e
21097,3f08b6,562c7c,583273
21099,770681,822e4d,68197c
21101,3d0fb1,533278,512a82
21103,4005b8,512d7f,50238a
21105,1f12cd,3b6d53,591e86
21107,421f9d,514e5e,572581
21109,db0121,d61315,bf132b
21111,780b7a,6d2867,5f207d
21113,591491,734742,852a4d
21115,9e015e,9d0d53,6d216e
21117,59089d,6f315e,822c4e
21119,2300db,3916ae,2b13bf
21121,960463,931f4b,821962
21123,630a91,793251,6f1e71
21125,a40257,ac2230,911f4d
21127,760384,741c6d,691c79
21129,860573,941f4a,821c5e
21131,bc043d,b51039,941752
21133,6c0190,6b1e74,4c1e93
21135,a40158,a51c3c,812259
21137,730982,783451,70206c
21139,4903b1,534962,4f228d
21141,390db8,633762,6a1e75
21143,420fac,4c515e,4d1b95
21145,370abd,454473,641c7d
21147,c1013b,ac1e31,93194f
21149,5508a1,5b475b,532089
21151,710983,723653,702766
21153,74008a,790e79,581391
21155,4505b3,542c7e,542089
21157,3102cb,4e466a,572383
21159,ab044f,ae0c44,7a186a
21161,660593,672b6b,662670
21163,4706b0,543574,5b2c75
21165,4605b3,622f6b,421e9b
21167,5b0999,6d3758,6a2b64
21169,7c037f,832753,701b71
21171,ad044d,c11b20,a51542
21173,4312a9,77374f,562b7b
21175,3701c5,56198f,471c99
21177,6c078a,643960,451f99
21179,5006a7,57287e,622376
21181,4a07ac,593370,512e7a
21183,870770,8a3142,612873
21185,5a0f94,693b59,7e2b53
21187,2303d8,433882,4f2b82
21189,ca0133,c01529,9c1649
21191,660692,743653,623b5f
21193,640496,6a1a79,561b8b
21195,680393,641584,4a169d
21197,69058f,6c3a57,5b2c75
21199,a50554,a32337,962047
21201,5503a6,682e68,582d76
21203,b40248,aa2330,ab173b
21205,690392,731e6c,562a7c
21207,a80253,a32633,a21744
21209,430bb0,593f64,683164
21211,470da9,60316c,6f236b
21213,340ebc,545158,631e7b
21215,4405b4,6a4152,69256f
21217,720884,81423a,7b1d64
21219,3412b8,516d3d,662570
21221,3c0cb6,4d535d,5f1e80
21223,1807df,423487,4c2888
21225,2a06ce,3c4f73,472393
21227,551593,743f4b,7d1e62
21229,730387,761d6a,711d6d
21231,890470,9b184a,851562
21233,3d09b8,4b456d,3f2698
21235,a30655,982c39,7d2060
21237,4b00b2,572086,421c9f
21239,541495,6c325d,742c5c
22001,1d865a,2f913d,5d207f
22003,134d9e,239447,4e1f8f
22005,257960,20914d,5e2777
22007,418b32,327755,472189
22009,0ac430,338d3e,4a2086
22011,206479,388e39,682a66
22013,10ca24,268f49,521c85
22015,169d4b,3c952c,792557
22017,378245,506b42,691d76
22019,274691,367453,5a287a
22021,167771,219a42,5f2370
22023,1342a8,27a234,4e3a74
22025,0da34e,2da22e,5c2477
22027,18bc29,2f8d41,5e2176
22029,0fb935,219a43,592477
22031,18ad38,1c7c65,541f83
22033,366265,467246,7c1868
22035,1a994a,236774,56158a
22037,1aad37,1c8a57,5a1e84
22039,09c332,22a23a,502185
22041,097b79,25c018,66226d
22043,188164,33a02b,682565
22045,785c2a,496c49,63246c
22047,2a478d,246f6a,551986
22049,129c4f,2a983b,671d71
22051,298c49,527438,891d57
22053,374f78,398045,532881
22055,457d3b,596243,732065
22057,358444,398342,5b2473
22059,18a342,36a91e,74255a
22061,1cb131,4b7939,6f1a6e
22063,136487,13ce1d,78285d
22065,17c224,1d6a77,54178a
22067,157e6a,329933,652071
22069,248a50,327655,621b78
22071,3c6c56,445367,430eac
22073,287263,517934,7c1d5e
22075,08ef07,1cbf22,712765
22077,19b133,1c776a,501a92
22079,21815c,49753f,6f2066
22081,0dba36,19a73d,591e80
22083,0b9260,28ae28,6d1e6a
22085,1c8b56,2aa92b,612171
22087,0bea09,2eae21,7c215f
22089,1e8060,2e7a55,6f1f6b
22091,0c8d64,108866,441a9b
22093,366067,1e6b74,4c1696
22095,335f6c,206f6f,601b80
22097,1bbc26,237f5b,521d8d
22099,2dbc14,2a7d57,49208c
22101,3b8042,466751,5f2373
22103,279c3a,3b8c36,90224b
22105,2c874b,239f3c,692271
22107,11b33a,307c51,5a1b82
22109,3d774a,47783f,6b2862
22111,17a740,2aa232,701e65
22113,318449,36883f,4c2286
22115,10826b,2ea42c,662767
22117,0c886a,1bb231,621f7b
22119,158b5d,2d9d34,5c2474
22121,1e6679,207c61,5a1f83
22123,108766,20c816,672666
22125,2ca62c,1c667c,571e87
22127,1c9051,2aa231,631c77
23001,640298,4600b5,415566
23003,90016d,790083,524467
23005,9a0360,690092,523e6d
23007,a1015b,7a007f,474e68
23009,c60236,a00059,4c5759
23011,8c0170,6a0090,445564
23013,b90342,8c006d,4f4f5f
23015,cd022f,9b065d,554d59
23017,940367,6a008f,475561
23019,980263,710089,4c535d
23021,970166,750583,4b5d54
23023,950266,6a058f,514e5e
23025,9a0262,6f058a,416359
23027,bd023f,8f0668,485c59
23029,950267,750085,4e545a
23031,750287,630097,56475f
24001,7c047d,6c2869,732a5f
24003,8a076d,783353,6f305e
24005,8f026d,7e225e,632871
24009,80027c,5b445f,6d315e
24011,860176,7f3945,743455
24013,a50257,9a283c,833247
24015,770185,733a51,64395f
24017,950267,624359,722b60
24019,720289,695144,722e5b
24021,930169,842a50,7b2c56
24023,a40258,971e50,892f44
24025,850177,832952,723555
24027,830873,89264f,622972
24029,7d017f,762e5a,672f67
24031,99055f,70137a,541d8c
24033,7d037e,692f66,3e17a7
24035,6d028f,773551,773352
24037,7c037e,5d465b,742e5a
24039,7e027d,664453,6e2767
24041,980263,8c274a,7e2956
24043,850177,783254,79295b
24045,7a0083,783c4a,722b60
24047,880274,793f45,6f325d
24510,6f0887,461b9c,2a12c1
25001,bf033c,920764,4f406d
25003,760483,5b0a98,373b8a
25005,5d039d,4e09a5,3f437b
25007,b10349,7d057a,3b378a
25009,700588,5a089b,503d6f
25011,9c0260,7c0879,3d447a
25013,6a048f,4f0e9f,493f74
25015,7b0380,5b0d95,393a89
25017,770482,5307a3,47367f
25019,b30348,8d0769,463b7b
25021,900568,5b0899,513676
25023,920468,6c0a87,554761
25025,4509af,2e0ec0,3b269a
25027,6f048b,5407a1,523b6f
26001,a70453,951b4d,633169
26003,6c1180,660c8b,523477
26005,ac064b,99184b,773650
26007,990361,81106c,523674
26009,ab084a,971255,654057
26011,960464,851464,523872
26013,7f0e70,730881,513477
26015,a50a4f,8c1b56,624159
26017,790282,700d80,4c347c
26019,a6094f,9b0f53,5a3d65
26021,960563,822556,6b335e
26023,a00756,8e145b,5b4759
26025,8c056d,791b69,55386e
26027,9e065a,772660,5c3b65
26029,970760,8c155d,584a59
26031,9e045b,7e1768,5a3a68
26033,880d69,841366,663265
26035,a80650,901a53,523a70
26037,bb033f,901855,664255
26039,a30457,8c145d,5e3e60
26041,6d058c,670c8a,553177
26043,630d8d,700c82,533b6f
26045,a50851,911755,634159
26047,a10657,960f59,664451
26049,710885,632674,3c3a86
26051,a9064f,901954,553e69
26053,690d88,650a8e,4e2a84
26055,ae054b,9c0e53,644652
26057,b20843,9f124c,643e5b
26059,ab0a49,a11448,6c464a
26061,8b0e65,77087d,5d316e
26063,bf023d,a41643,633e5c
26065,9a065d,831268,533475
26067,9f0659,891460,614259
26069,af034b,8d1958,5c3b65
26071,710d80,6c0b87,473084
26073,ab054d,92105b,593e65
26075,9c055d,881b59,643b5d
26077,920864,89195b,5d356a
26079,a7084f,872055,564b5b
26081,8a046f,881262,792d56
26083,7f1965,700d80,522e7e
26085,8a066e,631487,423783
26087,a00559,8b2052,594c57
26089,af024c,990f55,634356
26091,ac044e,8e135c,5c3d63
26093,b50445,82205b,714149
26095,ac054d,940c5e,5d405f
26097,a50356,8b1161,613a61
26099,710687,4d238c,6b315f
26101,860573,7b1270,4c3f71
26103,720685,6c0988,4d2e81
26105,8e0966,89165e,633c5e
26107,ae0848,981252,613a62
26109,740486,740f7b,5b3968
26111,a10558,9a1350,6a3b58
26113,ad064a,ac173a,77364f
26115,810379,651f79,573a6b
26117,a60651,8e155a,5e3d61
26119,a30555,8a1c57,5f3965
26121,69078d,7a196a,543673
26123,aa054e,98184d,68395b
26125,880670,731872,6f2b62
26127,990c59,8f204e,5f415c
26129,a40653,8b195a,523b70
26131,7f126c,740c7d,4e2b83
26133,ae0847,a21942,623b5f
26135,b70442,9b154d,693261
26137,990461,7d116f,5d4856
26139,a10458,ac1140,962c3a
26141,8b0172,7c126f,533772
26143,bc033e,8e1758,58366f
26145,8f056a,7d166a,543673
26147,9d035d,7d1f61,5d4659
26149,a70750,96194e,684253
26151,c60434,a61e39,6b424f
26153,7e067a,730f7b,4d2c84
26155,aa044f,811a61,564463
26157,bb053d,9c1948,59455e
26159,ad074a,841f5a,573d69
26161,a20854,77186c,4c2888
26163,600a93,421aa1,441e99
26165,910964,8f115d,5f3b63
27001,680b8b,650c8b,484172
27003,5207a5,530f9b,4d446b
27005,5b099a,760e81,653c5c
27007,530ba0,680f86,533773
27009,610399,6e107f,59475b
27011,5606a1,6a0b88,4e3778
27013,80027c,7c0878,504269
27015,81037a,910e5e,644750
27017,440bae,4009b5,433385
27019,9c025f,8f0b63,614c50
27021,6f0589,7c0f72,593d66
27023,620795,710884,523970
27025,710785,651088,474b69
27027,620597,79097a,68296a
27029,460fa9,5b0f92,59396b
27031,7a077c,7d0e72,554461
27033,7b0280,8b0a69,5f435b
27035,650791,730b7f,5e425c
27037,5804a2,620a91,544167
27039,7a0281,88086c,614753
27041,6a058e,800c71,664254
27043,750385,8b096a,5f405d
27045,8c036f,960a5e,55485f
27047,640496,700885,48456f
27049,780383,840773,57455e
27051,670c8a,780b7b,533d6c
27053,6d0889,6a0989,4e3579
27055,90026b,931159,5e415b
27057,7c077a,8c0f62,5f3963
27059,61108c,61128a,4c4a66
27061,4b0ca7,4d0ca5,483e75
27063,5305a6,6c0d84,4a4e65
27065,620894,6e0e81,4c4a66
27067,500f9e,600c91,583f66
27069,3f0ab5,680d89,5d2f6f
27071,3e0ab5,4b0aa8,424476
27073,61039a,740980,493b78
27075,3f11ae,3a0bb8,3a3988
27077,4a0fa5,630b8f,58485c
27079,6f028d,6f0787,524763
27081,5105a7,6d0b85,4c436d
27083,5302a8,6e0788,5e415c
27085,870374,8b0c66,5a5151
27087,3506c3,571393,5b336e
27089,510ba1,651187,5d3965
27091,6e028e,970c5a,614358
27093,720389,760c7b,544b5d
27095,69088d,6e0e81,4e4865
27097,630398,660d8a,584162
27099,5e029d,650990,403f7d
27101,5802a3,7d0d73,4e4d61
27103,7c027f,800875,564066
27105,61029a,700c82,5b4260
27107,530aa0,640a8f,5f306e
27109,760285,8a086b,693e55
27111,9c065b,99095b,693b57
27113,4f149a,68098b,564067
27115,5d0a96,5c1090,424574
27117,70048a,900b63,604657
27119,510ba2,660b8c,633663
27121,620497,760c7b,503b6f
27123,5707a0,530b9f,453384
27125,3d0ab6,4e0ea1,503676
27127,7d037e,8c0c65,614d4e
27129,710489,7c0d74,514a61
27131,820378,750781,4a4073
27133,7a0380,910b62,623b5f
27135,4312a9,671086,614952
27137,4a10a3,4108b5,393290
27139,5e029d,630b8f,564e58
27141,770780,690e88,554c5b
27143,870374,970c5a,525555
27145,640297,750f79,603f5c
27147,80017c,8d0869,604953
27149,720289,800c71,612f6c
27151,530aa0,610992,44397e
27153,6f0589,830f6b,5b445d
27155,4f05aa,690b8a,563b6c
27157,760285,830b6f,544b5d
27159,750484,890c68,633d5d
27161,860177,8f0866,584a59
27163,670492,600d90,4f436a
27165,730387,880b6b,554760
27167,6a048f,7c0b77,763651
27169,720289,740b7e,593e64
27171,7e047c,660a8e,544e5a
27173,610597,6e0e81,4e436a
28001,0beb08,1b8062,5d1c84
28003,07a353,30af1f,701872
28005,00f608,139f4c,721675
28007,00f10d,15ae3a,7e136c
28009,00d925,119b51,50129a
28011,0ae113,276f68,550a9d
28013,009569,12df0c,811864
28015,00ef0f,0baa49,8c1061
28017,00ef0f,12c823,721675
28019,08dc19,10cc21,891461
28021,00f806,10539b,3609be
28023,00eb13,0ec729,9a1053
28025,00f608,16a245,621289
28027,0cd71b,2b557d,5d0b92
28029,00f608,159652,7c0b76
28031,00ea14,17c224,801765
28033,00e618,21a33a,941751
28035,07e611,339c2e,8b155d
28037,00f30b,11b339,7d1966
28039,05e117,09e80c,6f2347
28041,00e11d,0ad222,841e5b
28043,00ec12,199b49,7d1070
28045,15c91f,2cab26,792b58
28047,0ed917,399e29,862452
28049,08e511,38873e,770e73
28051,00f806,116785,4708ad
28053,00fe00,129755,5d0e92
28055,05ec0c,0a7b79,4c148d
28057,079a5d,17d611,791a6a
28059,10b835,24be1b,8f2449
28061,00ef0f,15b138,6e1679
28063,00fe00,0b53a0,280bca
28065,08ef06,119855,641187
28067,07e017,2dad23,901a53
28069,00ee10,0cc031,6a1083
28071,06995f,338a41,751374
28073,06e80f,1ad410,a11e3e
28075,07df18,1db928,9e0f4e
28077,00f20c,15b930,70206c
28079,00ed11,12b834,81106d
28081,05cf2a,2fac23,8a1757
28083,06ec0b,217d60,6c0c82
28085,00fe00,1bbb28,89185c
28087,05ef0a,2d9d33,8e1758
28089,06ed0a,176d79,890f64
28091,00eb13,17b234,7e1966
28093,05dd1b,177176,4e0ea1
28095,00c935,1cbe24,7d1a66
28097,05ea0f,1bae34,7c136e
28099,00e915,11d11c,9b144e
28101,00ee10,14cd1d,a71046
28103,00ee10,108e62,520aa1
28105,07e314,2d9140,7b136e
28107,00e816,238457,671086
28109,05e711,28ba1c,852850
28111,07de19,12ca22,8f1a54
28113,00f00e,249247,6f1975
28115,00d02e,1ec718,8c175a
28117,0b975c,1dcf12,811765
28119,00eb13,198e59,5a0d96
28121,00f905,17be28,ac1839
28123,00ed11,16c028,8f125b
28125,00f707,1a7d66,5d0d8d
28127,05e810,1fb827,921357
28129,00dd21,15d711,9a1949
28131,00f30b,18c91d,8b1b57
28133,05ec0c,228457,651089
28135,00e11d,1c9849,661186
28137,00db23,219c40,7f136b
28139,07c432,19c81c,811765
28141,0d9160,1cd210,6b177b
28143,00f707,2d557c,4e0aa4
28145,08b83e,23c317,871561
28147,00ee10,14a941,741e69
28149,0edc13,2b8251,7e1a65
28151,17d116,3a685b,620a89
28153,00e519,0ccd25,7e1b64
28155,08c432,14d712,8e1659
28157,06ec0c,11618b,480fa5
28159,00e11d,15c326,7a1370
28161,07e115,22a735,69157f
28163,00f707,1e9c44,790f73
29001,7d0180,951355,633565
29003,8b0072,960f58,5a495b
29005,770087,821468,5a4260
29007,4400ba,751771,5a3271
29009,80007e,911359,6f2f5f
29011,750089,8d1858,882f46
29013,7c0082,7e1868,524962
29015,aa0053,9b1a48,58366f
29017,82007c,7f205e,6c2b66
29019,4a02b1,761374,553573
29021,5c00a2,761474,4c4071
29023,71008c,773452,6b246e
29025,92006c,931853,51505b
29027,4700b7,752366,583b69
29029,9c0061,9b1c47,604359
29031,780086,881f57,792e56
29033,8c0071,8a185c,544663
29035,6d028f,742763,68266e
29037,650098,732a61,584e57
29039,950069,a31743,633862
29041,62009c,741872,4c3b76
29043,a80056,a41940,6e325c
29045,7c0081,881660,493381
29047,5900a5,712865,504666
29049,63009b,741b6e,4a4b69
29051,760087,9a154e,7c2e53
29053,83007b,8c125f,633c5e
29055,880075,8e1b55,563c6a
29057,9c0061,a41842,6b385a
29059,9f005e,9f1a45,593a6a
29061,7e0080,871363,4b4e64
29063,81007d,8b1260,504963
29065,660097,811963,5c2d74
29067,b2014b,ab183b,712f5d
29069,2e00cf,5a3c68,59198b
29071,7e007f,811963,514e5e
29073,c60037,be0f30,6c434e
29075,6f008f,7c0b76,573f68
29077,790085,8c1d54,702a63
29079,82007c,921359,574462
29081,8e006f,971452,5e3f60
29083,73008b,79156f,46496e
29085,b2004b,a9173d,4f3679
29087,8e006f,8f1a55,644157
29089,4400b9,631b7f,473e77
29091,8c0171,912547,643167
29093,5b00a2,6a2074,462e89
29095,61009c,641f7b,44397f
29097,7b0082,8a1a5a,7d2d53
29099,5e019f,60326c,474570
29101,7f007f,841b5f,544c5d
29103,6a0094,7d1c65,513a71
29105,890075,8e1957,6b3b57
29107,850078,881660,584362
29109,880075,981452,6e325c
29111,5400aa,6f1d71,51317a
29113,5500a8,6a2b69,4a476c
29115,680096,750f79,4d3c73
29117,790084,7c1071,58495d
29119,80007e,821d5e,6f3954
29121,6c0092,77196d,503c71
29123,73008b,80245a,532d7d
29125,5000ae,792163,563a6e
29127,4a00b3,6a1b79,67276f
29129,9c0062,9a0d56,563474
29131,8c0072,a51840,70404e
29133,3701c5,444b6e,4b2290
29135,7a0083,951b4e,6b3e54
29137,2400d9,4a1c98,463b7d
29139,81007d,881d59,5e3c62
29141,8e0070,921953,5c425f
29143,3000ce,3e5070,4a1d96
29145,81007c,861b5c,793152
29147,6f008e,7a0f74,554365
29149,4700b7,562c7b,542187
29151,7a0083,9d134d,743b4e
29153,b1004d,ae1a35,69365e
29155,2d00d1,476057,511993
29157,92006b,9c124f,703458
29159,70008d,751b6e,694252
29161,5e00a0,782b5b,5c3968
29163,5400aa,6e1c73,4e327d
29165,4500b8,6c2869,514e5e
29167,90006e,98164f,653761
29169,5c00a1,742069,603469
29171,a0005d,a20d4e,743555
29173,3b00c3,542288,4e337d
29175,3800c6,621884,4b377b
29177,4d00b1,5b267d,434476
29179,4000be,582b7b,3b289a
29181,650198,7b2a59,5f2678
29183,7e007f,743159,5c4859
29185,80007d,8a195b,553b6c
29186,6f018d,6b187b,3f3787
29187,750089,791e69,4f307e
29189,850277,77196d,593470
29195,660098,771175,434674
29197,6b0093,871165,57396d
29199,670096,7f116e,513f6d
29201,3b00c3,5c3b67,602a73
29203,4001bc,622972,4e2589
29205,4800b6,69167f,573b6b
29207,4e00b0,71325b,5f2876
29209,b50048,ab1939,6f345a
29211,790085,850c6c,622c70
29213,9e005f,aa153f,752e5a
29215,690094,7e1e61,583075
29217,690094,731972,573a6c
29219,af014e,9f213d,56485e
29221,7a0083,752266,443386
29223,6a0094,792460,592382
29225,840079,911459,683263
29227,6c0091,7b1072,573b6c
29229,950069,a8173f,712f5d
29510,5901a3,4316a5,2c20b1
30001,860573,9b1d46,6b4943
30003,7d037d,891065,4f307d
30005,5c079a,7c0f73,513a71
30007,8d056b,8a195a,724543
30009,74107a,8c1260,565155
30011,750385,9e1b44,90402c
30013,570b9b,6e0e80,573f66
30015,5f0a94,881362,6c444b
30017,6e038d,940e5c,5f4459
30019,680c8a,840b6e,5c4b55
30021,830576,930c5e,58485d
30023,530c9e,410cb0,283a99
30025,820577,a10f4d,734346
30027,6c088a,8d1957,6b4b3f
30029,750b7e,831b5f,5e494f
30031,870571,9e0f51,624454
30033,830576,a32139,7d5726
30035,5902a2,721477,483a7a
30037,870671,990b59,625049
30039,840872,7e1b65,6b4a45
30041,500aa3,710b81,4b3f72
30043,740981,721576,5c4655
30045,5d128f,871165,6b4948
30047,7d0977,8e1c53,56455f
30049,810676,900d61,5b366c
30051,610895,951256,6b4c43
30053,5f0b94,672175,555054
30055,601c82,850e6a,634a4f
30057,8c056c,8f1d51,6d503c
30059,7f047a,a01e40,6b4e42
30061,640d8c,69177d,3e5467
30063,760880,7a1469,4b3977
30065,671e79,820f6c,644f4a
30067,810874,921556,614a4c
30069,760681,a0134a,745134
30071,5f0995,83116a,635c3d
30073,5a099b,871265,644454
30075,99075d,a51b3d,784a38
30077,6e0888,791570,5b4b55
30079,7a0380,ac0849,7a354d
30081,7f0b74,871e60,5b4d4e
30083,6d078a,971e60,5e514d
30085,5d0d94,7f0a74,49426f
30087,810578,8f1855,49476c
30089,6d0d83,7c1869,4d4d5f
30091,48189d,740b7e,4c4a67
30093,570f97,470ea4,31408b
30095,8a076c,9c144e,614952
30097,9d045d,b21239,7c4737
30099,5e0799,8b0e64,66484e
30101,60039b,841762,585450
30103,730784,90135a,605249
30105,550c9d,7e156a,53495f
30107,810379,841366,6a3e55
30109,760384,871562,624851
30111,810479,950f57,673b5b
31001,8a0074,a10e4f,7b3f43
31003,9a0064,ad163a,854c2b
31005,92006c,c60d2a,8e5e11
31007,92006c,b52325,964424
31009,80007e,ca0e25,904924
31011,8e0070,a31545,804d30
31013,890075,ac1042,624357
31015,81007d,a42039,784b39
31017,9f005f,b61632,8a482a
31019,90006e,a61146,8c3b36
31021,94006a,ae113e,6c414f
31023,71008d,771770,734742
31025,880076,921b50,6e434b
31027,80007e,9c124f,6f5538
31029,980066,ac1c35,7a5230
31031,960068,ba1231,903d2f
31033,80007e,a8193d,843f3a
31035,9c0062,a90f45,814338
31037,80007e,a41643,75493e
31039,a2005c,b91035,91402c
31041,8b0073,b3103a,8b4131
31043,5d00a1,90115d,6e345c
31045,9c0062,b71334,7a453d
31047,9d0061,b70e38,884232
31049,b60048,bf0f30,7f4a34
31051,850079,a70e48,7b3c45
31053,8b0073,a2104b,704448
31055,7c0082,811d5f,773155
31057,960068,b7172f,874331
31059,950069,970d59,6d4848
31061,880076,a51147,7c433d
31063,9a0064,b31734,7f4d31
31065,990065,b2123a,7c4938
31067,8f006f,8e1060,654553
31069,a3005b,c81124,884b29
31071,8f006f,c20f2c,8b3f33
31073,84007a,b50e3b,77483d
31075,a80056,bf0c33,8c462a
31077,64009a,7f146a,69464e
31079,8d0071,9b0f54,714843
31081,9c0062,b40a40,834336
31083,8c0072,a31743,774b3a
31085,8e0070,b51a2e,8d5021
31087,90006e,aa1c38,794f34
31089,8b0073,a81540,8b4c25
31091,bd0041,e00717,9e3927
31093,5f009f,821368,655345
31095,990065,990e58,654255
31097,950069,9a164d,5f4558
31099,81007d,a3114a,884232
31101,960068,b40f3b,834a2f
31103,92006c,c41228,943f2a
31105,990065,ae1d32,843e3a
31107,83007b,ad123e,7e4539
31109,8f006f,8d0c64,643564
31111,83007b,941356,723753
31113,850079,a9193c,99372d
31115,860078,c21625,983f26
31117,ad0051,c21b20,a83025
31119,9f005f,b30f3c,91402b
31121,9e0060,a71145,7c4739
31123,860078,a91f35,774b3a
31125,90006e,9b144f,6d4947
31127,960068,a11448,704349
31129,860078,970d5a,6e4747
31131,9d0061,a81442,6e434b
31133,92006c,991b4a,5e4f4f
31135,82007c,b31337,804f2d
31137,93006b,bb0f33,8f432b
31139,92006c,bb0f34,844d2b
31141,880076,9a144f,8e432c
31143,960068,aa1341,7d4639
31145,890075,aa143f,774f37
31147,84007a,98194d,69464e
31149,a3005b,c31724,973c29
31151,6b0093,72117b,4c456b
31153,780086,852b4d,803a43
31155,7a0084,921754,704745
31157,8c0072,ab163d,7b3b47
31159,8f006f,9a0d57,703f4d
31161,a50059,c21427,903f2d
31163,61009d,7a176d,624e4c
31165,8e0070,b61632,8d412f
31167,8e0070,b51335,7e4e31
31169,92006c,a60c4b,685045
31171,90006e,c3112a,993e26
31173,60009e,911656,653761
31175,8b0073,a4104a,734446
31177,8e0070,a11943,7b4240
31179,aa0054,b80d38,834139
31181,960068,9b1350,6d4a46
31183,71008d,a31842,874530
31185,a60058,b80c3a,894232
32001,810b71,852752,7e413a
32003,5d049d,6b2370,523f68
32005,b10349,a41d3d,685142
32007,710489,8a1c57,6f4d3b
32009,720c7f,634655,606033
32011,830575,90214d,794f2f
32013,7d067b,812359,6c533a
32015,8f036b,812954,715336
32017,5504a4,7f205e,7a3646
32019,970562,89254f,614b4c
32021,5d039d,523e6e,584857
32023,840d6d,673d59,574f51
32027,88086d,772561,68454c
32029,7a0b78,7f1c62,4c5c51
32031,8f0669,8b1d56,5e4457
32033,5c0a97,67177f,52495c
32510,9b0360,901e52,634651
33001,a50158,9c0859,6b3c55
33003,c2013b,b9093b,664155
33005,940268,860572,563076
33007,750385,700687,553e69
33009,a1025a,98085c,5e336b
33011,650296,750b7d,633a5e
33013,970165,930961,5f3369
33015,9a0261,8c0b67,61405b
33017,740287,78067f,553571
33019,8d026e,7e0878,5a3171
34001,8a056f,6b1874,602c6f
34003,a70651,8a0e64,70206c
34005,7f027d,761d6a,5d336b
34007,6d058b,681f75,512c7e
34009,a40258,871f57,70335a
34011,820477,671e81,5e306c
34013,7b0f73,641384,521891
34015,8a0370,712765,5b3a67
34017,5c0899,5f1882,5b1489
34019,9b045e,931951,763c48
34021,6b058d,5c2080,58277d
34023,6d0a87,6d1b74,612873
34025,9e045b,821368,702b61
34027,ad044c,93105a,842752
34029,b30744,891b58,713158
34031,741475,75186d,6e216c
34033,7c0280,6e236c,5e425b
34035,980561,891759,762c5a
34037,a90252,9d1848,833842
34039,890c68,741573,6a1d75
34041,81027a,7a1370,713c4f
35001,780283,8c0c65,622773
35003,71008c,9e1e41,7e2f4c
35005,670196,a21a42,773055
35006,860177,8a1261,532287
35007,650198,710d7e,542a7f
35009,4401b8,892b48,89294a
35011,670097,931d4d,712b61
35013,660197,8a1261,5e2c72
35015,3a03c1,791c67,663067
35017,58069f,621a80,48298b
35019,80007e,830872,531494
35021,7e007f,930e5c,752464
35023,4c01b0,642a6f,5f306d
35025,3501c7,7a324e,7b324e
35027,850277,a41741,743e4b
35028,860177,8c0a67,67385d
35029,5c01a0,7f205e,583a6b
35031,680294,740e79,4d159a
35033,8c0072,810078,4613a3
35035,5c01a1,6f2a63,753354
35037,4e02ad,832256,682c68
35039,780086,6e0786,3b15ad
35041,3b02c1,942346,7d2a55
35043,780085,69068c,5b2a76
35045,9a0063,892948,702d5f
35047,7b0083,7a057c,3b1aa8
35049,8b0172,7a067d,3921a1
35051,790184,911953,5a3c66
35053,8f006e,840a6f,5b2679
35055,7b0181,7f007a,351fa8
35057,7f007e,871363,663165
35059,6f018e,8d204e,863047
35061,860177,790f75,5f2c71
36001,6c0988,600993,512784
36003,b70344,a60c4a,7a4042
36005,462d8a,510c9f,340cbb
36007,9a075c,850d6a,58366e
36009,99075e,870d68,654d49
36011,8f036c,7e0e72,56495d
36013,920765,7c0e73,564a5b
36015,9d055c,851266,683062
36017,b40347,a20c4e,5e3e5d
36019,7d0978,830a6f,6b2a66
36021,a8074f,990f55,653363
36023,ae034c,9a0a57,5f3e5f
36025,ba0341,a60f48,6d3658
36027,a30753,8b1160,673a5c
36029,740783,5e128c,49456e
36031,b20546,9b0b56,6f325a
36033,8c076a,87086d,5c356a
36035,9a085c,8b0b67,66395d
36037,a00558,880c69,713c4e
36039,a9054f,9b144d,703853
36041,b60444,b10d3f,883440
36043,840971,8c0d64,663a5c
36045,960364,8e0767,60405b
36047,4d2888,510ba0,3a0eb4
36049,9f045a,990b59,5e4954
36051,9f045a,980a5b,733652
36053,ad044d,a00c51,634058
36055,7a087b,7b0979,642f6a
36057,7c067b,7e0b73,5f3667
36059,b10a43,820c6e,672076
36061,532883,4106b2,280dc7
36063,7e0778,701379,504f5e
36065,7a067e,810d6d,673560
36067,89096b,800c70,5c356b
36069,a10458,900963,6b365b
36071,a00856,8f1459,6f2e5f
36073,b00449,9a0c57,71414a
36075,930763,8a0d65,5c4a55
36077,a9064e,980c59,613764
36079,a20c4f,8b1958,753156
36081,80126b,660e90,4815a0
36083,900865,800c70,623365
36085,890b6a,8c1759,7a2162
36087,930e5d,7d0f71,671f76
36089,9a0460,8d0769,533a6d
36091,9c0b56,8e0c62,68365d
36093,860e6a,770b7b,5a336f
36095,9c055d,91105b,663b5a
36097,b0044a,9c134d,643f58
36099,940763,8a0c66,5c3e62
36101,9f0659,9f0e50,79394a
36103,b10844,941553,673263
36105,871b5c,7a0f72,5b336e
36107,b20645,9d1050,664056
36109,ab0c47,870c68,46298d
36111,a30951,921158,5c3867
36113,af044a,a20a51,6c3857
36115,ae054a,9d0b54,683e55
36117,b10349,a00b52,743b4c
36119,9b0f53,800e6e,661a7c
36121,ac034e,9c0e52,724b3e
36123,bb043f,ac0d43,6e3b51
37001,542089,5d633e,7b265c
37003,7a176c,844237,7e255a
37005,6c0f83,743e4b,63207a
37007,1e27b8,2e715e,451b9d
37009,770681,87185e,771c6a
37011,be053b,b42623,922a41
37013,2c0cc5,3a7d47,752266
37015,0604f4,1d6f72,4216a5
37017,2025b8,357653,501f8e
37019,67286f,466256,642673
37021,5e138d,703f4e,68266f
37023,781075,7c4240,71226a
37025,554564,854137,832653
37027,751277,83403b,7d275a
37029,2918bc,178d5a,632d6d
37031,4b07ac,664454,78275d
37033,252aaf,2b785a,551990
37035,791471,8f3836,832654
37037,581195,5c4d54,5a2182
37039,77087e,872056,751e6b
37041,1810d6,377552,5d2778
37043,780581,8c1d55,791d67
37045,3424a6,526c3f,721f6c
37047,261abe,427349,491a9a
37049,1e14cc,37784e,742564
37051,30418c,515458,6b1a77
37053,1811d5,239149,69375d
37055,4e08a8,665345,67385d
37057,7d0b75,765236,7f2a54
37059,891262,7d5130,8b274b
37061,240bcf,387e49,621e7e
37063,4116a6,4b5062,551791
37065,1109e4,39685d,511c90
37067,68187d,773b4c,731f6b
37069,0c09e9,23904a,59277d
37071,533378,6f533c,901f4f
37073,150cdd,257069,4d1e92
37075,68068f,851e5a,7e1a66
37077,1410d9,36794e,5f1b81
37079,0503f5,20904d,60227b
37081,661c7c,753b4d,682273
37083,120fdd,347752,521d8e
37085,3809bc,546940,762067
37087,4205b7,643e5c,58287e
37089,832357,923c2f,832852
37091,1408e2,2b557e,491c99
37093,151bcd,2d567a,442396
37095,3309c1,336a61,522586
37097,5d2879,6e5e32,7e2856
37099,5f0797,7a2360,5e217e
37101,3f0bb4,547237,7c275a
37103,1409e0,1b865c,5f1d82
37105,330ebd,4a6b48,732465
37107,1507e1,3e823e,721b71
37109,6e236c,753c4c,7d235c
37111,601687,754a3e,742465
37113,720685,802d50,6c2968
37115,8e046c,7d2958,631b7f
37117,0802f3,267761,5e1f81
37119,58386e,852f49,6f226c
37121,c20536,b91d28,a01f3e
37123,6e1779,654a4f,62207b
37125,661a7e,6f444b,772a5c
37127,1408e1,3d7b46,7b265c
37129,483c7a,5e5749,772463
37131,0b08eb,1b6083,3b1da6
37133,150bde,477344,7c2e54
37135,4f1699,543574,461d9a
37137,4f109f,366a5e,622972
37139,3d14ac,307856,5b267d
37141,243b9f,2d7a57,632377
37143,2012cc,278255,5d2977
37145,200cd1,3d754c,6f236b
37147,100ae4,406756,6a2172
37149,681184,754445,742663
37151,880c6a,854435,872d49
37153,2423b7,3a6e56,472196
37155,1c1dc5,3c556d,411ba2
37157,3c13af,556247,672671
37159,5c336e,77483f,7f2a55
37161,5e1e82,754345,7a2162
37163,770f78,69484c,6d1977
37165,202db1,49555f,51208c
37167,801d60,83413a,81215b
37169,6a058f,735239,7a2162
37171,600d90,823744,762266
37173,690590,742a60,60217c
37175,760d7b,774641,742663
37177,4c0aa7,395273,541c8d
37179,2431a8,625843,832455
37181,1e15ca,327556,5e1c83
37183,3211bb,6d414f,6a266d
37185,1112da,256c6c,3f18a6
37187,2906cf,366365,561b8c
37189,840574,8e1d52,68276d
37191,3211ba,497045,85195f
37193,910666,99273d,862355
37195,180adb,407c41,711d70
37197,9c0959,9a3e25,8f214c
37199,630398,732368,6e1976
38001,82116b,92105b,654e49
38003,820c6f,8f0d62,6b3d53
38005,710b82,770b7c,543b6d
38007,80126b,9d1b45,68652e
38009,97085e,990d58,6f404e
38011,7f1768,8f1856,5f5a43
38013,811468,900f5e,5c544c
38015,97095d,a30c4e,813546
38017,850574,8e0a65,792d56
38019,720586,81116c,7c3a46
38021,8b0f63,9e0c53,7e334c
38023,7a156e,800c71,514763
38025,820b71,8f145b,5e4d50
38027,771473,820972,5d445a
38029,a10656,a5193e,6d513e
38031,720884,850e6a,69494a
38033,8f056a,9c184a,73503a
38035,750781,841268,703459
38037,aa084b,b71136,755136
38039,700d80,7f0c73,702f5d
38041,a40951,a31249,764540
38043,a20953,9d1947,6e4845
38045,890f65,930d5d,753e49
38047,b60840,b3113a,784241
38049,8f0c62,8a1163,634258
38051,ca052f,d20c1f,8c3837
38053,721378,980f57,6d4f40
38055,7f1569,8c0a67,663f56
38057,bf0737,b00e3f,734643
38059,8f0a64,8c0f63,6f3d4f
38061,6b1d75,71107d,4e426b
38063,781175,7b0c77,633861
38065,ac0b46,a11646,68543f
38067,770483,8e125d,763d49
38069,960563,911359,733a4f
38071,840970,8b0b68,693f54
38073,810874,920b60,603666
38075,760d7a,770b7b,644158
38077,7c077b,8a0e65,763452
38079,680b8b,5e0d92,3f2e8d
38081,740b7e,7c0d75,5c346c
38083,c90530,bf0b33,7f413b
38085,910765,730d7d,443f77
38087,800e6f,8d1758,6b4d45
38089,990560,951158,6b4a47
38091,720d7e,770b7c,5d316f
38093,860a6d,8f0d62,664154
38095,7e0679,7f0e71,573a6c
38097,840f6a,920d5e,71315b
38099,5f0797,7f106e,6d3b53
38101,7c0e74,870d69,76394d
38103,98065f,981055,664a4d
38105,622477,830f6b,5e514d
39001,8a0074,832258,6f2f5e
39003,90016d,991c49,882b4a
39005,90016d,9f154a,783c49
39007,8a0371,761374,4e3f6f
39009,8a0073,791272,473284
39011,8a0073,911756,833c3e
39013,5b049f,51119c,412e8d
39015,6e0090,703756,633d5d
39017,760186,7c3151,7b354d
39019,950168,851f59,564660
39021,950069,892055,6d3e51
39023,83007a,6f1f70,60326b
39025,81017c,7a3d46,7f3845
39027,9c0061,902a44,78384c
39029,82017a,751672,504369
39031,840178,88175e,594061
39033,880075,901c51,69464d
39035,6f0986,5a1b89,4a2c86
39037,80017d,89195c,734049
39039,91006d,861067,6a3e54
39041,a40059,932942,7e3f40
39043,850178,7b176c,583e67
39045,7f007e,842455,793d47
39047,93006a,843049,7c364b
39049,880274,842159,6a2d65
39051,b40049,a31545,71414b
39053,9f005e,941d4c,6b2f63
39055,a30357,832357,724248
39057,80017d,732763,763156
39059,870175,7e1c63,594064
39061,850177,80205e,79265d
39063,a1005d,9b1b47,86373f
39065,92016b,892352,703754
39067,8b0271,741277,4a367c
39069,92006b,a1124b,763c4b
39071,8b0073,842c4d,753751
39073,73008a,751d6c,5a445e
39075,7f007e,951554,8f3637
39077,970066,88195d,624652
39079,870076,88195d,6b2f63
39081,5e039d,551890,462d89
39083,940069,8c1a58,6a3d55
39085,890372,6e236c,62405a
39087,740188,771e71,5e2a74
39089,8b0072,7c225f,713a4f
39091,9b0062,8f1c53,7f3c42
39093,7e037d,651a7e,4f416d
39095,770384,631882,4f2f7d
39097,950069,912844,7c3948
39099,5e039d,58198d,3f3b83
39101,8d0070,871d5a,6b3b56
39103,a30258,852257,65484f
39105,9a0063,8f1758,613468
39107,770086,71137a,774343
39109,8f006e,811964,753e4a
39111,650099,6b167c,3d328e
39113,6e028d,682076,662e69
39115,a80056,921556,673a5b
39117,9e005f,8d2b45,67484d
39119,8d0070,7a1b69,684055
39121,950168,871e61,603d5f
39123,780085,781b6a,573e68
39125,950068,871e61,614358
39127,84007a,721972,58475d
39129,7b0083,872f47,753a4d
39131,5d00a0,662c6c,5b3171
39133,7c0280,692372,4b466c
39135,8d0070,862a4e,713e4e
39137,7d0080,971d4a,8c363b
39139,830279,881e59,693c58
39141,840079,812e4e,653462
39143,980065,871463,633e5b
39145,7a0083,78196d,5a346f
39147,960067,851663,5f435a
39149,6f008e,79196c,704a43
39151,830279,7a1d66,5a3d66
39153,6c048d,641f7a,513a71
39155,650495,651c7c,3d3f81
39157,70018c,6e157a,5b3c66
39159,a60058,9f223c,863b3b
39161,90006d,931952,813744
39163,880076,851860,5d316d
39165,90006e,7c4042,873541
39167,93006b,941356,6e315e
39169,92006b,941257,6f3954
39171,a50059,981254,6f4746
39173,92016b,89195c,623763
39175,970067,931951,6b474a
40001,70008e,872e50,732366
40003,990065,b11439,833c3e
40005,3f00bf,456356,4d3d73
40007,780086,af1c33,983233
40009,3900c5,6d3957,5e3e60
40011,850079,992440,6f3f4e
40013,2600d8,544663,414676
40015,5100ad,6f2b63,51406b
40017,660098,7d354c,814537
40019,2f00cf,5b3c67,524863
40021,64009a,78384d,533772
40023,2d00d1,42526a,413388
40025,6b0093,894035,97273e
40027,5b00a3,7b2e55,70404d
40029,2d00d1,4b466c,413883
40031,4200bc,654058,703557
40033,3800c6,534a61,4b466c
40035,660098,713458,563571
40037,690095,6e3e52,653c5c
40039,5b00a3,8f1c52,743b4d
40041,6c0092,783551,633763
40043,6b0093,883045,723e4d
40045,83007b,9f2a35,764541
40047,8e0070,9e213f,833743
40049,3200cc,5d425f,554067
40051,4200bc,61306d,644158
40053,890075,9d1c44,6d4848
40055,3000ce,593c68,583a6a
40057,1a00e4,4c2f82,4e337b
40059,7c0082,a02638,823e3c
40061,4d00b1,5e3f61,432d8d
40063,3b00c3,553474,453582
40065,2400da,4d3d74,693c58
40067,2400da,3f3985,384085
40069,2a00d4,524c5f,453d7b
40071,770087,962147,654e4a
40073,890075,a42138,8a3d36
40075,4300bb,6e2b65,54396f
40077,4300bb,534467,3f3688
40079,4a00b4,534d5d,582d77
40081,70008e,783d48,6d4050
40083,7a0084,7b344e,703b52
40085,1a00e4,485264,3f4776
40087,3500c9,5e4b54,67464f
40089,2600d8,525557,4e3f70
40091,4700b7,554662,472f87
40093,aa0054,b91a2b,923a31
40095,2800d6,5b4a59,444474
40097,670097,71404c,5b366c
40099,3400ca,573d6a,464276
40101,5200ac,613369,50317c
40103,770087,961f48,774540
40105,70008e,773d4a,563b6b
40107,5300ab,603865,573075
40109,660098,7e2e52,7c374a
40111,4b00b3,583372,4b3180
40113,5a00a4,763354,564165
40115,5f009f,71206d,4f3479
40117,7d0081,823447,613c5f
40119,70008e,892352,6b4051
40121,3b00c3,494470,4c3e73
40123,3a00c4,613864,554068
40125,5100ad,643861,674155
40127,3500c9,535753,443484
40129,3000ce,733f4b,683b5a
40131,670097,714c41,71404b
40133,4b00b3,613865,513a73
40135,5100ad,5e4858,5c2e72
40137,3800c6,623f5d,58465f
40139,61009d,a22933,943336
40141,3400ca,5b475c,543f6a
40143,860078,91323a,7d354b
40145,70008e,6a4b48,6b3f53
40147,850079,9f2639,7a3d47
40149,4500b9,7e2956,5b465c
40151,7f007f,a21843,763e48
40153,850079,a31c3e,77483d
41001,770680,861364,604a51
41003,a8084d,9c0a57,4d3678
41005,7a0b78,810e6f,584163
41007,720e7d,740d7c,474174
41009,5e0d93,61108b,444a6d
41011,7a0c78,641584,4f4467
41013,720388,7a1271,5e4657
41015,960c5b,7d1768,574c58
41017,7b077c,7f106e,5a475b
41019,8f0867,832159,69444e
41021,860375,8c0e63,5c455b
41023,790580,931554,5f5348
41025,7b057d,90115c,664d49
41027,86096f,7c0f72,4f4865
41029,960662,8f115d,5e3d60
41031,810974,8c0f61,544b5d
41033,940861,921f4b,624053
41035,790580,8f1a54,713f4b
41037,7a077c,9c174a,784144
41039,8c0869,7d126d,463a7c
41041,770b7b,770f77,434871
41043,800975,841169,5c4a56
41045,8d056c,a61b3d,803f3c
41047,920765,8b0c66,613c5f
41049,760583,8a0d67,574f56
41051,740b7e,6f0b82,3d318d
41053,89076d,8d0b64,64395f
41055,870373,970d59,604a52
41057,77087e,720d7e,4a426f
41059,7c037f,8b0e63,5c4858
41061,650890,7c1170,5c4857
41063,720686,8e125d,664b4b
41065,830575,750f78,4b456c
41067,87086f,910a61,573f66
41069,7d047c,940961,69434f
41071,8d076a,8d0e61,5e435a
42001,960266,981550,753652
42003,6c068b,5e1c82,4b2a86
42005,880373,761274,523774
42007,6f0985,57188d,42318a
42009,9b0063,a11448,7c324f
42011,6f0986,761274,663d59
42013,9a0361,971353,7a2f54
42015,b70244,a1104d,733d4d
42017,9f055a,7c1b66,613764
42019,a0045a,79176d,623e5d
42021,640496,6b0e84,4f2a83
42023,a50158,960d5b,6f404e
42025,7e057a,750b7d,553d6a
42027,9c0062,8d0c63,652e69
42029,a70354,911754,6f3459
42031,93006b,8e115e,693a5a
42033,7f057a,7e136c,5f3965
42035,860078,7b0b76,5a356d
42037,7f007f,8b145d,683d58
42039,9a0064,871066,67365e
42041,9a0262,9c1749,822b50
42043,9e025d,96174f,75295f
42045,9b045f,801766,68296a
42047,7c0082,70117d,5a475c
42049,880571,6e0c83,552e7a
42051,5c049e,511993,3c3090
42053,9e055a,971056,5f3569
42055,9d025f,8a2152,88284e
42057,81027b,8d254b,812c50
42059,5c039e,5a1391,3a358e
42061,ac0052,9d124e,753553
42063,980066,82126a,533674
42065,9c045d,8d115f,683f56
42067,91016b,951256,78374e
42069,690293,620793,592a78
42071,ac034f,a41346,8c2a46
42073,860672,6c157c,4c3180
42075,9d025f,a31347,7f3549
42077,880471,7e0a75,5e3767
42079,860374,650c8c,622a71
42081,910468,8b1062,79364e
42083,aa044f,980a5b,6c3e52
42085,860672,780f76,523477
42087,890273,8d0e62,6d3a55
42089,870077,871263,623e5b
42091,a90351,8a0f64,642b6d
42093,92006b,8c125f,763452
42095,700589,680a8a,5a346e
42097,940267,880e69,6b375b
42099,ac0052,9c1c45,823743
42101,7a077c,4c139d,351aad
42103,b3004b,a31347,723852
42105,ad0051,a1124a,7c3d44
42107,990361,7b0e74,68365f
42109,c60038,b61235,8c363b
42111,9a0360,900f5e,6b3161
42113,9c0260,90115b,6d3b54
42115,ac034e,9e104f,703c51
42117,c4003a,ab1340,783a4b
42119,c30337,b1103c,842e4b
42121,ad064a,8f0e60,653761
42123,a60651,8d0a65,5b4260
42125,5b069d,541b8f,42308b
42127,c4003a,a91044,7c3849
42129,630793,59188c,4e3d73
42131,b40545,a3104a,783b4a
42133,780a7b,8d165b,723457
44001,680194,600697,543474
44003,82017a,5e0a95,4e406f
44005,880175,600994,4f3c71
44007,61029a,470aac,45387e
44009,8e026e,6e0c83,4e3f6e
45001,05bc3c,348b3e,651f79
45003,05dd1b,72523a,8c2150
45005,00f20c,4b3e74,4d0f9f
45007,0654a3,3e8739,832555
45009,00ee10,465662,541098
45011,00f00e,4f6549,7d1768
45013,1ead33,5c2e73,78285d
45015,07cc2a,49585d,81215a
45017,00f40a,495064,6a187a
45019,0ac330,6e3c53,7a1a67
45021,0b9c57,458930,78265f
45023,06c137,555256,552187
45025,00a15d,406d50,5f1d81
45027,00ed11,474374,60118c
45029,00e915,585353,661c7a
45031,09b243,5a5f45,701772
45033,008c72,5b5152,611686
45035,07eb0c,4f535b,882153
45037,00fe00,6d414f,731476
45039,0bcb27,453980,4f1499
45041,09ba3b,5c4f53,811665
45043,09c82c,534368,6b1c75
45045,159f49,864037,911e4d
45047,05d425,556841,7a1c66
45049,00f20c,514666,531396
45051,07d720,447544,742a5e
45053,08cd28,335872,4c1898
45055,06d127,625f3d,7d1f61
45057,00a856,60603e,6a2371
45059,06c631,655a3f,7b1f62
45061,06dc1b,386264,581391
45063,05c732,7b5a29,9a1f43
45065,00f40a,355771,4b189a
45067,00cc32,5d3769,59148f
45069,07ba3d,4f545a,4b1a98
45071,00e21c,6b583a,7b1c65
45073,119656,478136,812a52
45075,0bd61d,3d556b,591291
45077,15b039,835426,932347
45079,12a943,81225a,681280
45081,00e618,4d713f,792262
45083,0d628e,625e3e,841f59
45085,0bc72c,554a5f,781371
45087,009f5f,4d763a,6e206e
45089,00ee10,473e80,5e0f90
45091,0b8d65,5f5946,7c255c
46003,72018a,770e81,584065
46005,730289,6c078a,5d326d
46007,61039a,89165e,762f57
46009,840278,8c0b67,5b3f61
46011,92016b,930665,633762
46013,6e038c,750980,5e356a
46015,620398,700d81,564165
46017,7a0182,780c79,462590
46019,9a045f,a10f4e,734743
46021,c70235,ca0c28,8b3d35
46023,5c029f,720b81,613765
46025,81027b,85096f,565155
46027,820379,820774,4e3777
46029,72018a,76087f,5b4c56
46031,7e017e,8c0a68,62415a
46033,90016c,8d1759,6b4051
46035,6b0291,7f0876,613566
46037,6d048d,6f0985,4f426c
46039,7f037c,870e70,51505c
46041,890273,861166,5d316f
46043,a2005b,b40842,90313b
46045,890173,850f6a,6a2e64
46047,980164,97174f,683560
46049,830278,7e1967,753156
46051,7b0280,840c6e,623f5c
46053,7b0380,8a1361,644355
46055,930565,9b164d,a62f28
46057,890371,8f0b64,69484c
46059,80007d,8b1360,713e4e
46061,770284,7f0a75,5c3c64
46063,810775,a0124b,954128
46065,9c0161,9c1051,872450
46067,b2024a,b00846,7a384a
46069,970166,891560,753850
46071,8f046a,901d50,88284c
46073,8b0370,8d0769,5a3c68
46075,8c036f,8e165a,943236
46077,9f035b,940960,5a3c66
46079,91026b,88086d,563b6c
46081,9f025d,990c58,634653
46083,970364,980a5b,6c335e
46085,840178,931259,733553
46087,970165,830c6e,643463
46089,c2023a,cc0c25,892e45
46091,710588,770b7b,592f75
46093,8a0271,8f145b,774244
46095,7d037d,8e125e,7e2a53
46097,750287,6f0985,573570
46099,890372,87076f,642d6b
46101,7f037b,7c0b77,493a78
46103,8e026e,871066,7a384b
46105,8c066c,990b59,6f4548
46107,7e027e,93115a,813546
46109,630793,6c1081,583b6a
46111,7a0381,7e0976,5e3b64
46113,70018c,4b08aa,2215c3
46115,740287,6b098a,5e346b
46117,960167,831664,832b4d
46119,940268,991550,8e2a44
46121,6e038d,620d8e,47268f
46123,7b0380,94105a,6e404f
46125,a80253,ac0a47,713359
46127,7d017f,7e0c73,59366e
46129,81027a,990c58,7e3748
46135,7d027e,8f0d62,5d445c
46137,780382,861068,722861
47001,730b7f,773254,691c78
47003,2d438d,387c49,552285
47005,530ba0,4e7838,4317a2
47007,7d057b,763a4d,701677
47009,a40653,91323b,7c1e63
47011,910864,7f4c32,8d1b54
47013,8c066c,852d4b,601885
47015,4213a8,417a43,481d98
47017,6d1d74,6a5d36,68187c
47019,b40742,a43425,8e1956
47021,0f0de1,2ba132,5b257d
47023,641980,537832,811369
47025,880670,982640,6d1779
47027,5e0699,6b3b58,541197
47029,c50533,b9261f,871c59
47031,2a4490,4c6d45,5a247f
47033,3a3c88,34a227,67187e
47035,88086e,843e3c,722367
47037,38388d,525953,5f1985
47039,6d0d84,5d663a,5b1390
47041,650e8b,646337,4117a6
47043,271abd,30824c,501f8e
47045,2f29a6,438b30,711874
47047,09d520,227666,6d137c
47049,99085d,933a30,691a78
47051,2134a8,2f8945,51218b
47053,3027a7,447842,631584
47055,2519c0,2b884b,492292
47057,b60740,ab242e,7f1766
47059,8d076a,943337,79235f
47061,2a0dc6,2c755d,3a15ae
47063,891164,933437,7f1965
47065,58178f,586046,761f67
47067,c50633,b91d27,840f68
47069,186a7c,33804b,5c118e
47071,8a1162,745c2e,731574
47073,9f0758,9a2c37,791c67
47075,116f7d,347d4d,640d8c
47077,9f0e50,844d2d,851662
47079,2416c4,3c655c,4d218f
47081,2a17bd,2c8f42,451e9b
47083,2310cb,208459,3718ad
47085,283f97,327a51,4419a1
47087,3e11af,3f5569,2a13c0
47089,bd0839,ab252e,7f1c61
47091,d30525,c9181d,911a51
47093,890e67,853345,771c6a
47095,1e538d,2b854e,4b10a0
47097,1343a8,28864f,5d118e
47099,6b0b88,696035,67197d
47101,3b10b2,2d646d,4a1a99
47103,162fb9,299441,5e217d
47105,930d5e,8b4033,791e66
47107,930764,86383f,761c6a
47109,7a1074,696530,6c147c
47111,ad064a,944624,661383
47113,2f4985,4a7142,79156f
47115,630991,4e6e42,521e8d
47117,1e2ab5,328d3f,4f218d
47119,285383,358e3b,5c237c
47121,77087e,6f434b,63217a
47123,830278,882353,7b136e
47125,241fbb,396361,691e76
47127,1f3fa0,28993d,4e2688
47129,81017b,794540,5f1b83
47131,231ac0,427f3d,5f1d80
47133,500da1,4f4a64,3f11ac
47135,420dae,41625b,3d1ba5
47137,960364,972245,750d7b
47139,820478,722f5c,57178e
47141,56198f,5b4c57,5e1d80
47143,7f0a74,675f37,771c69
47145,8e0a65,744b3e,691d77
47147,1821c4,397c49,551f89
47149,232dae,3f754a,662572
47151,aa0351,942d3d,77196c
47153,4e08a8,4c733e,621d7d
47155,d60423,be241b,8c2150
47157,38685d,505459,6a0e85
47159,451a9f,3f6b54,3511b7
47161,230ccf,2c6a68,3d1ca3
47163,750880,813f3e,801e5d
47165,281abb,457543,691f75
47167,0b4ca7,2a953e,7d1769
47169,1517d2,28676e,3617b0
47171,ab084b,a62a2d,841c5d
47173,bd043c,aa272d,6c1b76
47175,4d0ba5,4a7340,4417a2
47177,2e27a9,3d7e43,4c1d94
47179,9b0a58,903737,821c5d
47181,ae0749,954a1f,8f145a
47183,4516a3,4d7b36,671d7a
47185,3c1fa3,4c5d54,4c1d93
47187,244297,497f36,8b1f52
47189,2e26aa,3d7f41,662076
48001,3a259f,4c565c,623e5d
48003,1a0ad9,625c40,883441
48005,2826b0,4a6152,5e3c64
48007,570b9b,652772,6a3f54
48009,1a08db,442c8d,644752
48011,1e0ad6,753751,8b2e44
48013,410cb0,5a267e,643563
48015,701f6f,733f4c,813349
48017,2912c3,753851,8d2849
48019,801a64,773b4b,804932
48021,2215c6,483085,57396e
48023,0f08e7,4d347d,493f76
48025,560e9a,5b1b88,652672
48027,1d0dd3,442a8f,733356
48029,640f8a,641683,672c69
48031,500ba3,6b276c,704449
48033,130dde,4d4a67,7c3a47
48035,2b0dc6,592f76,5a4e55
48037,1c35ad,4d5d54,623763
48039,412c91,5a4360,6c434e
48041,46189f,6f2767,7b354c
48043,3b10b2,602974,58376c
48045,1a0ada,5a3074,5f2b72
48047,2b07cc,3410ba,2715c1
48049,2a0dc7,582f76,6b3d56
48051,190ed6,453683,593470
48053,1f09d6,5d2978,644355
48055,2b0ec4,45298f,543673
48057,551791,4f327c,633b5f
48059,1d0cd4,4b3c76,664651
48061,640891,651187,56287f
48063,1e419e,305e6f,4e347c
48065,3c05bd,733655,893044
48067,1d3ba6,426457,572f77
48069,2304d6,5c376a,722a61
48071,373790,4b5d56,674056
48073,3d1ea3,446456,693b5a
48075,180adb,603965,702d60
48077,200bd2,4b357e,524863
48079,1914d0,554663,822c4f
48081,1008e5,552d7b,653e5b
48083,280ec8,5d4759,5a4361
48085,2814c2,653c5c,775530
48087,180dd9,5d3e62,6f2a65
48089,484b6a,6b365c,743256
48091,910964,8a1b58,813b40
48093,1d0dd4,582b7a,503e6f
48095,2003da,5e2d73,554364
48097,3c1da4,7a2d57,675a3c
48099,1c09d9,493382,6d464a
48101,1105e7,353594,3c3a86
48103,130ae0,496a4a,7e3847
48105,3b08bb,5f346b,603965
48107,1414d5,4d248d,6d226e
48109,1f13cb,622f6c,4b337f
48111,3405c5,7d364a,8b3141
48113,601e80,812656,624159
48115,1f0bd3,763255,8d1b56
48117,4107b6,852553,8f234b
48119,1315d5,32408c,4b456d
48121,3820a6,6f2a64,6a563d
48123,700f7e,7d265a,7a3350
48125,110ddf,473186,523675
48127,4a0da6,591b89,3115b8
48129,240bce,7f2955,832654
48131,0800f6,151e05,2310ca
48133,2d0ec3,622873,633b5f
48135,330ac0,6d5a37,802f4e
48137,570b9b,a3203b,843149
48139,231bc0,503b72,674e48
48141,4106b6,71137a,59257f
48143,260eca,5c277a,5d4a56
48145,2011cc,3c3d85,503479
48147,130ddd,383b8b,424d6e
48149,531595,694450,6d3c54
48151,1008e6,3b1ca6,3d328e
48153,210cd0,673b5c,8e2050
48155,1a0ada,382b9a,42308b
48157,472691,653663,763056
48159,1818ce,3d4080,504766
48161,2427b2,3b4280,5c3f61
48163,4112aa,53208b,4b268c
48165,1d11d0,654a4e,8a2d46
48167,4113a9,4e327e,58386d
48169,2810c5,5e3a65,842e4b
48171,cc052c,b61a2d,8f3d30
48173,3f13ac,60623c,a8292c
48175,6e206f,741971,6f2e60
48177,2f16b9,553970,722e5c
48179,4712a5,8d3938,962c3b
48181,2711c6,583373,515853
48183,3b487b,66593f,7d334e
48185,314785,4d466a,62316a
48187,810e6e,792262,773d48
48189,300ebf,743951,972144
48191,1208e3,563176,5d2779
48193,340ebc,712864,604856
48195,2e06ca,9e322d,b02a24
48197,1d0cd5,573572,502f7d
48199,1033bb,397253,593e66
48201,592b79,6d2e62,6e2e61
48203,2b6172,43615a,62316b
48205,2503d6,833a41,992b39
48207,0f07e8,383095,4c3280
48209,2f10bf,521a92,5d3a65
48211,2b0ac9,89274e,942247
48213,1f0bd4,4a5064,57465f
48215,630497,63118a,4e1c94
48217,1f11ce,42407c,5a4360
48219,180fd7,5d3c64,8a294a
48221,1c0ad7,453088,5f504e
48223,1a10d4,494b6a,514b61
48225,2b2da5,385471,613567
48227,1c0fd2,5c435e,782e57
48229,1906df,662f68,5f346a
48231,2b1cb7,5b445e,644c4d
48233,3a04c0,78493c,8d2e42
48235,2406d4,6d2f61,56584e
48237,2511c8,5e326e,4f4f5f
48239,3f12ad,554465,793055
48241,1c2fb3,416756,513577
48243,2f0bc4,62217a,68365d
48245,2b28ab,554762,4f2e81
48247,1609de,2408d1,390cb7
48249,4305b5,47179f,431c9e
48251,2216c6,59376d,5c4f52
48253,1a08db,552f79,593d67
48255,320fbc,4f2886,6b2b66
48257,2721b5,4c4a68,584f56
48259,ac0a48,a12537,903d2f
48261,610f8d,69098b,651a7f
48263,0f0ae4,394b79,494471
48265,780e77,8d2948,883b39
48267,3d13ad,773156,7c3749
48269,0604f4,32507c,6a4b48
48271,4d0da4,541c8d,693163
48273,3d08b8,561593,5e237b
48275,1307e3,452692,493d77
48277,1f1fc0,4f436c,5a4063
48279,1e0cd4,683a5b,8c2151
48281,260acd,542980,6d464a
48283,2510c8,4c1a98,4017a7
48285,4110ac,514567,6e3758
48287,370eb9,5b356d,6a365d
48289,1b29b9,36487f,66395e
48291,2f408f,485a5c,603b61
48293,261fb9,423e7d,553673
48295,5606a2,b21e2e,932f3b
48297,4d1799,663464,743356
48299,2606d2,612973,6a3e54
48301,4d0aa6,487d38,527735
48303,2f15ba,822e4e,962344
48305,160cdb,583075,811e5e
48307,2508d0,5a2281,504865
48309,270dca,572d7a,67385e
48311,3310bb,643a5f,9d332c
48313,1e2cb4,41526b,653365
48315,2f2aa5,385570,4a3480
48317,120ddf,456d4b,7e2d52
48319,5d049d,841c5e,723554
48321,4e327d,5d356c,673a5c
48323,4507b2,4e109f,451a9d
48325,6c0b87,632378,743356
48327,480ca9,801e5f,46496e
48329,5e1987,8c3e34,943038
48331,2616c1,403c82,523378
48333,240ecc,622d6e,594360
48335,1707df,4c2a87,5c316f
48337,220fcd,552c7d,4e4e61
48339,294c89,535d4d,823e3c
48341,2703d4,794045,912d3f
48343,1728be,42526a,40348a
48345,150edb,5f435b,8a244f
48347,2e1cb3,535259,743851
48349,2e18b7,453781,544168
48351,143cae,276c6a,382f96
48353,2206d5,543277,553e6a
48355,410bb2,501b93,5d2b75
48357,3e06ba,b32823,ad2927
48359,370abc,674a4c,962d3a
48361,2420b9,466a4d,4c3978
48363,3110bc,5a2b79,4e525d
48365,17499e,447149,5e346b
48367,320dbf,543575,5f5449
48369,3208c3,7e3c44,992f35
48371,2c07ca,603965,673264
48373,233b9f,385f66,60336a
48375,4908ac,7d334d,7c2a57
48377,2e07c8,4d159c,3527a0
48379,1d19c7,484076,534c5e
48381,420ab2,9c2a37,9d2739
48383,310ac3,684254,843444
48385,4005b8,693164,7a3c47
48387,1429c0,414d70,4e3779
48389,2c0dc5,5f3569,45298f
48391,3808bd,562583,643068
48393,2e0fc1,9a382c,a12834
48395,152cbc,333298,4d2b85
48397,1726c0,4f4b64,7b542e
48399,2509d0,712c60,614b52
48401,2c3c95,4b6052,743752
48403,122cbf,2f606f,51307c
48405,1b36ac,347554,562e79
48407,2234a7,2a4c88,5a3c67
48409,400eb0,4c268c,642a6e
48411,1407e2,3f3787,575056
48413,2a11c3,6a2f65,5d4957
48415,1607e1,5b386a,6f4c43
48417,2e09c6,5e2e71,674650
48419,132ac0,29785c,5e2b74
48421,2a06ce,844436,9e2f30
48423,472591,64504a,773a4b
48425,2714c3,58396c,56594d
48427,1401e8,4100ba,2109d3
48429,3210bc,6b2b67,6a484b
48431,1006e8,732466,814933
48433,0f07e7,303c91,36487f
48435,3517b1,732962,6d3d53
48437,2608d0,542c7e,552e7a
48439,481e98,6d276a,634654
48441,280dc9,792a5a,7e3945
48443,4b0fa4,6a3f55,473383
48445,160fd8,70315d,852354
48447,0e07e9,4c1e94,613964
48449,1f1cc3,455366,573e68
48451,320ebd,7e2858,68474f
48453,380fb7,6a1a7a,513378
48455,1d32af,3a5b69,553078
48457,1d4e93,4b6251,513478
48459,2c27aa,386a5b,5e3c63
48461,260ec9,6a494a,832d47
48463,560c9b,78295d,6c2967
48465,5608a0,55198f,5f306e
48467,211dbf,494e68,5a5152
48469,4f1599,6d2868,80324a
48471,38378f,553f69,6a3959
48473,453a7e,473b7c,562f78
48475,270bcb,5c524f,663661
48477,810d70,931e4c,88284d
48479,2c04cd,2d06cb,4f1994
48481,491c99,60306e,6d345c
48483,2608d0,753850,862156
48485,2e0bc4,5b2e75,623e5d
48487,2314c6,5d3f61,5d455b
48489,590e96,572087,441e9b
48491,270acc,492a8b,6d4050
48493,3209c3,50208d,633762
48495,260ccc,635842,6e3658
48497,1e11ce,563078,555454
48499,292baa,535259,614854
48501,1d09d7,744a3f,932f3a
48503,210dcf,582f76,604c51
48505,640099,340abf,4319a1
48507,4f109f,4f1896,250fc9
49001,770186,811468,7d2750
49003,81007d,a71343,7e4923
49005,80007d,af0f3f,844229
49007,4907ae,5c0999,3a3981
49009,6a0192,852454,634346
49011,6e018f,9a144f,7a4b2e
49013,70018d,9b154d,6e442b
49015,6d0190,81116c,5c404c
49017,960068,b11735,9e2d27
49019,80027b,9b174c,534b58
49021,950168,a91a3a,982e29
49023,7a0183,890d67,6c3648
49025,c60038,b62721,913e22
49027,8a0173,a80f46,853827
49029,760187,981352,74492d
49031,930269,a41742,913139
49033,840079,b30d3e,98362c
49035,720389,890c68,5d4950
49037,90016c,981c4a,752160
49039,840178,9e0e51,724231
49041,950068,ab143e,80442a
49043,80027b,9f0a55,545351
49045,6a0292,691283,5b4a51
49047,7a0183,a7183f,72492d
49049,72028a,961255,903921
49051,7c0082,9b085a,6b483d
49053,8f006f,a42831,863627
49055,70018d,a0104d,923431
49057,5e019e,861265,644c42
50001,b40446,9b085a,4b3879
50003,9e055a,85086e,523872
50005,af024d,960760,594360
50007,7a047f,730781,453780
50009,8a0173,7f0777,58475c
50011,770285,710883,4a456c
50013,760286,7b0b77,4c436c
50015,bb0141,ad0848,494370
50017,c40337,a8084c,503e6d
50019,a0015d,910962,4f4568
50021,9a0261,820872,593a69
50023,98065f,86076f,513674
50025,b30545,8a076b,452f87
50027,b40346,8f0666,4e3579
51001,591c89,596044,6e2c60
51003,661d7a,883244,6f1e6f
51005,5e0b95,6e4d42,67296b
51007,593a6a,565353,7c225c
51009,2f3699,655d3a,801d5f
51011,2425b4,6e5f2f,802457
51013,881362,751c6c,511893
51015,7c1e64,933a2f,96273c
51017,841465,754742,75265d
51019,4c446d,5b6b33,802753
51021,800a73,80314c,7b245a
51023,841763,803e3f,7b255a
51025,1a687b,38675e,5e128b
51027,630398,601b81,4711a1
51029,472592,515e4e,76166d
51031,3b3989,725827,8d204d
51033,4d238e,423e7c,601f7c
51035,a70551,a31f3b,842058
51036,552484,2916bd,3d15aa
51037,2b3f93,3e813e,721f68
51041,4c258c,8e4a25,8d2a46
51043,54406a,6c474a,6d2b63
51045,650792,753354,6f216b
51047,661f78,794243,7f2753
51049,443584,583f66,7b1c60
51051,6c0191,751573,501497
51053,2c2fa3,466c4b,6c236b
51057,562780,5d3769,7b1867
51059,841663,7c2061,70236a
51061,691a7b,6f3c52,802a51
51063,b9063f,a42633,7b2061
51065,5f1985,6c4e43,7a255c
51067,632179,5d623e,6d246b
51069,611983,7e4937,892b48
51071,760b7d,6e3753,65266f
51073,56188f,5e5946,7b324d
51075,412498,593d66,822158
51077,8e066a,892a4a,7c1f60
51079,950b5d,8c4729,85244f
51081,354a7e,2a656e,55178f
51083,228557,49763d,75196b
51085,612479,7f4e30,972a3b
51087,6b1c77,9f3728,852256
51089,493184,427145,69256c
51091,871462,932743,7c2659
51093,460daa,3b6959,782262
51095,652871,5a435f,7a255b
51097,4f2688,454b6c,691c77
51099,6f3757,604954,7b2b56
51101,5b267d,6d4050,7e2458
51103,632179,723d4f,832253
51105,81037a,78166f,5b1a87
51107,701579,753653,762d58
51109,691f75,614952,6a2a68
51111,2532a7,4b674a,731a6c
51113,8e155b,7c4f31,7c225a
51115,791471,78463f,7a314e
51117,2a23b0,496c47,7d1a63
51119,4e2b84,655147,792956
51121,971452,9c253b,6c236c
51125,3618b0,545653,632277
51127,453089,465166,7d2f50
51131,4c2290,5a485a,5e2674
51133,77285f,69464e,7f2259
51135,3f3d82,555850,731a6b
51137,632575,78493d,74285f
51139,8c0d65,89254f,7e235a
51141,593b69,695f35,7c2457
51143,343c8d,417745,851a59
51145,5b2181,455860,892c46
51147,444d6d,654255,72196e
51149,421f9d,536644,822753
51153,5d138e,6c464b,772c59
51155,7c1968,88294d,702566
51157,4c1a98,6f4549,712766
51159,7a2063,7c453c,861e56
51161,881462,96392f,80215b
51163,76196e,903835,6d2a62
51165,9e0d52,a9272d,9a2140
51167,770582,6e2766,56158f
51169,8f036c,882550,761968
51171,a40b4e,a02d30,8e2548
51173,99095c,8a2f44,781f61
51175,2924b1,426457,691b76
51177,571d8a,565255,7d2956
51179,761672,655642,802d4f
51181,2c3b97,384c79,511c8d
51183,334b80,4a4c67,5b1a83
51185,7b097a,632d6a,5f1b80
51187,681284,6e4748,712b5d
51191,850970,823c3f,7a1e61
51193,712864,654454,682171
51195,5c049e,652178,581f83
51197,9e154a,853240,7c2557
51199,4d1899,5e5d42,822b4f
51510,721972,6a2173,501795
51515,000000,70483c,732165
51520,5b0d96,703559,7b1d64
51530,690e86,7d463b,622176
51540,6b1f73,7d2856,501794
51550,4114a8,407246,772660
51570,000000,7c631e,a02734
51580,000000,6e3c54,582380
51590,49476d,665143,7c1569
51595,000000,5e534c,781173
51600,000000,7c285a,712566
51610,000000,741d6c,5a1c87
51620,000000,6b3959,661481
51630,6a286b,6b2c66,681b79
51640,000000,8a2152,761e68
51650,4c1c96,525358,622177
51660,951851,a71a3c,821e5a
51670,49159f,6f4f3b,79265a
51678,000000,8f1559,64197e
51680,59475d,8a323c,7f1961
51683,000000,0,7c2d53
51685,000000,0,753454
51690,4f4a64,5b415f,671c76
51700,4611a6,574a5b,6f226b
51710,681581,56386e,52208a
51720,000000,632b6f,4d1d8f
51730,4f2986,4f317d,3e10ad
51735,000000,0,9d2d32
51740,47189f,40526b,551d8a
51750,7a0c77,8d1f52,6a1f74
51760,691e76,641c7d,4d1698
51770,7e1967,822c4e,611b80
51775,000000,933833,7a2260
51790,7e2957,9c253d,891f4e
51800,5b247e,604e4f,6d1b73
51810,5b1889,6e4a44,7f2c51
51820,761177,9c1d44,862252
51830,643c5d,771966,5c1e7f
51840,7f2659,8e2847,7e225b
53001,840278,9e124e,743850
53003,620a92,6c147e,513e6c
53005,670295,821a61,6e3e4f
53007,7a047f,861364,743255
53009,690c88,6a167d,564560
53011,610c91,6c0e84,583e66
53013,80047a,901459,653e58
53015,5f0995,6b0e84,49446f
53017,6b048e,7b1969,713556
53019,5a089c,6f216d,4d4b60
53021,5f039b,70226b,683c57
53023,7c057c,871760,772a5b
53025,5405a5,7c1b66,6e3854
53027,5b0d96,561097,404575
53029,7d0c75,811567,594a59
53031,6f0a84,67177f,443e79
53033,720f7d,751077,453680
53035,520aa2,5c138e,544463
53037,69098c,7b1072,53396f
53039,740584,741178,4d4866
53041,800777,771373,733e49
53043,790382,971156,6f3855
53045,620e8d,641286,4b4868
53047,680590,731b70,534562
53049,630e8d,600e92,3d407e
53051,640991,68177e,524861
53053,60108e,601588,513e6c
53055,8e0966,970e60,443f78
53057,720d7f,741276,534463
53059,610993,671482,4c4866
53061,5d128e,691480,4e4a64
53063,6a068e,791371,5a3968
53065,660890,772166,624055
53067,740a80,721476,4d3a73
53069,630f8c,611388,455262
53071,840475,970f58,65395d
53073,771176,781372,5f316a
53075,800678,900d60,5d2e6f
53077,820478,881461,712e5c
54001,780085,780d78,552a7f
54003,770086,7f2856,742e5b
54005,4c00b2,49169e,351bad
54007,660098,660e91,432496
54009,5a02a2,511c91,3f338b
54011,6f008e,721b70,632872
54013,6b0093,711676,55297e
54015,70008d,641782,572086
54017,ac0052,a60d4b,7f2b52
54019,4001bd,3d16aa,41209c
54021,5f009f,6f117e,57277f
54023,ce0030,bc1032,a31e3b
54025,64009a,682076,5c2779
54027,5c00a1,702766,722a61
54029,5903a2,532189,423784
54031,5e00a0,701f6f,752068
54033,670096,64108a,512b82
54035,9d0061,89195c,5f2b73
54037,5d00a1,642773,612c70
54039,6e008f,6a1d77,612477
54041,93016a,831467,5d2e71
54043,790084,6c1181,54198f
54045,4f00ae,3b17ab,341cad
54047,4e01ae,361bac,3214b6
54049,5b02a1,581096,402f8e
54051,750286,6c147e,4a387a
54053,92006c,7c156d,562e79
54055,650098,61207c,632377
54057,7c0081,73206b,722c5e
54059,5100ac,4914a0,3c15ac
54061,6d028e,62108b,57287d
54063,860078,7e1768,6c2071
54065,a80056,991f45,7b2a58
54067,660097,641684,4f2886
54069,790382,6e127e,5b2c75
54071,72008b,761473,711973
54073,7f017e,780f77,5e3768
54075,750088,751970,5e2a75
54077,9f015d,8c0d64,6b335f
54079,74008a,731d6e,6f2a63
54081,5701a5,4b1999,572085
54083,5d00a1,681481,57277f
54085,ac0051,a90f45,7e2b55
54087,870076,8e0f61,602b71
54089,5f009f,582086,561d8a
54091,7f017d,771275,543376
54093,72018a,6a177c,58267e
54095,a90054,a2114a,603d60
54097,ae004f,9f0e50,6c3061
54099,5d00a1,5d2080,592282
54101,4900b4,4d11a0,391fa5
54103,6c0091,751673,4c347d
54105,82007c,851167,642a6f
54107,7f007f,831763,6d315f
54109,61009c,561692,4a1a99
55001,740783,721f6d,4e3f70
55003,6a088b,5b0e93,483580
55005,750782,8d1061,524565
55007,661286,680e89,4b3879
55009,7b0280,881362,69375d
55011,780482,8a1361,4a456d
55013,67088e,741772,503f6c
55015,9a0262,90135a,68464e
55017,6f048b,781372,53406a
55019,860a6e,821c5e,55495e
55021,860375,861068,603963
55023,7a0281,891163,4e3a73
55025,600995,610992,4b268b
55027,8f036c,931258,6a4151
55029,a70353,a10f4e,654057
55031,5209a2,4b0ca6,412f8d
55033,750485,83116a,49436f
55035,6e038c,760b7c,563472
55037,6d1080,7b176b,5a455e
55039,980462,8d0f61,713d4e
55041,59079e,662177,513d6f
55043,8c036f,9f0f4f,544662
55045,850375,9b0f53,574362
55047,af034c,a2104c,684b4a
55049,7a0480,891163,523a70
55051,4d0fa1,571493,533673
55053,750485,861661,503d6f
55055,850375,8c1061,653d5a
55057,8e046c,88195c,5d3d60
55059,650a8e,671581,513a70
55061,8f036c,911655,574263
55063,730487,8e125e,5c316f
55065,760286,8c1062,534365
55067,6c0989,7e1868,623e5c
55069,8c066c,821269,524565
55071,700589,700e7f,564562
55073,680690,711478,5d405f
55075,770483,7b156e,60415c
55077,a30358,9b1250,584460
55078,960464,3d0ab6,353097
55079,670c8b,651682,522981
55081,810478,931655,5c3f61
55083,860375,891b5a,5a455d
55085,760681,7b166c,5b4161
55087,940267,971155,6a4053
55089,860573,941258,872f46
55091,7a047f,7f136b,4e3777
55093,730486,7c0b77,474273
55095,69078d,7c0e73,4c436d
55097,640396,5c0d95,523575
55099,6e117e,78186d,4f446a
55101,6e0887,721e6e,5d3a65
55103,8d026e,981154,5d3867
55105,81037a,811269,513a73
55107,6b088b,721f6d,4d426c
55109,670493,760d7a,504666
55111,88066f,881065,603963
55113,7e0679,851762,5c4060
55115,960464,a21645,674056
55117,6d0a87,720a81,693460
55119,6b0f84,70236b,5d465a
55121,6d038d,811369,463d79
55123,6f028c,8c1958,513971
55125,940c5e,941a4f,684055
55127,a50454,9d124e,6c3e51
55129,6a088c,791371,554166
55131,970463,8c175b,734243
55133,8a056f,8c145e,823447
55135,ac034e,ab1340,704349
55137,b10646,a61641,634553
55139,8c066b,891064,6f3559
55141,7e027d,7b1172,603d5c
56001,780184,7c1072,523871
56003,80017d,a31446,764241
56005,930169,aa1c37,78473d
56007,650296,72117a,583c68
56009,90016c,b11834,734346
56011,9d015f,b6192e,824435
56013,850078,921853,624157
56015,840278,931952,723654
56017,720686,971353,67454e
56019,a80155,bc172b,824435
56021,6c0190,771473,673461
56023,760583,911459,72423f
56025,750187,911c50,5a475b
56027,8e026e,c2112a,7c453a
56029,830179,a71542,76473f
56031,7a0182,8a1b58,693c58
56033,7c0181,9c1250,5e425b
56035,8c0170,ae222e,735235
56037,500ca2,5d158b,4c426d
56039,8e026d,b01539,56475e
56041,6d028f,850f6a,634b4b
56043,8e0070,a30f4b,6e4547
56045,890075,a01c41,7b453d
60010,000000,0,000000
60020,000000,0,000000
60030,000000,0,000000
60040,000000,0,000000
60050,000000,0,000000
66010,000000,0,000000
69085,000000,0,000000
69100,000000,0,000000
69110,000000,0,000000
69120,000000,0,000000
72001,000000,0,000000
72003,000000,0,000000
72005,000000,0,000000
72007,000000,0,000000
72009,000000,0,000000
72011,000000,0,000000
72013,000000,0,000000
72015,000000,0,000000
72017,000000,0,000000
72019,000000,0,000000
72021,000000,0,000000
72023,000000,0,000000
72025,000000,0,000000
72027,000000,0,000000
72029,000000,0,000000
72031,000000,0,000000
72033,000000,0,000000
72035,000000,0,000000
72037,000000,0,000000
72039,000000,0,000000
72041,000000,0,000000
72043,000000,0,000000
72045,000000,0,000000
72047,000000,0,000000
72049,000000,0,000000
72051,000000,0,000000
72053,000000,0,000000
72054,000000,0,000000
72055,000000,0,000000
72057,000000,0,000000
72059,000000,0,000000
72061,000000,0,000000
72063,000000,0,000000
72065,000000,0,000000
72067,000000,0,000000
72069,000000,0,000000
72071,000000,0,000000
72073,000000,0,000000
72075,000000,0,000000
72077,000000,0,000000
72079,000000,0,000000
72081,000000,0,000000
72083,000000,0,000000
72085,000000,0,000000
72087,000000,0,000000
72089,000000,0,000000
72091,000000,0,000000
72093,000000,0,000000
72095,000000,0,000000
72097,000000,0,000000
72099,000000,0,000000
72101,000000,0,000000
72103,000000,0,000000
72105,000000,0,000000
72107,000000,0,000000
72109,000000,0,000000
72111,000000,0,000000
72113,000000,0,000000
72115,000000,0,000000
72117,000000,0,000000
72119,000000,0,000000
72121,000000,0,000000
72123,000000,0,000000
72125,000000,0,000000
72127,000000,0,000000
72129,000000,0,000000
72131,000000,0,000000
72133,000000,0,000000
72135,000000,0,000000
72137,000000,0,000000
72139,000000,0,000000
72141,000000,0,000000
72143,000000,0,000000
72145,000000,0,000000
72147,000000,0,000000
72149,000000,0,000000
72151,000000,0,000000
72153,000000,0,000000
74300,000000,0,000000
78010,000000,0,000000
78020,000000,0,000000
78030,000000,0,000000
