state,county_name,margin,id
1,Autauga,-41.0,01001
1,Baldwin,-47.60000000000001,01003
1,Barbour,0.8999999999999986,01005
1,Bibb,-22.0,01007
1,Blount,-42.8,01009
1,Bullock,40.0,01011
1,Butler,-6.699999999999996,01013
1,Calhoun,-16.699999999999996,01015
1,Chambers,-3.5,01017
1,Cherokee,-8.399999999999999,01019
1,Chilton,-34.900000000000006,01021
1,Choctaw,1.5,01023
1,Clarke,-12.200000000000003,01025
1,Clay,-28.400000000000006,01027
1,Cleburne,-32.8,01029
1,Coffee,-30.60000000000001,01031
1,Colbert,0.20000000000000284,01033
1,Conecuh,1.5,01035
1,Coosa,-6.100000000000001,01037
1,Covington,-33.199999999999996,01039
1,Crenshaw,-17.900000000000006,01041
1,Cullman,-31.900000000000006,01043
1,Dale,-36.0,01045
1,Dallas,19.5,01047
1,DeKalb,-28.400000000000006,01049
1,Elmore,-42.6,01051
1,Escambia,-21.0,01053
1,Etowah,-9.300000000000004,01055
1,Fayette,-19.5,01057
1,Franklin,-11.899999999999999,01059
1,Geneva,-39.900000000000006,01061
1,Greene,60.400000000000006,01063
1,Hale,21.6,01065
1,Henry,-18.4,01067
1,Houston,-39.699999999999996,01069
1,Jackson,3.3000000000000043,01071
1,Jefferson,-3.200000000000003,01073
1,Lamar,-25.1,01075
1,Lauderdale,-11.199999999999996,01077
1,Lawrence,5.200000000000003,01079
1,Lee,-20.5,01081
1,Limestone,-22.1,01083
1,Lowndes,46.8,01085
1,Macon,74.39999999999999,01087
1,Madison,-12.299999999999997,01089
1,Marengo,1.6000000000000014,01091
1,Marion,-19.699999999999996,01093
1,Marshall,-23.9,01095
1,Mobile,-13.899999999999999,01097
1,Monroe,-15.800000000000004,01099
1,Montgomery,2.0,01101
1,Morgan,-22.799999999999997,01103
1,Perry,39.6,01105
1,Pickens,-1.8999999999999986,01107
1,Pike,-16.200000000000003,01109
1,Randolph,-19.799999999999997,01111
1,Russell,14.899999999999999,01113
1,St. Clair,-44.199999999999996,01115
1,Shelby,-55.5,01117
1,Sumter,45.7,01119
1,Talladega,-9.900000000000006,01121
1,Tallapoosa,-22.299999999999997,01123
1,Tuscaloosa,-15.700000000000003,01125
1,Walker,-7.300000000000004,01127
1,Washington,-9.600000000000001,01129
1,Wilcox,34.800000000000004,01131
1,Winston,-39.9,01133
2,District 1,-51.0
2,District 2,-29.099999999999998
2,District 3,6.799999999999997
2,District 4,-18.099999999999994
2,District 5,-25.1
2,District 6,-38.0
2,District 7,-34.3
2,District 8,-48.5
2,District 9,-52.7
2,District 10,-39.2
2,District 11,-27.400000000000002
2,District 12,-33.9
2,District 13,-14.899999999999999
2,District 14,-36.2
2,District 15,-5.899999999999999
2,District 16,-0.29999999999999716
2,District 17,-30.300000000000004
2,District 18,-27.2
2,District 19,-28.5
2,District 20,-20.0
2,District 21,-14.400000000000006
2,District 22,-26.400000000000002
2,District 23,-36.3
2,District 24,-38.9
2,District 25,-46.2
2,District 26,-49.599999999999994
2,District 27,-43.199999999999996
2,District 28,-45.2
2,District 29,-14.099999999999998
2,District 30,-31.6
2,District 31,-25.099999999999998
2,District 32,-46.3
2,District 33,-46.3
2,District 34,-55.099999999999994
2,District 35,-48.1
2,District 36,-19.0
2,District 37,-18.0
2,District 38,-9.100000000000001
2,District 39,-0.7000000000000028
2,District 40,-25.099999999999998
4,Apache,36.300000000000004,04001
4,Cochise,-14.5,04003
4,Coconino,6.600000000000001,04005
4,Gila,-8.200000000000003,04007
4,Graham,-27.5,04009
4,Greenlee,-13.600000000000001,04011
4,La Paz,-17.200000000000003,04012
4,Maricopa,-10.300000000000004,04013
4,Mohave,-15.600000000000001,04015
4,Navajo,-2.3999999999999986,04017
4,Pima,8.0,04019
4,Pinal,-1.1000000000000014,04021
4,Santa Cruz,21.199999999999996,04023
4,Yavapai,-23.5,04025
4,Yuma,-12.699999999999996,04027
5,Arkansas,-7.399999999999999,05001
5,Ashley,4.5,05003
5,Baxter,-18.1,05005
5,Benton,-32.7,05007
5,Boone,-29.799999999999997,05009
5,Bradley,8.199999999999996,05011
5,Calhoun,-5.100000000000001,05013
5,Carroll,-20.4,05015
5,Chicot,28.199999999999996,05017
5,Clark,10.200000000000003,05019
5,Clay,21.599999999999994,05021
5,Cleburne,-15.700000000000003,05023
5,Cleveland,-8.299999999999997,05025
5,Columbia,-10.899999999999999,05027
5,Conway,-0.7000000000000028,05029
5,Craighead,0.9000000000000057,05031
5,Crawford,-25.599999999999994,05033
5,Crittenden,10.300000000000004,05035
5,Cross,1.0,05037
5,Dallas,4.199999999999996,05039
5,Desha,26.099999999999994,05041
5,Drew,5.200000000000003,05043
5,Faulkner,-14.100000000000001,05045
5,Franklin,-9.799999999999997,05047
5,Fulton,-1.5,05049
5,Garland,-9.0,05051
5,Grant,-12.399999999999999,05053
5,Greene,3.8999999999999986,05055
5,Hempstead,9.299999999999997,05057
5,Hot Spring,4.399999999999999,05059
5,Howard,-5.900000000000006,05061
5,Independence,-8.600000000000001,05063
5,Izard,5.699999999999996,05065
5,Jackson,22.6,05067
5,Jefferson,32.89999999999999,05069
5,Johnson,-5.399999999999999,05071
5,Lafayette,7.899999999999999,05073
5,Lawrence,10.399999999999999,05075
5,Lee,33.400000000000006,05077
5,Lincoln,12.200000000000003,05079
5,Little River,11.399999999999999,05081
5,Logan,-14.799999999999997,05083
5,Lonoke,-20.9,05085
5,Madison,-23.700000000000003,05087
5,Marion,-19.5,05089
5,Miller,-7.199999999999996,05091
5,Mississippi,15.200000000000003,05093
5,Monroe,17.6,05095
5,Montgomery,-18.4,05097
5,Nevada,1.8999999999999986,05099
5,Newton,-33.7,05101
5,Ouachita,7.0,05103
5,Perry,-11.699999999999996,05105
5,Phillips,30.699999999999996,05107
5,Pike,-16.9,05109
5,Poinsett,15.400000000000006,05111
5,Polk,-31.799999999999997,05113
5,Pope,-24.799999999999997,05115
5,Prairie,-8.5,05117
5,Pulaski,9.800000000000004,05119
5,Randolph,5.899999999999999,05121
5,St. Francis,18.5,05123
5,Saline,-18.299999999999997,05125
5,Scott,-24.0,05127
5,Searcy,-34.0,05129
5,Sebastian,-19.799999999999997,05131
5,Sevier,-0.4000000000000057,05133
5,Sharp,-6.5,05135
5,Stone,-12.0,05137
5,Union,-15.299999999999997,05139
5,Van Buren,-4.100000000000001,05141
5,Washington,-13.299999999999997,05143
5,White,-21.799999999999997,05145
5,Woodruff,30.199999999999996,05147
5,Yell,-2.4000000000000057,05149
6,Alameda,45.300000000000004,06001
6,Alpine,-2.799999999999997,06003
6,Amador,-18.5,06005
6,Butte,-17.0,06007
6,Calaveras,-18.6,06009
6,Colusa,-33.7,06011
6,Contra Costa,21.699999999999996,06013
6,Del Norte,-17.0,06015
6,El Dorado,-22.0,06017
6,Fresno,-10.100000000000001,06019
6,Glenn,-37.8,06021
6,Humboldt,2.8999999999999986,06023
6,Imperial,10.200000000000003,06025
6,Inyo,-26.4,06027
6,Kern,-24.5,06029
6,Kings,-18.799999999999997,06031
6,Lake,9.600000000000001,06033
6,Lassen,-38.7,06035
6,Los Angeles,31.1,06037
6,Madera,-25.800000000000004,06039
6,Marin,36.0,06041
6,Mariposa,-23.6,06043
6,Mendocino,12.599999999999994,06045
6,Merced,-6.699999999999996,06047
6,Modoc,-49.3,06049
6,Mono,-11.600000000000001,06051
6,Monterey,20.299999999999997,06053
6,Napa,14.399999999999999,06055
6,Nevada,-17.599999999999994,06057
6,Orange,-15.399999999999999,06059
6,Placer,-23.299999999999997,06061
6,Plumas,-27.799999999999997,06063
6,Riverside,-6.5,06065
6,Sacramento,4.0,06067
6,San Benito,12.599999999999994,06069
6,San Bernardino,-1.5,06071
6,San Diego,-3.8999999999999986,06073
6,San Francisco,59.4
6,San Joaquin,-1.1999999999999957,06077
6,San Luis Obispo,-11.300000000000004,06079
6,San Mateo,33.3,06081
6,Santa Barbara,1.2999999999999972,06083
6,Santa Clara,26.300000000000004,06085
6,Santa Cruz,34.2,06087
6,Shasta,-34.8,06089
6,Sierra,-34.3,06091
6,Siskiyou,-29.6,06093
6,Solano,17.799999999999997,06095
6,Sonoma,27.299999999999997,06097
6,Stanislaus,-8.399999999999999,06099
6,Sutter,-33.599999999999994,06101
6,Tehama,-32.400000000000006,06103
6,Trinity,-24.300000000000004,06105
6,Tulare,-23.5,06107
6,Tuolumne,-16.1,06109
6,Ventura,-1.1000000000000014,06111
6,Yolo,17.4,06113
6,Yuba,-26.6,06115
8,Adams,6.100000000000001,08001
8,Alamosa,-7.100000000000001,08003
8,Arapahoe,-8.0,08005
8,Archuleta,-32.699999999999996,08007
8,Baca,-49.7,08009
8,Bent,-15.899999999999999,08011
8,Boulder,13.700000000000003,08013
8,Chaffee,-20.1,08015
8,Cheyenne,-61.8,08017
8,Clear Creek,-1.2000000000000028,08019
8,Conejos,-0.6999999999999957,08021
8,Costilla,33.4,08023
8,Crowley,-23.800000000000004,08025
8,Custer,-44.7,08027
8,Delta,-40.3,08029
8,Denver,31.0
8,Dolores,-39.5,08033
8,Douglas,-33.6,08035
8,Eagle,-2.6000000000000014,08037
8,Elbert,-42.699999999999996,08039
8,El Paso,-33.099999999999994,08041
8,Fremont,-28.700000000000003,08043
8,Garfield,-17.6,08045
8,Gilpin,3.8000000000000043,08047
8,Grand,-19.900000000000006,08049
8,Gunnison,-0.9000000000000057,08051
8,Hinsdale,-22.599999999999994,08053
8,Huerfano,0.8999999999999986,08055
8,Jackson,-55.0,08057
8,Jefferson,-8.100000000000001,08059
8,Kiowa,-53.400000000000006,08061
8,Kit Carson,-50.1,08063
8,Lake,9.099999999999994,08065
8,La Plata,-10.399999999999999,08067
8,Larimer,-13.800000000000004,08069
8,Las Animas,11.0,08071
8,Lincoln,-50.89999999999999,08073
8,Logan,-39.9,08075
8,Mesa,-33.2,08077
8,Mineral,-25.9,08079
8,Moffat,-49.1,08081
8,Montezuma,-38.39999999999999,08083
8,Montrose,-36.800000000000004,08085
8,Morgan,-31.5,08087
8,Otero,-15.299999999999997,08089
8,Ouray,-25.699999999999996,08091
8,Park,-19.300000000000004,08093
8,Phillips,-45.50000000000001,08095
8,Pitkin,20.1,08097
8,Prowers,-36.800000000000004,08099
8,Pueblo,11.200000000000003,08101
8,Rio Blanco,-57.5,08103
8,Rio Grande,-27.699999999999996,08105
8,Routt,-2.6999999999999957,08107
8,Saguache,2.6999999999999957,08109
8,San Juan,-14.0,08111
8,San Miguel,17.1,08113
8,Sedgwick,-37.8,08115
8,Summit,7.299999999999997,08117
8,Teller,-37.9,08119
8,Washington,-57.3,08121
8,Weld,-21.700000000000003,08123
8,Yuma,-47.60000000000001,08125
9,Fairfield,9.199999999999996
9,Hartford,25.5
9,Litchfield,3.0
9,Middlesex,18.1
9,New Haven,22.0
9,New London,17.699999999999996
9,Tolland,14.100000000000001
9,Windham,16.6
10,Kent,-2.6999999999999957,10001
10,New Castle,23.0,10003
10,Sussex,-7.300000000000004,10005
11,District of Columbia,76.2
12,Alachua,15.400000000000006,12001
12,Baker,-39.5,12003
12,Bay,-33.6,12005
12,Bradford,-27.0,12007
12,Brevard,-8.199999999999996,12009
12,Broward,36.50000000000001,12011
12,Calhoun,-13.799999999999997,12013
12,Charlotte,-8.700000000000003,12015
12,Citrus,-7.5,12017
12,Clay,-47.3,12019
12,Collier,-33.099999999999994,12021
12,Columbia,-21.1,12023
12,Desoto,-12.0
12,Dixie,-18.699999999999996,12029
12,Duval,-16.799999999999997
12,Escambia,-27.5,12033
12,Flagler,4.799999999999997,12035
12,Franklin,-8.699999999999996,12037
12,Gadsden,33.699999999999996,12039
12,Gilchrist,-25.800000000000004,12041
12,Glades,-11.800000000000004,12043
12,Gulf,-18.799999999999997,12045
12,Hamilton,-10.700000000000003,12047
12,Hardee,-22.799999999999997,12049
12,Hendry,-18.5,12051
12,Hernando,3.0,12053
12,Highlands,-17.200000000000003,12055
12,Hillsborough,-3.1000000000000014,12057
12,Holmes,-38.4,12059
12,Indian River,-17.900000000000006,12061
12,Jackson,-14.0,12063
12,Jefferson,10.0,12065
12,Lafayette,-35.2,12067
12,Lake,-15.100000000000001,12069
12,Lee,-17.700000000000003,12071
12,Leon,21.700000000000003,12073
12,Levy,-11.5,12075
12,Liberty,-12.399999999999999,12077
12,Madison,-0.3999999999999986,12079
12,Manatee,-8.0,12081
12,Marion,-10.200000000000003,12083
12,Martin,-11.899999999999999,12085
12,Miami-Dade,6.300000000000004,12086
12,Monroe,1.2000000000000028,12087
12,Nassau,-39.8,12089
12,Okaloosa,-49.7,12091
12,Okeechobee,-4.699999999999996,12093
12,Orange,2.1000000000000014,12095
12,Osceola,3.5,12097
12,Palm Beach,27.0,12099
12,Pasco,0.6000000000000014,12101
12,Pinellas,3.8999999999999986,12103
12,Polk,-9.0,12105
12,Putnam,-5.199999999999996,12107
12,St. Johns,-32.99999999999999,12109
12,St. Lucie,8.799999999999997,12111
12,Santa Rosa,-46.699999999999996,12113
12,Sarasota,-6.300000000000004,12115
12,Seminole,-12.0,12117
12,Sumter,-11.200000000000003,12119
12,Suwannee,-31.599999999999994,12121
12,Taylor,-20.700000000000003,12123
12,Union,-24.200000000000003,12125
12,Volusia,8.200000000000003,12127
12,Wakulla,-7.799999999999997,12129
12,Walton,-35.7,12131
12,Washington,-27.300000000000004,12133
13,Appling,-30.299999999999997,13001
13,Atkinson,-19.699999999999996,13003
13,Bacon,-35.199999999999996,13005
13,Baker,18.299999999999997,13007
13,Baldwin,-1.1999999999999957,13009
13,Banks,-43.699999999999996,13011
13,Barrow,-35.3,13013
13,Bartow,-31.599999999999994,13015
13,Ben Hill,-3.200000000000003,13017
13,Berrien,-24.4,13019
13,Bibb,1.8000000000000043,13021
13,Bleckley,-31.0,13023
13,Brantley,-38.3,13025
13,Brooks,-6.799999999999997,13027
13,Bryan,-37.7,13029
13,Bulloch,-23.199999999999996,13031
13,Burke,4.700000000000003,13033
13,Butts,-16.299999999999997,13035
13,Calhoun,18.0,13037
13,Camden,-27.1,13039
13,Candler,-21.699999999999996,13043
13,Carroll,-29.4,13045
13,Catoosa,-37.00000000000001,13047
13,Charlton,-26.9,13049
13,Chatham,-0.29999999999999716,13051
13,Chattahoochee,0.8000000000000043
13,Chattooga,-14.100000000000001,13055
13,Cherokee,-49.2,13057
13,Clarke,11.5
13,Clay,29.199999999999996,13061
13,Clayton,32.7,13063
13,Clinch,-14.300000000000004,13065
13,Cobb,-22.9,13067
13,Coffee,-22.9,13069
13,Colquitt,-32.99999999999999,13071
13,Columbia,-49.1,13073
13,Cook,-16.199999999999996,13075
13,Coweta,-39.3,13077
13,Crawford,-13.300000000000004,13079
13,Crisp,-18.200000000000003,13081
13,Dade,-33.8,13083
13,Dawson,-46.7,13085
13,Decatur,-10.300000000000004,13087
13,DeKalb,43.5,13089
13,Dodge,-19.5,13091
13,Dooly,8.899999999999999,13093
13,Dougherty,15.199999999999996,13095
13,Douglas,-25.0,13097
13,Early,-8.899999999999999,13099
13,Echols,-38.10000000000001,13101
13,Effingham,-38.5,13103
13,Elbert,-12.5,13105
13,Emanuel,-8.100000000000001,13107
13,Evans,-20.299999999999997,13109
13,Fannin,-32.49999999999999,13111
13,Fayette,-40.99999999999999,13113
13,Floyd,-22.1,13115
13,Forsyth,-59.0,13117
13,Franklin,-28.1,13119
13,Fulton,18.0,13121
13,Gilmer,-36.7,13123
13,Glascock,-50.4,13125
13,Glynn,-29.39999999999999,13127
13,Gordon,-32.099999999999994,13129
13,Grady,-17.5,13131
13,Greene,-16.199999999999996,13133
13,Gwinnett,-31.6,13135
13,Habersham,-45.800000000000004,13137
13,Hall,-43.50000000000001,13139
13,Hancock,56.7,13141
13,Haralson,-28.0,13143
13,Harris,-30.900000000000006,13145
13,Hart,-13.899999999999999,13147
13,Heard,-24.1,13149
13,Henry,-35.60000000000001,13151
13,Houston,-26.700000000000003,13153
13,Irwin,-21.599999999999994,13155
13,Jackson,-38.300000000000004,13157
13,Jasper,-18.799999999999997,13159
13,Jeff Davis,-33.599999999999994,13161
13,Jefferson,7.399999999999999,13163
13,Jenkins,-2.5999999999999943,13165
13,Johnson,-25.4,13167
13,Jones,-21.700000000000003,13169
13,Lamar,-13.700000000000003,13171
13,Lanier,-11.299999999999997,13173
13,Laurens,-17.1,13175
13,Lee,-49.9,13177
13,Liberty,8.899999999999999,13179
13,Lincoln,-17.1,13181
13,Long,-14.899999999999999,13183
13,Lowndes,-15.199999999999996,13185
13,Lumpkin,-34.199999999999996,13187
13,McDuffie,-20.5,13189
13,McIntosh,7.299999999999997,13191
13,Macon,27.299999999999997,13193
13,Madison,-40.6,13195
13,Marion,-9.299999999999997,13197
13,Meriwether,4.199999999999996,13199
13,Miller,-26.300000000000004,13201
13,Mitchell,3.1000000000000014,13205
13,Monroe,-22.9,13207
13,Montgomery,-18.0,13209
13,Morgan,-21.800000000000004,13211
13,Murray,-34.1,13213
13,Muscogee,9.0
13,Newton,-24.1,13217
13,Oconee,-39.7,13219
13,Oglethorpe,-27.1,13221
13,Paulding,-41.8,13223
13,Peach,0.20000000000000284,13225
13,Pickens,-36.60000000000001,13227
13,Pierce,-43.7,13229
13,Pike,-39.800000000000004,13231
13,Polk,-17.1,13233
13,Pulaski,-15.899999999999999,13235
13,Putnam,-15.600000000000001,13237
13,Quitman,21.5
13,Rabun,-31.299999999999997,13241
13,Randolph,8.099999999999994,13243
13,Richmond,10.300000000000004
13,Rockdale,-28.9,13247
13,Schley,-20.9,13249
13,Screven,-4.900000000000006,13251
13,Seminole,-7.799999999999997,13253
13,Spalding,-22.300000000000004,13255
13,Stephens,-29.799999999999997,13257
13,Stewart,30.299999999999997,13259
13,Sumter,-1.0,13261
13,Talbot,32.400000000000006,13263
13,Taliaferro,34.199999999999996,13265
13,Tattnall,-29.099999999999994,13267
13,Taylor,-2.5999999999999943,13269
13,Telfair,2.3999999999999986,13271
13,Terrell,2.6000000000000014,13273
13,Thomas,-18.5,13275
13,Tift,-30.400000000000006,13277
13,Toombs,-25.5,13279
13,Towns,-31.299999999999997,13281
13,Treutlen,-9.300000000000004,13283
13,Troup,-27.1,13285
13,Turner,-3.6000000000000014,13287
13,Twiggs,11.300000000000004,13289
13,Union,-33.6,13291
13,Upson,-22.5,13293
13,Walker,-31.6,13295
13,Walton,-39.2,13297
13,Ware,-27.199999999999996,13299
13,Warren,12.299999999999997,13301
13,Washington,4.700000000000003,13303
13,Wayne,-31.0,13305
13,Webster,20.0
13,Wheeler,-3.8999999999999986,13309
13,White,-40.4,13311
13,Whitfield,-37.8,13313
13,Wilcox,-17.699999999999996,13315
13,Wilkes,-2.5999999999999943,13317
13,Wilkinson,2.299999999999997,13319
13,Worth,-26.1,13321
15,Hawaii,22.9,15001
15,Honolulu,14.899999999999999,15003
15,Kauai,31.7,15007
15,Maui,27.0,15009
15,Overseas,22.5
16,Ada,-27.9,16001
16,Adams,-59.699999999999996,16003
16,Bannock,-23.800000000000004,16005
16,Bear Lake,-61.400000000000006,16007
16,Benewah,-46.400000000000006,16009
16,Bingham,-50.6,16011
16,Blaine,2.8000000000000043,16013
16,Boise,-41.699999999999996,16015
16,Bonner,-31.8,16017
16,Bonneville,-52.9,16019
16,Boundary,-50.6,16021
16,Butte,-48.0,16023
16,Camas,-48.5,16025
16,Canyon,-46.49999999999999,16027
16,Caribou,-66.9,16029
16,Cassia,-67.3,16031
16,Clark,-64.9,16033
16,Clearwater,-52.49999999999999,16035
16,Custer,-59.1,16037
16,Elmore,-43.800000000000004,16039
16,Franklin,-72.60000000000001,16041
16,Fremont,-69.7,16043
16,Gem,-50.599999999999994,16045
16,Gooding,-44.2,16047
16,Idaho,-62.00000000000001,16049
16,Jefferson,-68.7,16051
16,Jerome,-50.9,16053
16,Kootenai,-33.5,16055
16,Latah,-16.299999999999997,16057
16,Lemhi,-60.4,16059
16,Lewis,-56.900000000000006,16061
16,Lincoln,-38.8,16063
16,Madison,-79.4,16065
16,Minidoka,-54.699999999999996,16067
16,Nez Perce,-34.8,16069
16,Oneida,-62.199999999999996,16071
16,Owyhee,-57.400000000000006,16073
16,Payette,-48.3,16075
16,Power,-41.199999999999996,16077
16,Shoshone,-12.200000000000003,16079
16,Teton,-38.3,16081
16,Twin Falls,-44.49999999999999,16083
16,Valley,-35.699999999999996,16085
16,Washington,-47.1,16087
17,Adams,-17.1,17001
17,Alexander,19.1,17003
17,Bond,-10.600000000000001,17005
17,Boone,-13.700000000000003,17007
17,Brown,-17.0,17009
17,Bureau,-4.600000000000001,17011
17,Calhoun,3.0999999999999943,17013
17,Carroll,-10.0,17015
17,Cass,-3.0,17017
17,Champaign,1.1999999999999957,17019
17,Christian,-5.0,17021
17,Clark,-19.5,17023
17,Clay,-25.699999999999996,17025
17,Clinton,-14.0,17027
17,Coles,-7.900000000000006,17029
17,Cook,39.99999999999999,17031
17,Crawford,-19.299999999999997,17033
17,Cumberland,-22.0,17035
17,DeKalb,-7.100000000000001,17037
17,De Witt,-15.599999999999994,17039
17,Douglas,-18.700000000000003,17041
17,DuPage,-13.300000000000004,17043
17,Edgar,-19.6,17045
17,Edwards,-37.900000000000006,17047
17,Effingham,-38.8,17049
17,Fayette,-14.100000000000001,17051
17,Ford,-29.200000000000003,17053
17,Franklin,8.899999999999999,17055
17,Fulton,12.299999999999997,17057
17,Gallatin,8.099999999999994,17059
17,Greene,-11.099999999999994,17061
17,Grundy,-7.200000000000003,17063
17,Hamilton,-12.5,17065
17,Hancock,-9.100000000000001,17067
17,Hardin,-6.899999999999999,17069
17,Henderson,8.299999999999997,17071
17,Henry,4.399999999999999,17073
17,Iroquois,-31.900000000000006,17075
17,Jackson,8.5,17077
17,Jasper,-26.0,17079
17,Jefferson,-10.899999999999999,17081
17,Jersey,-3.6000000000000014,17083
17,Jo Daviess,-7.0,17085
17,Johnson,-25.299999999999997,17087
17,Kane,-12.0,17089
17,Kankakee,-2.1999999999999957,17091
17,Kendall,-23.0,17093
17,Knox,11.5,17095
17,Lake,-2.5,17097
17,LaSalle,4.599999999999994,17099
17,Lawrence,-11.700000000000003,17101
17,Lee,-13.400000000000006,17103
17,Livingston,-21.800000000000004,17105
17,Logan,-27.099999999999994,17107
17,McDonough,-3.0,17109
17,McHenry,-20.200000000000003,17111
17,McLean,-14.899999999999999,17113
17,Macon,0.8999999999999986,17115
17,Macoupin,5.899999999999999,17117
17,Madison,9.300000000000004,17119
17,Marion,-1.1000000000000014,17121
17,Marshall,-9.700000000000003,17123
17,Mason,-3.299999999999997,17125
17,Massac,-11.299999999999997,17127
17,Menard,-27.4,17129
17,Mercer,8.600000000000001,17131
17,Monroe,-13.299999999999997,17133
17,Montgomery,2.3999999999999986,17135
17,Morgan,-15.0,17137
17,Moultrie,-9.199999999999996,17139
17,Ogle,-22.599999999999994,17141
17,Peoria,2.8999999999999986,17143
17,Perry,0.6000000000000014,17145
17,Piatt,-13.5,17147
17,Pike,-18.6,17149
17,Pope,-18.0,17151
17,Pulaski,2.8999999999999986,17153
17,Putnam,6.899999999999999,17155
17,Randolph,-2.299999999999997,17157
17,Richland,-30.0,17159
17,Rock Island,19.599999999999994,17161
17,St. Clair,13.600000000000001,17163
17,Saline,-4.299999999999997,17165
17,Sangamon,-13.100000000000001,17167
17,Schuyler,-13.0,17169
17,Scott,-20.5,17171
17,Shelby,-18.1,17173
17,Stark,-16.200000000000003,17175
17,Stephenson,-13.699999999999996,17177
17,Tazewell,-10.5,17179
17,Union,-4.799999999999997,17181
17,Vermilion,-1.2000000000000028,17183
17,Wabash,-25.699999999999996,17185
17,Warren,-4.899999999999999,17187
17,Washington,-24.0,17189
17,Wayne,-40.8,17191
17,White,-20.5,17193
17,Whiteside,6.600000000000001,17195
17,Will,-2.6000000000000014,17197
17,Williamson,-6.700000000000003,17199
17,Winnebago,-1.6000000000000014,17201
17,Woodford,-32.00000000000001,17203
18,Adams,-38.0,18001
18,Allen,-25.200000000000003,18003
18,Bartholomew,-27.9,18005
18,Benton,-28.700000000000003,18007
18,Blackford,-12.200000000000003,18009
18,Boone,-45.6,18011
18,Brown,-18.5,18013
18,Carroll,-25.800000000000004,18015
18,Cass,-25.800000000000004,18017
18,Clark,-5.5,18019
18,Clay,-27.4,18021
18,Clinton,-31.9,18023
18,Crawford,-12.099999999999994,18025
18,Daviess,-42.800000000000004,18027
18,Dearborn,-30.800000000000004,18029
18,Decatur,-35.2,18031
18,DeKalb,-28.5,18033
18,Delaware,-2.8000000000000043,18035
18,Dubois,-32.60000000000001,18037
18,Elkhart,-37.4,18039
18,Fayette,-19.0,18041
18,Floyd,-10.899999999999999,18043
18,Fountain,-23.200000000000003,18045
18,Franklin,-35.9,18047
18,Fulton,-27.200000000000003,18049
18,Gibson,-14.100000000000001,18051
18,Grant,-24.400000000000006,18053
18,Greene,-20.300000000000004,18055
18,Hamilton,-50.5,18057
18,Hancock,-41.2,18059
18,Harrison,-19.1,18061
18,Hendricks,-44.400000000000006,18063
18,Henry,-14.600000000000001,18065
18,Howard,-21.800000000000004,18067
18,Huntington,-41.0,18069
18,Jackson,-25.5,18071
18,Jasper,-31.099999999999994,18073
18,Jay,-19.0,18075
18,Jefferson,-12.300000000000004,18077
18,Jennings,-23.0,18079
18,Johnson,-41.2,18081
18,Knox,-14.600000000000001,18083
18,Kosciusko,-52.4,18085
18,LaGrange,-32.400000000000006,18087
18,Lake,26.0,18089
18,LaPorte,1.9000000000000057,18091
18,Lawrence,-34.699999999999996,18093
18,Madison,-8.700000000000003,18095
18,Marion,-1.3000000000000043
18,Marshall,-29.300000000000004,18099
18,Martin,-32.4,18101
18,Miami,-32.9,18103
18,Monroe,-4.0,18105
18,Montgomery,-38.10000000000001,18107
18,Morgan,-41.10000000000001,18109
18,Newton,-20.9,18111
18,Noble,-30.1,18113
18,Ohio,-22.599999999999994,18115
18,Orange,-27.9,18117
18,Owen,-27.199999999999996,18119
18,Parke,-21.1,18121
18,Perry,4.899999999999999,18123
18,Pike,-15.300000000000004,18125
18,Porter,-7.399999999999999,18127
18,Posey,-18.6,18129
18,Pulaski,-28.6,18131
18,Putnam,-27.199999999999996,18133
18,Randolph,-20.799999999999997,18135
18,Ripley,-32.7,18137
18,Rush,-32.7,18139
18,St. Joseph,0.10000000000000142,18141
18,Scott,2.0,18143
18,Shelby,-27.5,18145
18,Spencer,-15.0,18147
18,Starke,-2.5,18149
18,Steuben,-25.300000000000004,18151
18,Sullivan,-5.899999999999999,18153
18,Switzerland,-15.299999999999997,18155
18,Tippecanoe,-17.0,18157
18,Tipton,-32.7,18159
18,Union,-32.2,18161
18,Vanderburgh,-10.0,18163
18,Vermillion,3.5999999999999943,18165
18,Vigo,-1.2000000000000028,18167
18,Wabash,-31.39999999999999,18169
18,Warren,-19.9,18171
18,Warrick,-20.0,18173
18,Washington,-22.4,18175
18,Wayne,-15.900000000000006,18177
18,Wells,-39.300000000000004,18179
18,White,-24.1,18181
18,Whitley,-32.0,18183
19,Adair,-12.700000000000003,19001
19,Adams,-12.700000000000003,19003
19,Allamakee,-6.100000000000001,19005
19,Appanoose,-7.600000000000001,19007
19,Audubon,-3.3999999999999986,19009
19,Benton,3.799999999999997,19011
19,Black Hawk,12.100000000000001,19013
19,Boone,5.300000000000004,19015
19,Bremer,-4.5,19017
19,Buchanan,10.100000000000001,19019
19,Buena Vista,-13.300000000000004,19021
19,Butler,-16.4,19023
19,Calhoun,-12.800000000000004,19025
19,Carroll,-4.399999999999999,19027
19,Cass,-25.0,19029
19,Cedar,0.0,19031
19,Cerro Gordo,12.600000000000001,19033
19,Cherokee,-9.299999999999997,19035
19,Chickasaw,7.600000000000001,19037
19,Clarke,2.299999999999997,19039
19,Clay,-9.200000000000003,19041
19,Clayton,2.299999999999997,19043
19,Clinton,13.699999999999996,19045
19,Crawford,-9.800000000000004,19047
19,Dallas,-9.0,19049
19,Davis,-7.0,19051
19,Decatur,-6.199999999999996,19053
19,Delaware,-5.600000000000001,19055
19,Des Moines,20.5,19057
19,Dickinson,-6.899999999999999,19059
19,Dubuque,14.600000000000001,19061
19,Emmet,-3.5,19063
19,Fayette,-1.0999999999999943,19065
19,Floyd,8.799999999999997,19067
19,Franklin,-10.799999999999997,19069
19,Fremont,-16.900000000000006,19071
19,Greene,0.3999999999999986,19073
19,Grundy,-28.0,19075
19,Guthrie,-6.299999999999997,19077
19,Hamilton,-7.399999999999999,19079
19,Hancock,-13.0,19081
19,Hardin,-8.900000000000006,19083
19,Harrison,-19.1,19085
19,Henry,-6.5,19087
19,Howard,11.200000000000003,19089
19,Humboldt,-18.1,19091
19,Ida,-16.0,19093
19,Iowa,-8.899999999999999,19095
19,Jackson,13.0,19097
19,Jasper,-0.10000000000000142,19099
19,Jefferson,-5.100000000000001,19101
19,Johnson,25.200000000000003,19103
19,Jones,5.399999999999999,19105
19,Keokuk,-7.899999999999999,19107
19,Kossuth,-7.299999999999997,19109
19,Lee,19.800000000000004,19111
19,Linn,9.200000000000003,19113
19,Louisa,1.8999999999999986,19115
19,Lucas,-7.700000000000003,19117
19,Lyon,-48.699999999999996,19119
19,Madison,-8.100000000000001,19121
19,Mahaska,-27.300000000000004,19123
19,Marion,-18.200000000000003,19125
19,Marshall,-2.5999999999999943,19127
19,Mills,-27.799999999999997,19129
19,Mitchell,5.0,19131
19,Monona,-4.799999999999997,19133
19,Monroe,-4.299999999999997,19135
19,Montgomery,-29.199999999999996,19137
19,Muscatine,3.6000000000000014,19139
19,O'Brien,-35.60000000000001,19141
19,Osceola,-37.60000000000001,19143
19,Page,-32.5,19145
19,Palo Alto,-0.29999999999999716,19147
19,Plymouth,-26.6,19149
19,Pocahontas,-12.200000000000003,19151
19,Polk,5.600000000000001,19153
19,Pottawattamie,-11.799999999999997,19155
19,Poweshiek,-2.0,19157
19,Ringgold,-4.600000000000001,19159
19,Sac,-13.5,19161
19,Scott,4.299999999999997,19163
19,Shelby,-24.5,19165
19,Sioux,-68.7,19167
19,Story,3.5,19169
19,Tama,0.10000000000000142,19171
19,Taylor,-16.900000000000006,19173
19,Union,-8.0,19175
19,Van Buren,-16.200000000000003,19177
19,Wapello,13.5,19179
19,Warren,-0.6000000000000014,19181
19,Washington,-9.899999999999999,19183
19,Wayne,-12.100000000000001,19185
19,Webster,1.8000000000000043,19187
19,Winnebago,0.5,19189
19,Winneshiek,-3.1999999999999957,19191
19,Woodbury,-3.0999999999999943,19193
19,Worth,13.700000000000003,19195
19,Wright,-9.299999999999997,19197
20,Allen,-21.6,20001
20,Anderson,-18.799999999999997,20003
20,Atchison,-3.0,20005
20,Barber,-44.8,20007
20,Barton,-37.1,20009
20,Bourbon,-26.0,20011
20,Brown,-31.4,20013
20,Butler,-31.5,20015
20,Chase,-34.7,20017
20,Chautauqua,-47.99999999999999,20019
20,Cherokee,-13.5,20021
20,Cheyenne,-55.7,20023
20,Clark,-50.2,20025
20,Clay,-50.0,20027
20,Cloud,-35.599999999999994,20029
20,Coffey,-37.199999999999996,20031
20,Comanche,-54.5,20033
20,Cowley,-17.9,20035
20,Crawford,-0.5,20037
20,Decatur,-47.199999999999996,20039
20,Dickinson,-35.0,20041
20,Doniphan,-33.300000000000004,20043
20,Douglas,3.0,20045
20,Edwards,-39.300000000000004,20047
20,Elk,-43.800000000000004,20049
20,Ellis,-23.199999999999996,20051
20,Ellsworth,-35.9,20053
20,Finney,-43.800000000000004,20055
20,Ford,-39.0,20057
20,Franklin,-26.9,20059
20,Geary,-19.199999999999996,20061
20,Gove,-55.3,20063
20,Graham,-48.3,20065
20,Grant,-50.50000000000001,20067
20,Gray,-53.2,20069
20,Greeley,-60.400000000000006,20071
20,Greenwood,-38.400000000000006,20073
20,Hamilton,-53.49999999999999,20075
20,Harper,-39.6,20077
20,Harvey,-26.799999999999997,20079
20,Haskell,-65.60000000000001,20081
20,Hodgeman,-56.800000000000004,20083
20,Jackson,-19.300000000000004,20085
20,Jefferson,-18.1,20087
20,Jewell,-54.39999999999999,20089
20,Johnson,-23.300000000000004,20091
20,Kearny,-53.2,20093
20,Kingman,-44.2,20095
20,Kiowa,-60.2,20097
20,Labette,-8.5,20099
20,Lane,-52.5,20101
20,Leavenworth,-12.300000000000004,20103
20,Lincoln,-43.7,20105
20,Linn,-21.700000000000003,20107
20,Logan,-61.400000000000006,20109
20,Lyon,-11.699999999999996,20111
20,McPherson,-41.900000000000006,20113
20,Marion,-45.400000000000006,20115
20,Marshall,-24.1,20117
20,Meade,-58.599999999999994,20119
20,Miami,-17.799999999999997,20121
20,Mitchell,-49.0,20123
20,Montgomery,-27.099999999999994,20125
20,Morris,-27.1,20127
20,Morton,-56.699999999999996,20129
20,Nemaha,-39.39999999999999,20131
20,Neosho,-20.699999999999996,20133
20,Ness,-55.300000000000004,20135
20,Norton,-46.800000000000004,20137
20,Osage,-18.700000000000003,20139
20,Osborne,-46.7,20141
20,Ottawa,-48.199999999999996,20143
20,Pawnee,-30.0,20145
20,Phillips,-51.800000000000004,20147
20,Pottawatomie,-38.2,20149
20,Pratt,-35.5,20151
20,Rawlins,-59.9,20153
20,Reno,-24.200000000000003,20155
20,Republic,-54.8,20157
20,Rice,-32.7,20159
20,Riley,-24.6,20161
20,Rooks,-51.099999999999994,20163
20,Rush,-39.39999999999999,20165
20,Russell,-44.50000000000001,20167
20,Saline,-22.900000000000006,20169
20,Scott,-60.39999999999999,20171
20,Sedgwick,-19.1,20173
20,Seward,-53.800000000000004,20175
20,Shawnee,-1.5,20177
20,Sheridan,-57.1,20179
20,Sherman,-45.199999999999996,20181
20,Smith,-45.7,20183
20,Stafford,-44.5,20185
20,Stanton,-55.4,20187
20,Stevens,-64.9,20189
20,Sumner,-25.699999999999996,20191
20,Thomas,-53.400000000000006,20193
20,Trego,-38.300000000000004,20195
20,Wabaunsee,-33.8,20197
20,Wallace,-73.6,20199
20,Washington,-53.900000000000006,20201
20,Wichita,-59.8,20203
20,Wilson,-38.099999999999994,20205
20,Woodson,-28.4,20207
20,Wyandotte,37.99999999999999
21,Adair,-50.2,21001
21,Allen,-38.400000000000006,21003
21,Anderson,-25.200000000000003,21005
21,Ballard,1.5,21007
21,Barren,-27.5,21009
21,Bath,-4.799999999999997,21011
21,Bell,-7.5,21013
21,Boone,-39.9,21015
21,Bourbon,-11.700000000000003,21017
21,Boyd,1.5,21019
21,Boyle,-20.9,21021
21,Bracken,-39.00000000000001,21023
21,Breathitt,16.1,21025
21,Breckinridge,-29.1,21027
21,Bullitt,-25.799999999999997,21029
21,Butler,-47.00000000000001,21031
21,Caldwell,-17.1,21033
21,Calloway,-15.199999999999996,21035
21,Campbell,-25.9,21037
21,Carlisle,-9.900000000000006,21039
21,Carroll,-6.200000000000003,21041
21,Carter,-4.799999999999997,21043
21,Casey,-57.8,21045
21,Christian,-22.6,21047
21,Clark,-19.1,21049
21,Clay,-47.699999999999996,21051
21,Clinton,-50.900000000000006,21053
21,Crittenden,-20.6,21055
21,Cumberland,-49.400000000000006,21057
21,Daviess,-19.9,21059
21,Edmonson,-30.89999999999999,21061
21,Elliott,29.299999999999997,21063
21,Estill,-30.60000000000001,21065
21,Fayette,-6.900000000000006
21,Fleming,-28.4,21069
21,Floyd,32.6,21071
21,Franklin,3.0,21073
21,Fulton,5.700000000000003,21075
21,Gallatin,-12.0,21077
21,Garrard,-40.00000000000001,21079
21,Grant,-25.799999999999997,21081
21,Graves,-12.400000000000006,21083
21,Grayson,-37.9,21085
21,Green,-53.2,21087
21,Greenup,-0.3999999999999986,21089
21,Hancock,-14.5,21091
21,Hardin,-25.599999999999994,21093
21,Harlan,3.6000000000000014,21095
21,Harrison,-17.199999999999996,21097
21,Hart,-25.299999999999997,21099
21,Henderson,2.200000000000003,21101
21,Henry,-20.599999999999994,21103
21,Hickman,-9.900000000000006,21105
21,Hopkins,-16.800000000000004,21107
21,Jackson,-69.6,21109
21,Jefferson,1.6000000000000014
21,Jessamine,-36.10000000000001,21113
21,Johnson,-18.799999999999997,21115
21,Kenton,-28.9,21117
21,Knott,35.9,21119
21,Knox,-23.9,21121
21,Larue,-32.0,21123
21,Laurel,-45.10000000000001,21125
21,Lawrence,-13.399999999999999,21127
21,Lee,-38.3,21129
21,Leslie,-43.900000000000006,21131
21,Letcher,6.799999999999997,21133
21,Lewis,-42.10000000000001,21135
21,Lincoln,-27.800000000000004,21137
21,Livingston,-2.3000000000000043,21139
21,Logan,-15.699999999999996,21141
21,Lyon,-0.29999999999999716,21143
21,McCracken,-12.400000000000006,21145
21,McCreary,-39.7,21147
21,McLean,-11.800000000000004,21149
21,Madison,-18.5,21151
21,Magoffin,-3.3999999999999986,21153
21,Marion,-7.799999999999997,21155
21,Marshall,-7.899999999999999,21157
21,Martin,-21.4,21159
21,Mason,-23.699999999999996,21161
21,Meade,-19.0,21163
21,Menifee,-5.799999999999997,21165
21,Mercer,-26.300000000000004,21167
21,Metcalfe,-30.099999999999994,21169
21,Monroe,-57.8,21171
21,Montgomery,-8.200000000000003,21173
21,Morgan,-9.899999999999999,21175
21,Muhlenberg,6.5,21177
21,Nelson,-16.6,21179
21,Nicholas,-23.099999999999994,21181
21,Ohio,-23.699999999999996,21183
21,Oldham,-36.2,21185
21,Owen,-29.1,21187
21,Owsley,-61.699999999999996,21189
21,Pendleton,-28.6,21191
21,Perry,1.8999999999999986,21193
21,Pike,10.5,21195
21,Powell,-5.799999999999997,21197
21,Pulaski,-48.49999999999999,21199
21,Robertson,-28.9,21201
21,Rockcastle,-53.699999999999996,21203
21,Rowan,-0.6000000000000014,21205
21,Russell,-50.3,21207
21,Scott,-18.0,21209
21,Shelby,-28.5,21211
21,Simpson,-10.0,21213
21,Spencer,-33.4,21215
21,Taylor,-37.2,21217
21,Todd,-27.5,21219
21,Trigg,-19.1,21221
21,Trimble,-21.300000000000004,21223
21,Union,-3.8000000000000043,21225
21,Warren,-24.5,21227
21,Washington,-34.5,21229
21,Wayne,-27.199999999999996,21231
21,Webster,-4.100000000000001,21233
21,Whitley,-28.900000000000006,21235
21,Wolfe,-5.400000000000006,21237
21,Woodford,-18.700000000000003,21239
22,Acadia,-21.1
22,Allen,-1.5
22,Ascension,-11.100000000000001
22,Assumption,8.299999999999997
22,Avoyelles,-4.299999999999997
22,Beauregard,-32.00000000000001
22,Bienville,2.0
22,Bossier,-31.5
22,Caddo,0.8000000000000043
22,Calcasieu,-5.600000000000001
22,Caldwell,-33.699999999999996
22,Cameron,-27.700000000000003
22,Catahoula,-25.0
22,Claiborne,-10.600000000000001
22,Concordia,-12.399999999999999
22,De Soto,-2.1000000000000014
22,East Baton Rouge,-7.400000000000006
22,East Carroll,18.4
22,East Feliciana,-2.200000000000003
22,Evangeline,-11.300000000000004
22,Franklin,-30.800000000000004
22,Grant,-38.0
22,Iberia,-18.199999999999996
22,Iberville,19.200000000000003
22,Jackson,-24.900000000000006
22,Jefferson,-19.300000000000004
22,Jefferson Davis,-14.299999999999997
22,Lafayette,-27.199999999999996
22,Lafourche,-11.399999999999999
22,La Salle,-51.800000000000004
22,Lincoln,-14.5
22,Livingston,-37.6
22,Madison,7.700000000000003
22,Morehouse,-11.0
22,Natchitoches,-2.799999999999997
22,Orleans,54.2
22,Ouachita,-23.4
22,Plaquemines,-17.200000000000003
22,Pointe Coupee,10.200000000000003
22,Rapides,-20.299999999999997
22,Red River,-0.6000000000000014
22,Richland,-19.0
22,Sabine,-32.800000000000004
22,St. Bernard,-16.0
22,St. Charles,-14.200000000000003
22,St. Helena,20.800000000000004
22,St. James,25.299999999999997
22,St. John the Baptist,13.100000000000001
22,St. Landry,7.699999999999996
22,St. Martin,-0.5
22,St. Mary,-6.699999999999996
22,St. Tammany,-43.6
22,Tangipahoa,-12.399999999999999
22,Tensas,8.299999999999997
22,Terrebonne,-18.800000000000004
22,Union,-27.5
22,Vermilion,-17.1
22,Vernon,-29.9
22,Washington,-9.400000000000006
22,Webster,-13.0
22,West Baton Rouge,1.3000000000000043
22,West Carroll,-40.7
22,West Feliciana,-6.700000000000003
22,Winn,-29.199999999999996
23,Androscoggin,12.799999999999997,23001
23,Aroostook,1.7999999999999972,23003
23,Cumberland,11.0,23005
23,Franklin,7.400000000000006,23007
23,Hancock,0.7999999999999972,23009
23,Kennebec,12.299999999999997,23011
23,Knox,2.3999999999999986,23013
23,Lincoln,-4.200000000000003,23015
23,Oxford,6.600000000000001,23017
23,Penobscot,-3.8000000000000043,23019
23,Piscataquis,-11.799999999999997,23021
23,Sagadahoc,4.299999999999997,23023
23,Somerset,3.6000000000000014,23025
23,Waldo,-1.1000000000000014,23027
23,Washington,-8.0,23029
23,York,4.599999999999994,23031
24,Allegany,-14.300000000000004,24001
24,Anne Arundel,-7.199999999999996,24003
24,Baltimore,9.099999999999994,24005
24,Calvert,-10.100000000000001,24009
24,Caroline,-21.300000000000004,24011
24,Carroll,-33.7,24013
24,Cecil,-11.0,24015
24,Charles,0.30000000000000426,24017
24,Dorchester,-5.399999999999999,24019
24,Frederick,-18.6,24021
24,Garrett,-43.5,24023
24,Harford,-18.799999999999997,24025
24,Howard,7.699999999999996,24027
24,Kent,-6.5,24029
24,Montgomery,29.0,24031
24,Prince George's,61.1,24033
24,Queen Anne's,-22.200000000000003,24035
24,St. Mary's,-16.700000000000003,24037
24,Somerset,2.299999999999997,24039
24,Talbot,-19.9,24041
24,Washington,-20.5,24043
24,Wicomico,-5.899999999999999,24045
24,Worcester,-6.599999999999994,24047
24,Baltimore City,68.4
25,Barnstable,10.5,25001
25,Berkshire,37.3
25,Bristol,34.8,25005
25,Dukes,35.699999999999996,25007
25,Essex,22.1
25,Franklin,23.299999999999997
25,Hampden,23.6
25,Hampshire,28.200000000000003
25,Middlesex,31.2
25,Nantucket,25.299999999999997
25,Norfolk,25.699999999999996,25021
25,Plymouth,15.399999999999999,25023
25,Suffolk,50.900000000000006
25,Worcester,19.200000000000003
26,Alcona,-7.600000000000001,26001
26,Alger,-1.7000000000000028,26003
26,Allegan,-28.299999999999997,26005
26,Alpena,2.0,26007
26,Antrim,-21.299999999999997,26009
26,Arenac,3.6000000000000014,26011
26,Baraga,-12.800000000000004,26013
26,Barry,-22.699999999999996,26015
26,Bay,11.800000000000004,26017
26,Benzie,-7.800000000000004,26019
26,Berrien,-11.5,26021
26,Branch,-13.0,26023
26,Calhoun,1.8999999999999986,26025
26,Cass,-8.800000000000004,26027
26,Charlevoix,-16.5,26029
26,Cheboygan,-10.5,26031
26,Chippewa,-8.0,26033
26,Clare,2.799999999999997,26035
26,Clinton,-14.5,26037
26,Crawford,-8.800000000000004,26039
26,Delta,-5.200000000000003,26041
26,Dickinson,-10.899999999999999,26043
26,Eaton,-3.1999999999999957,26045
26,Emmet,-21.4,26047
26,Genesee,27.9,26049
26,Gladwin,-1.5,26051
26,Gogebic,1.6999999999999957,26053
26,Grand Traverse,-20.9,26055
26,Gratiot,-11.699999999999996,26057
26,Hillsdale,-22.799999999999997,26059
26,Houghton,-15.5,26061
26,Huron,-12.5,26063
26,Ingham,18.199999999999996,26065
26,Ionia,-18.5,26067
26,Iosco,1.2000000000000028,26069
26,Iron,0.8000000000000043,26071
26,Isabella,0.7999999999999972,26073
26,Jackson,-6.299999999999997,26075
26,Kalamazoo,0.6000000000000014,26077
26,Kalkaska,-15.600000000000001,26079
26,Kent,-21.299999999999997,26081
26,Keweenaw,-14.899999999999999,26083
26,Lake,13.300000000000004,26085
26,Lapeer,-12.400000000000006,26087
26,Leelanau,-18.4,26089
26,Lenawee,-5.800000000000004,26091
26,Livingston,-21.0,26093
26,Luce,-20.699999999999996,26095
26,Mackinac,-12.399999999999999,26097
26,Macomb,2.5,26099
26,Manistee,2.0,26101
26,Marquette,10.0,26103
26,Mason,-11.399999999999999,26105
26,Mecosta,-12.0,26107
26,Menominee,-8.899999999999999,26109
26,Midland,-15.299999999999997,26111
26,Missaukee,-34.099999999999994,26113
26,Monroe,4.300000000000004,26115
26,Montcalm,-13.399999999999999,26117
26,Montmorency,-12.199999999999996,26119
26,Muskegon,11.400000000000006,26121
26,Newaygo,-19.0,26123
26,Oakland,1.1999999999999957,26125
26,Oceana,-12.199999999999996,26127
26,Ogemaw,1.9000000000000057,26129
26,Ontonagon,-23.1,26131
26,Osceola,-16.900000000000006,26133
26,Oscoda,-13.299999999999997,26135
26,Otsego,-19.700000000000003,26137
26,Ottawa,-44.400000000000006,26139
26,Presque Isle,-5.900000000000006,26141
26,Roscommon,1.8999999999999986,26143
26,Saginaw,10.300000000000004,26145
26,St. Clair,-0.7999999999999972,26147
26,St. Joseph,-19.700000000000003,26149
26,Sanilac,-20.6,26151
26,Schoolcraft,-1.2000000000000028,26153
26,Shiawassee,-0.8999999999999986,26155
26,Tuscola,-9.600000000000001,26157
26,Van Buren,-3.4000000000000057,26159
26,Washtenaw,23.599999999999994,26161
26,Wayne,40.0,26163
26,Wexford,-14.600000000000001,26165
27,Aitkin,0.8999999999999986,27001
27,Anoka,-0.8999999999999986,27003
27,Becker,-20.299999999999997,27005
27,Beltrami,-6.100000000000001,27007
27,Benton,-11.100000000000001,27009
27,Big Stone,2.0,27011
27,Blue Earth,-2.200000000000003,27013
27,Brown,-21.199999999999996,27015
27,Carlton,20.200000000000003,27017
27,Carver,-23.799999999999997,27019
27,Cass,-11.799999999999997,27021
27,Chippewa,-0.3999999999999986,27023
27,Chisago,-6.100000000000001,27025
27,Clay,-6.700000000000003,27027
27,Clearwater,-17.6,27029
27,Cook,-4.399999999999999,27031
27,Cottonwood,-14.0,27033
27,Crow Wing,-13.5,27035
27,Dakota,-1.0,27037
27,Dodge,-10.399999999999999,27039
27,Douglas,-20.1,27041
27,Faribault,-8.5,27043
27,Fillmore,3.700000000000003,27045
27,Freeborn,10.399999999999999,27047
27,Goodhue,-4.0,27049
27,Grant,-8.199999999999996,27051
27,Hennepin,14.300000000000004,27053
27,Houston,-5.600000000000001,27055
27,Hubbard,-17.400000000000006,27057
27,Isanti,-9.600000000000001,27059
27,Itasca,4.700000000000003,27061
27,Jackson,-7.5,27063
27,Kanabec,-9.5,27065
27,Kandiyohi,-9.399999999999999,27067
27,Kittson,-9.299999999999997,27069
27,Koochiching,-9.0,27071
27,Lac Qui Parle,6.799999999999997
27,Lake,16.9,27075
27,Lake of the Woods,-16.800000000000004,27077
27,Le Sueur,-6.299999999999997,27079
27,Lincoln,2.299999999999997,27081
27,Lyon,-11.799999999999997,27083
27,McLeod,-20.6,27085
27,Mahnomen,-9.0,27087
27,Marshall,-19.299999999999997,27089
27,Martin,-14.599999999999994,27091
27,Meeker,-10.5,27093
27,Mille Lacs,-8.199999999999996,27095
27,Morrison,-19.9,27097
27,Mower,20.699999999999996,27099
27,Murray,-6.600000000000001,27101
27,Nicollet,-1.2000000000000028,27103
27,Nobles,-11.300000000000004,27105
27,Norman,-6.400000000000006,27107
27,Olmsted,-8.100000000000001,27109
27,Otter Tail,-25.0,27111
27,Pennington,-14.600000000000001,27113
27,Pine,2.200000000000003,27115
27,Pipestone,-14.700000000000003,27117
27,Polk,-13.0,27119
27,Pope,-0.6000000000000014,27121
27,Ramsey,20.800000000000004,27123
27,Red Lake,-12.5,27125
27,Redwood,-24.6,27127
27,Renville,-6.200000000000003,27129
27,Rice,8.700000000000003,27131
27,Rock,-13.799999999999997,27133
27,Roseau,-35.8,27135
27,St. Louis,26.799999999999997,27137
27,Scott,-14.700000000000003,27139
27,Sherburne,-15.200000000000003,27141
27,Sibley,-19.1,27143
27,Stearns,-12.199999999999996,27145
27,Steele,-8.300000000000004,27147
27,Stevens,-6.900000000000006,27149
27,Swift,5.899999999999999,27151
27,Todd,-17.1,27153
27,Traverse,-9.0,27155
27,Wabasha,-6.899999999999999,27157
27,Wadena,-23.200000000000003,27159
27,Waseca,-10.299999999999997,27161
27,Washington,-1.7000000000000028,27163
27,Watonwan,-5.899999999999999,27165
27,Wilkin,-29.9,27167
27,Winona,1.2999999999999972,27169
27,Wright,-16.299999999999997,27171
27,Yellow Medicine,-1.3000000000000043,27173
28,Adams,9.200000000000003,28001
28,Alcorn,-17.4,28003
28,Amite,-15.699999999999996,28005
28,Attala,-17.9,28007
28,Benton,9.400000000000006,28009
28,Bolivar,26.5,28011
28,Calhoun,-20.799999999999997,28013
28,Carroll,-29.199999999999996,28015
28,Chickasaw,-0.5,28017
28,Choctaw,-30.1,28019
28,Claiborne,60.4,28021
28,Clarke,-30.89999999999999,28023
28,Clay,11.599999999999994,28025
28,Coahoma,20.599999999999994,28027
28,Copiah,-7.5,28029
28,Covington,-22.6,28031
28,DeSoto,-43.800000000000004,28033
28,Forrest,-21.5,28035
28,Franklin,-23.799999999999997,28037
28,George,-43.49999999999999,28039
28,Greene,-39.8,28041
28,Grenada,-10.300000000000004,28043
28,Hancock,-31.099999999999994,28045
28,Harrison,-24.9,28047
28,Hinds,10.299999999999997,28049
28,Holmes,47.300000000000004,28051
28,Humphreys,16.700000000000003,28053
28,Issaquena,20.1,28055
28,Itawamba,-28.299999999999997,28057
28,Jackson,-35.2,28059
28,Jasper,-3.0,28061
28,Jefferson,64.1,28063
28,Jefferson Davis,7.5,28065
28,Jones,-35.39999999999999,28067
28,Kemper,9.300000000000004,28069
28,Lafayette,-15.399999999999999,28071
28,Lamar,-56.199999999999996,28073
28,Lauderdale,-34.300000000000004,28075
28,Lawrence,-12.699999999999996,28077
28,Leake,-19.0,28079
28,Lee,-25.6,28081
28,Leflore,15.799999999999997,28083
28,Lincoln,-32.2,28085
28,Lowndes,-20.099999999999994,28087
28,Madison,-29.1,28089
28,Marion,-24.4,28091
28,Marshall,23.9,28093
28,Monroe,-12.100000000000001,28095
28,Montgomery,-9.100000000000001,28097
28,Neshoba,-42.400000000000006,28099
28,Newton,-43.89999999999999,28101
28,Noxubee,37.4,28103
28,Oktibbeha,-10.299999999999997,28105
28,Panola,4.0,28107
28,Pearl River,-42.2,28109
28,Perry,-39.900000000000006,28111
28,Pike,-6.5,28113
28,Pontotoc,-40.300000000000004,28115
28,Prentiss,-21.300000000000004,28117
28,Quitman,24.1,28119
28,Rankin,-60.199999999999996,28121
28,Scott,-22.299999999999997,28123
28,Sharkey,21.799999999999997,28125
28,Simpson,-31.599999999999994,28127
28,Smith,-49.3,28129
28,Stone,-36.6,28131
28,Sunflower,19.200000000000003,28133
28,Tallahatchie,11.100000000000001,28135
28,Tate,-19.6,28137
28,Tippah,-29.4,28139
28,Tishomingo,-19.700000000000003,28141
28,Tunica,31.5,28143
28,Union,-32.2,28145
28,Walthall,-19.0,28147
28,Warren,-18.299999999999997,28149
28,Washington,16.599999999999994,28151
28,Wayne,-21.5,28153
28,Webster,-36.1,28155
28,Wilkinson,27.5,28157
28,Winston,-11.600000000000001,28159
28,Yalobusha,3.8999999999999986,28161
28,Yazoo,-2.5,28163
29,Adair,-18.4,29001
29,Andrew,-20.1,29003
29,Atchison,-27.300000000000004,29005
29,Audrain,-7.0,29007
29,Barry,-30.4,29009
29,Barton,-45.0,29011
29,Bates,-11.0,29013
29,Benton,-14.200000000000003,29015
29,Bollinger,-33.900000000000006,29017
29,Boone,0.5999999999999943,29019
29,Buchanan,1.9000000000000057,29021
29,Butler,-28.599999999999994,29023
29,Caldwell,-19.1,29025
29,Callaway,-10.0,29027
29,Camden,-23.6,29029
29,Cape Girardeau,-35.10000000000001,29031
29,Carroll,-27.5,29033
29,Carter,-26.1,29035
29,Cass,-14.5,29037
29,Cedar,-27.4,29039
29,Chariton,-12.299999999999997,29041
29,Christian,-29.799999999999997,29043
29,Clark,-2.1999999999999957,29045
29,Clay,0.0,29047
29,Clinton,-3.9000000000000057,29049
29,Cole,-24.700000000000003,29051
29,Cooper,-22.200000000000003,29053
29,Crawford,-16.9,29055
29,Dade,-34.0,29057
29,Dallas,-22.699999999999996,29059
29,Daviess,-18.5,29061
29,DeKalb,-19.799999999999997,29063
29,Dent,-36.0,29065
29,Douglas,-38.8,29067
29,Dunklin,-4.600000000000001,29069
29,Franklin,-14.5,29071
29,Gasconade,-29.200000000000003,29073
29,Gentry,-16.1,29075
29,Greene,-17.6,29077
29,Grundy,-30.0,29079
29,Harrison,-30.6,29081
29,Henry,-6.799999999999997,29083
29,Hickory,-5.0,29085
29,Holt,-32.599999999999994,29087
29,Howard,-10.399999999999999,29089
29,Howell,-31.099999999999994,29091
29,Iron,-4.400000000000006,29093
29,Jackson,20.6,29095
29,Jasper,-35.10000000000001,29097
29,Jefferson,2.3999999999999986,29099
29,Johnson,-14.300000000000004,29101
29,Knox,-21.400000000000006,29103
29,Laclede,-33.49999999999999,29105
29,Lafayette,-10.399999999999999,29107
29,Lawrence,-31.60000000000001,29109
29,Lewis,-8.199999999999996,29111
29,Lincoln,-10.0,29113
29,Linn,-10.0,29115
29,Livingston,-20.5,29117
29,McDonald,-39.699999999999996,29119
29,Macon,-19.700000000000003,29121
29,Madison,-14.5,29123
29,Maries,-17.200000000000003,29125
29,Marion,-13.299999999999997,29127
29,Mercer,-37.800000000000004,29129
29,Miller,-29.1,29131
29,Mississippi,6.899999999999999,29133
29,Moniteau,-26.200000000000003,29135
29,Monroe,-7.700000000000003,29137
29,Montgomery,-19.200000000000003,29139
29,Morgan,-15.600000000000001,29141
29,New Madrid,4.399999999999999,29143
29,Newton,-36.8,29145
29,Nodaway,-17.700000000000003,29147
29,Oregon,-22.6,29149
29,Osage,-35.800000000000004,29151
29,Ozark,-28.6,29153
29,Pemiscot,8.100000000000001,29155
29,Perry,-37.39999999999999,29157
29,Pettis,-23.299999999999997,29159
29,Phelps,-19.700000000000003,29161
29,Pike,-1.2000000000000028,29163
29,Platte,-7.200000000000003,29165
29,Polk,-27.5,29167
29,Pulaski,-25.9,29169
29,Putnam,-38.0,29171
29,Ralls,-9.100000000000001,29173
29,Randolph,-7.900000000000006,29175
29,Ray,4.700000000000003,29177
29,Reynolds,-14.799999999999997,29179
29,Ripley,-25.700000000000003,29181
29,St. Charles,-14.200000000000003,29183
29,St. Clair,-18.200000000000003,29185
29,Ste. Genevieve,1.3000000000000043,29186
29,St. Francois,-1.2999999999999972,29187
29,St. Louis,5.399999999999999,29189
29,Saline,0.10000000000000142,29195
29,Schuyler,-17.5,29197
29,Scotland,-25.0,29199
29,Scott,-16.199999999999996,29201
29,Shannon,-21.6,29203
29,Shelby,-20.699999999999996,29205
29,Stoddard,-26.1,29207
29,Stone,-30.699999999999996,29209
29,Sullivan,-24.5,29211
29,Taney,-30.099999999999994,29213
29,Texas,-26.699999999999996,29215
29,Vernon,-21.799999999999997,29217
29,Warren,-13.600000000000001,29219
29,Washington,0.3999999999999986,29221
29,Wayne,-16.400000000000006,29223
29,Webster,-26.799999999999997,29225
29,Worth,-15.700000000000003,29227
29,Wright,-40.099999999999994,29229
29,St. Louis City,57.50000000000001
30,Beaverhead,-55.2,30001
30,Big Horn,16.699999999999996,30003
30,Blaine,-5.899999999999999,30005
30,Broadwater,-49.400000000000006,30007
30,Carbon,-32.9,30009
30,Carter,-80.6,30011
30,Cascade,-15.100000000000001,30013
30,Chouteau,-46.900000000000006,30015
30,Custer,-33.699999999999996,30017
30,Daniels,-40.3,30019
30,Dawson,-31.9,30021
30,Deer Lodge,26.0
30,Fallon,-58.8,30025
30,Fergus,-49.99999999999999,30027
30,Flathead,-41.9,30029
30,Gallatin,-27.599999999999998,30031
30,Garfield,-79.3,30033
30,Glacier,12.200000000000003,30035
30,Golden Valley,-59.699999999999996,30037
30,Granite,-55.699999999999996,30039
30,Hill,-9.600000000000001,30041
30,Jefferson,-34.8,30043
30,Judith Basin,-55.9,30045
30,Lake,-22.4,30047
30,Lewis and Clark,-18.699999999999996,30049
30,Liberty,-48.7,30051
30,Lincoln,-50.3,30053
30,McCone,-49.00000000000001,30055
30,Madison,-51.89999999999999,30057
30,Meagher,-55.900000000000006,30059
30,Mineral,-42.5,30061
30,Missoula,-9.100000000000001,30063
30,Musselshell,-48.5,30065
30,Park,-32.0,30067
30,Petroleum,-71.2,30069
30,Phillips,-58.5,30071
30,Pondera,-40.0,30073
30,Powder River,-73.89999999999999,30075
30,Powell,-47.099999999999994,30077
30,Prairie,-50.5,30079
30,Ravalli,-39.400000000000006,30081
30,Richland,-45.7,30083
30,Roosevelt,11.899999999999999,30085
30,Rosebud,-12.599999999999994,30087
30,Sanders,-41.89999999999999,30089
30,Sheridan,-24.099999999999994,30091
30,Silver Bow,16.0
30,Stillwater,-46.99999999999999,30095
30,Sweet Grass,-62.0,30097
30,Teton,-43.6,30099
30,Toole,-42.400000000000006,30101
30,Treasure,-49.699999999999996,30103
30,Valley,-31.0,30105
30,Wheatland,-46.60000000000001,30107
30,Wibaux,-47.800000000000004,30109
30,Yellowstone,-23.6,30111
31,Adams,-35.99999999999999,31001
31,Antelope,-55.99999999999999,31003
31,Arthur,-76.80000000000001,31005
31,Banner,-70.30000000000001,31007
31,Blaine,-73.4,31009
31,Boone,-56.6,31011
31,Box Butte,-31.3,31013
31,Boyd,-53.7,31015
31,Brown,-66.9,31017
31,Buffalo,-48.6,31019
31,Burt,-24.5,31021
31,Butler,-42.00000000000001,31023
31,Cass,-24.199999999999996,31025
31,Cedar,-45.1,31027
31,Chase,-64.0,31029
31,Cherry,-65.89999999999999,31031
31,Cheyenne,-56.39999999999999,31033
31,Clay,-48.199999999999996,31035
31,Colfax,-44.5,31037
31,Cuming,-56.400000000000006,31039
31,Custer,-60.400000000000006,31041
31,Dakota,-7.0,31043
31,Dawes,-47.7,31045
31,Dawson,-50.2,31047
31,Deuel,-55.199999999999996,31049
31,Dixon,-36.300000000000004,31051
31,Dodge,-26.599999999999994,31053
31,Douglas,-15.200000000000003,31055
31,Dundy,-61.5,31057
31,Fillmore,-39.2,31059
31,Franklin,-46.5,31061
31,Frontier,-61.599999999999994,31063
31,Furnas,-54.099999999999994,31065
31,Gage,-21.299999999999997,31067
31,Garden,-62.3,31069
31,Garfield,-53.599999999999994,31071
31,Gosper,-52.2,31073
31,Grant,-71.5,31075
31,Greeley,-32.2,31077
31,Hall,-31.5,31079
31,Hamilton,-48.7,31081
31,Harlan,-49.599999999999994,31083
31,Hayes,-73.5,31085
31,Hitchcock,-54.99999999999999,31087
31,Holt,-62.6,31089
31,Hooker,-59.4,31091
31,Howard,-28.5,31093
31,Jefferson,-25.700000000000003,31095
31,Johnson,-19.699999999999996,31097
31,Kearney,-52.900000000000006,31099
31,Keith,-56.5,31101
31,Keya Paha,-67.1,31103
31,Kimball,-55.0,31105
31,Knox,-43.9,31107
31,Lancaster,-10.099999999999994,31109
31,Lincoln,-26.6,31111
31,Logan,-67.0,31113
31,Loup,-52.89999999999999,31115
31,McPherson,-65.19999999999999,31117
31,Madison,-53.4,31119
31,Merrick,-45.9,31121
31,Morrill,-53.2,31123
31,Nance,-36.60000000000001,31125
31,Nemaha,-32.99999999999999,31127
31,Nuckolls,-43.199999999999996,31129
31,Otoe,-29.6,31131
31,Pawnee,-27.300000000000004,31133
31,Perkins,-63.89999999999999,31135
31,Phelps,-57.099999999999994,31137
31,Pierce,-61.2,31139
31,Platte,-56.400000000000006,31141
31,Polk,-50.400000000000006,31143
31,Red Willow,-49.6,31145
31,Richardson,-29.900000000000006,31147
31,Rock,-65.3,31149
31,Saline,-5.100000000000001,31151
31,Sarpy,-31.700000000000003,31153
31,Saunders,-31.799999999999997,31155
31,Scotts Bluff,-39.50000000000001,31157
31,Seward,-31.4,31159
31,Sheridan,-66.5,31161
31,Sherman,-29.799999999999997,31163
31,Sioux,-70.6,31165
31,Stanton,-56.1,31167
31,Thayer,-42.400000000000006,31169
31,Thomas,-69.39999999999999,31171
31,Thurston,-5.600000000000001,31173
31,Valley,-45.3,31175
31,Washington,-37.199999999999996,31177
31,Wayne,-45.00000000000001,31179
31,Webster,-36.900000000000006,31181
31,Wheeler,-58.7,31183
31,York,-52.8,31185
32,Churchill,-45.900000000000006,32001
32,Clark,6.599999999999994,32003
32,Douglas,-29.799999999999997,32005
32,Elko,-59.9,32007
32,Esmeralda,-44.199999999999996,32009
32,Eureka,-57.6,32011
32,Humboldt,-49.9,32013
32,Lander,-57.800000000000004,32015
32,Lincoln,-46.49999999999999,32017
32,Lyon,-27.6,32019
32,Mineral,-13.600000000000001,32021
32,Nye,-19.6,32023
32,Pershing,-41.4,32027
32,Storey,-19.4,32029
32,Washoe,-9.399999999999999,32031
32,White Pine,-32.900000000000006,32033
32,Carson City,-19.200000000000003
33,Belknap,-15.200000000000003,33001
33,Carroll,-11.5,33003
33,Cheshire,10.700000000000003,33005
33,Coos,-5.200000000000003,33007
33,Grafton,0.5999999999999943,33009
33,Hillsborough,-1.9000000000000057,33011
33,Merrimack,0.8999999999999986,33013
33,Rockingham,-3.200000000000003,33015
33,Strafford,8.699999999999996,33017
33,Sullivan,-5.699999999999996,33019
34,Atlantic,18.9,34001
34,Bergen,13.699999999999996,34003
34,Burlington,15.299999999999997,34005
34,Camden,32.89999999999999,34007
34,Cape May,-3.3999999999999986,34009
34,Cumberland,19.1,34011
34,Essex,45.7,34013
34,Gloucester,17.5,34015
34,Hudson,44.39999999999999,34017
34,Hunterdon,-19.200000000000003,34019
34,Mercer,27.0,34021
34,Middlesex,23.799999999999997,34023
34,Monmouth,4.700000000000003,34025
34,Morris,-11.199999999999996,34027
34,Ocean,-1.5999999999999943,34029
34,Passaic,18.700000000000003,34031
34,Salem,5.5,34033
34,Somerset,-2.8999999999999986,34035
34,Sussex,-20.799999999999997,34037
34,Union,23.300000000000004,34039
34,Warren,-13.799999999999997,34041
35,Bernalillo,2.1000000000000014,35001
35,Catron,-53.800000000000004,35003
35,Chaves,-27.800000000000004,35005
35,Cibola,19.400000000000006,35006
35,Colfax,1.0,35007
35,Curry,-40.400000000000006,35009
35,De Baca,-26.799999999999997,35011
35,Dona Ana,5.699999999999996
35,Eddy,-18.1,35015
35,Grant,6.399999999999999,35017
35,Guadalupe,32.0,35019
35,Harding,-25.6,35021
35,Hidalgo,-6.299999999999997,35023
35,Lea,-44.2,35025
35,Lincoln,-35.9,35027
35,Los Alamos,-14.399999999999999,35028
35,Luna,-6.299999999999997,35029
35,McKinley,32.800000000000004,35031
35,Mora,36.0,35033
35,Otero,-29.599999999999994,35035
35,Quay,-21.300000000000004,35037
35,Rio Arriba,38.6,35039
35,Roosevelt,-35.39999999999999,35041
35,Sandoval,-1.7000000000000028,35043
35,San Juan,-27.199999999999996,35045
35,San Miguel,47.2,35047
35,Santa Fe,36.5,35049
35,Sierra,-22.5,35051
35,Socorro,1.7999999999999972,35053
35,Taos,39.39999999999999,35055
35,Torrance,-20.599999999999994,35057
35,Union,-46.5,35059
35,Valencia,-4.600000000000001,35061
36,Albany,26.799999999999997,36001
36,Allegany,-27.300000000000004,36003
36,Bronx,74.5
36,Broome,9.700000000000003,36007
36,Cattaraugus,-13.5,36009
36,Cayuga,6.0,36011
36,Chautauqua,-3.5,36013
36,Chemung,-3.5999999999999943,36015
36,Chenango,-4.5,36017
36,Clinton,7.5,36019
36,Columbia,1.2000000000000028,36021
36,Cortland,-0.8000000000000043,36023
36,Delaware,-10.899999999999999,36025
36,Dutchess,-0.20000000000000284,36027
36,Erie,18.9,36029
36,Essex,-5.0,36031
36,Franklin,7.0,36033
36,Fulton,-9.799999999999997,36035
36,Genesee,-16.4,36037
36,Greene,-13.5,36039
36,Hamilton,-34.60000000000001,36041
36,Herkimer,-7.0,36043
36,Jefferson,-3.799999999999997,36045
36,Kings,64.89999999999999
36,Lewis,-16.199999999999996,36049
36,Livingston,-17.5,36051
36,Madison,-10.100000000000001,36053
36,Monroe,6.5,36055
36,Montgomery,2.3999999999999986,36057
36,Nassau,19.5,36059
36,New York,65.19999999999999
36,Niagara,7.300000000000004,36063
36,Oneida,-3.8000000000000043,36065
36,Onondaga,12.899999999999999,36067
36,Ontario,-9.0,36069
36,Orange,-3.700000000000003,36071
36,Orleans,-20.300000000000004,36073
36,Oswego,-0.8999999999999986,36075
36,Otsego,-3.0,36077
36,Putnam,-7.899999999999999,36079
36,Queens,53.0
36,Rensselaer,7.699999999999996,36083
36,Richmond,6.899999999999999
36,Rockland,17.200000000000003,36087
36,St. Lawrence,12.5,36089
36,Saratoga,-3.3999999999999986,36091
36,Schenectady,11.300000000000004,36093
36,Schoharie,-15.200000000000003,36095
36,Schuyler,-13.200000000000003,36097
36,Seneca,0.7000000000000028,36099
36,Steuben,-23.700000000000003,36101
36,Suffolk,11.399999999999999,36103
36,Sullivan,5.799999999999997,36105
36,Tioga,-13.700000000000003,36107
36,Tompkins,21.1,36109
36,Ulster,6.0,36111
36,Warren,-9.799999999999997,36113
36,Washington,-12.600000000000001,36115
36,Wayne,-17.5,36117
36,Westchester,21.1,36119
36,Wyoming,-27.299999999999997,36121
36,Yates,-15.899999999999999,36123
37,Alamance,-25.1,37001
37,Alexander,-37.6,37003
37,Alleghany,-18.900000000000006,37005
37,Anson,20.4,37007
37,Ashe,-21.5,37009
37,Avery,-48.8,37011
37,Beaufort,-22.5,37013
37,Bertie,30.200000000000003,37015
37,Bladen,8.399999999999999,37017
37,Brunswick,-8.0,37019
37,Buncombe,-8.799999999999997,37021
37,Burke,-21.300000000000004,37023
37,Cabarrus,-33.2,37025
37,Caldwell,-33.50000000000001,37027
37,Camden,-15.600000000000001,37029
37,Carteret,-32.300000000000004,37031
37,Caswell,-2.1000000000000014,37033
37,Catawba,-35.400000000000006,37035
37,Chatham,1.0,37037
37,Cherokee,-31.700000000000003,37039
37,Chowan,0.30000000000000426,37041
37,Clay,-27.400000000000006,37043
37,Cleveland,-17.1,37045
37,Columbus,8.900000000000006,37047
37,Craven,-22.699999999999996,37049
37,Cumberland,0.7000000000000028,37051
37,Currituck,-22.299999999999997,37053
37,Dare,-13.200000000000003,37055
37,Davidson,-36.9,37057
37,Davie,-46.699999999999996,37059
37,Duplin,-9.5,37061
37,Durham,28.1,37063
37,Edgecombe,24.6,37065
37,Forsyth,-12.600000000000001,37067
37,Franklin,-6.600000000000001,37069
37,Gaston,-34.1,37071
37,Gates,13.5,37073
37,Graham,-38.699999999999996,37075
37,Granville,2.3999999999999986,37077
37,Greene,-14.899999999999999,37079
37,Guilford,-2.1999999999999957,37081
37,Halifax,20.700000000000003,37083
37,Harnett,-23.200000000000003,37085
37,Haywood,-10.399999999999999,37087
37,Henderson,-34.0,37089
37,Hertford,39.2,37091
37,Hoke,18.4,37093
37,Hyde,-2.0,37095
37,Iredell,-31.6,37097
37,Jackson,-4.299999999999997,37099
37,Johnston,-32.8,37101
37,Jones,-7.299999999999997,37103
37,Lee,-16.099999999999994,37105
37,Lenoir,-9.399999999999999,37107
37,Lincoln,-30.700000000000003,37109
37,McDowell,-31.1,37111
37,Macon,-28.1,37113
37,Madison,-14.100000000000001,37115
37,Martin,5.399999999999999,37117
37,Mecklenburg,-2.799999999999997,37119
37,Mitchell,-52.2,37121
37,Montgomery,-10.800000000000004,37123
37,Moore,-27.6,37125
37,Nash,-18.4,37127
37,New Hanover,-10.799999999999997,37129
37,Northampton,34.7,37131
37,Onslow,-31.099999999999994,37133
37,Orange,26.400000000000006,37135
37,Pamlico,-15.5,37137
37,Pasquotank,8.600000000000001,37139
37,Pender,-8.800000000000004,37141
37,Perquimans,-4.599999999999994,37143
37,Person,-14.199999999999996,37145
37,Pitt,-8.099999999999994,37147
37,Polk,-23.6,37149
37,Randolph,-45.9,37151
37,Richmond,11.700000000000003,37153
37,Robeson,20.6,37155
37,Rockingham,-17.5,37157
37,Rowan,-31.799999999999997,37159
37,Rutherford,-27.9,37161
37,Sampson,-8.5,37163
37,Scotland,20.0,37165
37,Stanly,-37.099999999999994,37167
37,Stokes,-40.7,37169
37,Surry,-32.7,37171
37,Swain,-2.8999999999999986,37173
37,Transylvania,-27.799999999999997,37175
37,Tyrrell,9.100000000000001,37177
37,Union,-35.99999999999999,37179
37,Vance,12.0,37181
37,Wake,-7.100000000000001,37183
37,Warren,34.9,37185
37,Washington,10.899999999999999,37187
37,Watauga,-13.200000000000003,37189
37,Wayne,-22.9,37191
37,Wilkes,-39.5,37193
37,Wilson,-8.800000000000004,37195
37,Yadkin,-53.4,37197
37,Yancey,-14.300000000000004,37199
38,Adams,-46.5,38001
38,Barnes,-26.5,38003
38,Benson,-4.799999999999997,38005
38,Billings,-59.4,38007
38,Bottineau,-31.900000000000002,38009
38,Bowman,-51.00000000000001,38011
38,Burke,-38.7,38013
38,Burleigh,-36.7,38015
38,Cass,-20.4,38017
38,Cavalier,-37.699999999999996,38019
38,Dickey,-37.6,38021
38,Divide,-17.299999999999997,38023
38,Dunn,-37.6,38025
38,Eddy,-19.299999999999997,38027
38,Emmons,-51.5,38029
38,Foster,-40.0,38031
38,Golden Valley,-56.0,38033
38,Grand Forks,-18.6,38035
38,Grant,-59.0,38037
38,Griggs,-29.700000000000003,38039
38,Hettinger,-46.39999999999999,38041
38,Kidder,-43.39999999999999,38043
38,LaMoure,-36.50000000000001,38045
38,Logan,-51.400000000000006,38047
38,McHenry,-29.1,38049
38,McIntosh,-50.6,38051
38,McKenzie,-41.49999999999999,38053
38,McLean,-30.700000000000003,38055
38,Mercer,-45.39999999999999,38057
38,Morton,-31.699999999999996,38059
38,Mountrail,-7.200000000000003,38061
38,Nelson,-18.700000000000003,38063
38,Oliver,-44.3,38065
38,Pembina,-35.4,38067
38,Pierce,-43.00000000000001,38069
38,Ramsey,-27.1,38071
38,Ransom,-15.0,38073
38,Renville,-28.300000000000004,38075
38,Richland,-31.299999999999997,38077
38,Rolette,28.799999999999997,38079
38,Sargent,-6.600000000000001,38081
38,Sheridan,-58.900000000000006,38083
38,Sioux,43.7,38085
38,Slope,-52.3,38087
38,Stark,-36.8,38089
38,Steele,-14.800000000000004,38091
38,Stutsman,-26.6,38093
38,Towner,-23.9,38095
38,Traill,-21.400000000000006,38097
38,Walsh,-26.199999999999996,38099
38,Ward,-28.799999999999997,38101
38,Wells,-39.4,38103
38,Williams,-36.60000000000001,38105
39,Adams,-27.299999999999997,39001
39,Allen,-33.400000000000006,39003
39,Ashland,-32.300000000000004,39005
39,Ashtabula,4.800000000000004,39007
39,Athens,13.600000000000001,39009
39,Auglaize,-41.2,39011
39,Belmont,11.100000000000001,39013
39,Brown,-24.6,39015
39,Butler,-29.4,39017
39,Carroll,-14.399999999999999,39019
39,Champaign,-20.799999999999997,39021
39,Clark,0.5,39023
39,Clermont,-37.50000000000001,39025
39,Clinton,-33.400000000000006,39027
39,Columbiana,-2.6000000000000014,39029
39,Coshocton,-18.599999999999994,39031
39,Crawford,-25.799999999999997,39033
39,Cuyahoga,29.200000000000003,39035
39,Darke,-30.400000000000006,39037
39,Defiance,-20.700000000000003,39039
39,Delaware,-35.199999999999996,39041
39,Erie,4.600000000000001,39043
39,Fairfield,-26.799999999999997,39045
39,Fayette,-25.099999999999994,39047
39,Franklin,1.0,39049
39,Fulton,-25.1,39051
39,Gallia,-20.699999999999996,39053
39,Geauga,-23.700000000000003,39055
39,Greene,-19.800000000000004,39057
39,Guernsey,-9.899999999999999,39059
39,Hamilton,-11.200000000000003,39061
39,Hancock,-39.8,39063
39,Hardin,-21.200000000000003,39065
39,Harrison,-0.9000000000000057,39067
39,Henry,-31.400000000000006,39069
39,Highland,-28.5,39071
39,Hocking,-11.399999999999999,39073
39,Holmes,-51.300000000000004,39075
39,Huron,-19.200000000000003,39077
39,Jackson,-14.600000000000001,39079
39,Jefferson,7.100000000000001,39081
39,Knox,-29.4,39083
39,Lake,-5.200000000000003,39085
39,Lawrence,-5.0,39087
39,Licking,-22.4,39089
39,Logan,-32.0,39091
39,Lorain,10.5,39093
39,Lucas,18.699999999999996,39095
39,Madison,-24.6,39097
39,Mahoning,25.1,39099
39,Marion,-13.100000000000001,39101
39,Medina,-16.0,39103
39,Meigs,-21.200000000000003,39105
39,Mercer,-39.7,39107
39,Miami,-24.4,39109
39,Monroe,6.5,39111
39,Montgomery,2.1000000000000014,39113
39,Morgan,-19.9,39115
39,Morrow,-25.800000000000004,39117
39,Muskingum,-14.100000000000001,39119
39,Noble,-19.1,39121
39,Ottawa,-2.200000000000003,39123
39,Paulding,-20.400000000000006,39125
39,Perry,-4.200000000000003,39127
39,Pickaway,-23.199999999999996,39129
39,Pike,-3.8999999999999986,39131
39,Portage,5.100000000000001,39133
39,Preble,-26.4,39135
39,Putnam,-50.6,39137
39,Richland,-18.1,39139
39,Ross,-7.900000000000006,39141
39,Sandusky,-9.900000000000006,39143
39,Scioto,-3.5,39145
39,Seneca,-17.799999999999997,39147
39,Shelby,-29.9,39149
39,Stark,-1.7999999999999972,39151
39,Summit,10.299999999999997,39153
39,Trumbull,23.9,39155
39,Tuscarawas,-9.900000000000006,39157
39,Union,-37.99999999999999,39159
39,Van Wert,-33.900000000000006,39161
39,Vinton,-13.799999999999997,39163
39,Warren,-42.2,39165
39,Washington,-18.699999999999996,39167
39,Wayne,-26.200000000000003,39169
39,Williams,-28.1,39171
39,Wood,-9.200000000000003,39173
39,Wyandot,-27.6,39175
40,Adair,-19.1,40001
40,Alfalfa,-51.900000000000006,40003
40,Atoka,-10.799999999999997,40005
40,Beaver,-71.4,40007
40,Beckham,-25.4,40009
40,Blaine,-30.099999999999994,40011
40,Bryan,-4.5,40013
40,Caddo,-6.100000000000001,40015
40,Canadian,-45.599999999999994,40017
40,Carter,-18.200000000000003,40019
40,Cherokee,2.4000000000000057,40021
40,Choctaw,6.400000000000006,40023
40,Cimarron,-67.60000000000001,40025
40,Cleveland,-25.700000000000003,40027
40,Coal,-2.0,40029
40,Comanche,-17.5,40031
40,Cotton,-12.899999999999999,40033
40,Craig,-4.5,40035
40,Creek,-16.1,40037
40,Custer,-35.0,40039
40,Delaware,-15.800000000000004,40041
40,Dewey,-45.400000000000006,40043
40,Ellis,-52.0,40045
40,Garfield,-38.5,40047
40,Garvin,-13.600000000000001,40049
40,Grady,-24.6,40051
40,Grant,-42.10000000000001,40053
40,Greer,-20.799999999999997,40055
40,Harmon,-15.299999999999997,40057
40,Harper,-54.8,40059
40,Haskell,10.100000000000001,40061
40,Hughes,3.0,40063
40,Jackson,-37.7,40065
40,Jefferson,-2.8999999999999986,40067
40,Johnston,-6.700000000000003,40069
40,Kay,-31.099999999999994,40071
40,Kingfisher,-56.0,40073
40,Kiowa,-16.699999999999996,40075
40,Latimer,3.3999999999999986,40077
40,Le Flore,-11.199999999999996,40079
40,Lincoln,-27.700000000000003,40081
40,Logan,-28.6,40083
40,Love,-8.200000000000003,40085
40,McClain,-29.1,40087
40,McCurtain,-27.200000000000003,40089
40,McIntosh,9.800000000000004,40091
40,Major,-60.800000000000004,40093
40,Marshall,-8.799999999999997,40095
40,Mayes,-3.6000000000000014,40097
40,Murray,-7.0,40099
40,Muskogee,2.8000000000000043,40101
40,Noble,-38.699999999999996,40103
40,Nowata,-9.599999999999994,40105
40,Okfuskee,-2.5,40107
40,Oklahoma,-25.699999999999996,40109
40,Okmulgee,10.5,40111
40,Osage,-3.8000000000000043,40113
40,Ottawa,0.20000000000000284,40115
40,Pawnee,-16.0,40117
40,Payne,-23.800000000000004,40119
40,Pittsburg,-5.5,40121
40,Pontotoc,-14.899999999999999,40123
40,Pottawatomie,-20.0,40125
40,Pushmataha,-8.300000000000004,40127
40,Roger Mills,-46.99999999999999,40129
40,Rogers,-23.900000000000006,40131
40,Seminole,-2.8999999999999986,40133
40,Sequoyah,-9.700000000000003,40135
40,Stephens,-25.1,40137
40,Texas,-63.7,40139
40,Tillman,-15.5,40141
40,Tulsa,-24.0,40143
40,Wagoner,-22.0,40145
40,Washington,-34.5,40147
40,Washita,-28.799999999999997,40149
40,Woods,-38.099999999999994,40151
40,Woodward,-43.900000000000006,40153
41,Baker,-41.4,41001
41,Benton,9.5,41003
41,Clackamas,-0.6999999999999957,41005
41,Clatsop,8.199999999999996,41007
41,Columbia,4.5,41009
41,Coos,-13.700000000000003,41011
41,Crook,-34.9,41013
41,Curry,-21.4,41015
41,Deschutes,-17.4,41017
41,Douglas,-34.1,41019
41,Gilliam,-29.4,41021
41,Grant,-64.7,41023
41,Harney,-54.5,41025
41,Hood River,4.100000000000001,41027
41,Jackson,-15.199999999999996,41029
41,Jefferson,-16.700000000000003,41031
41,Josephine,-28.1,41033
41,Klamath,-40.6,41035
41,Lake,-56.900000000000006,41037
41,Lane,11.100000000000001,41039
41,Lincoln,11.399999999999999,41041
41,Linn,-19.5,41043
41,Malheur,-50.8,41045
41,Marion,-7.100000000000001,41047
41,Morrow,-28.4,41049
41,Multnomah,35.3,41051
41,Polk,-10.800000000000004,41053
41,Sherman,-33.2,41055
41,Tillamook,-0.10000000000000142,41057
41,Umatilla,-27.4,41059
41,Union,-35.300000000000004,41061
41,Wallowa,-56.900000000000006,41063
41,Wasco,-6.900000000000006,41065
41,Washington,2.4000000000000057,41067
41,Wheeler,-45.400000000000006,41069
41,Yamhill,-13.899999999999999,41071
42,Adams,-27.4,42001
42,Allegheny,16.200000000000003,42003
42,Armstrong,-16.0,42005
42,Beaver,8.799999999999997,42007
42,Bedford,-41.8,42009
42,Berks,-9.0,42011
42,Blair,-28.0,42013
42,Bradford,-28.9,42015
42,Bucks,4.200000000000003,42017
42,Butler,-26.800000000000004,42019
42,Cambria,3.8999999999999986,42021
42,Cameron,-26.9,42023
42,Carbon,4.399999999999999,42025
42,Centre,-9.599999999999994,42027
42,Chester,-9.599999999999994,42029
42,Clarion,-26.4,42031
42,Clearfield,-20.5,42033
42,Clinton,-4.600000000000001,42035
42,Columbia,-14.200000000000003,42037
42,Crawford,-16.800000000000004,42039
42,Cumberland,-27.0,42041
42,Dauphin,-9.199999999999996,42043
42,Delaware,11.699999999999996,42045
42,Elk,-11.700000000000003,42047
42,Erie,9.299999999999997,42049
42,Fayette,16.4,42051
42,Forest,-23.200000000000003,42053
42,Franklin,-37.00000000000001,42055
42,Fulton,-44.0,42057
42,Greene,9.899999999999999,42059
42,Huntingdon,-33.400000000000006,42061
42,Indiana,-10.0,42063
42,Jefferson,-33.5,42065
42,Juniata,-36.300000000000004,42067
42,Lackawanna,23.200000000000003,42069
42,Lancaster,-34.8,42071
42,Lawrence,6.399999999999999,42073
42,Lebanon,-27.1,42075
42,Lehigh,1.0,42077
42,Luzerne,8.200000000000003,42079
42,Lycoming,-28.9,42081
42,McKean,-26.200000000000003,42083
42,Mercer,1.3999999999999986,42085
42,Mifflin,-31.199999999999996,42087
42,Monroe,-2.8000000000000043,42089
42,Montgomery,9.700000000000003,42091
42,Montour,-24.700000000000003,42093
42,Northampton,5.400000000000006,42095
42,Northumberland,-13.5,42097
42,Perry,-41.89999999999999,42099
42,Philadelphia,62.0
42,Pike,-11.599999999999994,42103
42,Potter,-39.8,42105
42,Schuylkill,-6.200000000000003,42107
42,Snyder,-42.3,42109
42,Somerset,-24.799999999999997,42111
42,Sullivan,-27.800000000000004,42113
42,Susquehanna,-21.700000000000003,42115
42,Tioga,-33.900000000000006,42117
42,Union,-32.800000000000004,42119
42,Venango,-16.800000000000004,42121
42,Warren,-10.0,42123
42,Washington,9.0,42125
42,Wayne,-22.700000000000003,42127
42,Westmoreland,-5.800000000000004,42129
42,Wyoming,-21.800000000000004,42131
42,York,-24.700000000000003,42133
44,Bristol,21.700000000000003
44,Kent,24.5
44,Newport,17.199999999999996
44,Providence,37.199999999999996
44,Washington,14.800000000000004
45,Abbeville,-8.100000000000001,45001
45,Aiken,-33.10000000000001,45003
45,Allendale,41.0,45005
45,Anderson,-28.6,45007
45,Bamberg,25.300000000000004,45009
45,Barnwell,-10.399999999999999,45011
45,Beaufort,-18.299999999999997,45013
45,Berkeley,-16.300000000000004,45015
45,Calhoun,-2.3999999999999986,45017
45,Charleston,-7.800000000000004,45019
45,Cherokee,-23.1,45021
45,Chester,2.4000000000000057,45023
45,Chesterfield,-1.2000000000000028,45025
45,Clarendon,7.200000000000003,45027
45,Colleton,-2.299999999999997,45029
45,Darlington,-4.700000000000003,45031
45,Dillon,10.599999999999994,45033
45,Dorchester,-25.4,45035
45,Edgefield,-9.199999999999996,45037
45,Fairfield,26.800000000000004,45039
45,Florence,-15.700000000000003,45041
45,Georgetown,-5.399999999999999,45043
45,Greenville,-34.89999999999999,45045
45,Greenwood,-19.5,45047
45,Hampton,27.0,45049
45,Horry,-15.600000000000001,45051
45,Jasper,19.1,45053
45,Kershaw,-22.799999999999997,45055
45,Lancaster,-14.0,45057
45,Laurens,-20.5,45059
45,Lee,18.400000000000006,45061
45,Lexington,-42.400000000000006,45063
45,McCormick,5.299999999999997,45065
45,Marion,22.0,45067
45,Marlboro,30.0,45069
45,Newberry,-24.800000000000004,45071
45,Oconee,-33.1,45073
45,Orangeburg,21.799999999999997,45075
45,Pickens,-45.60000000000001,45077
45,Richland,11.100000000000001,45079
45,Saluda,-20.6,45081
45,Spartanburg,-27.0,45083
45,Sumter,-5.100000000000001,45085
45,Union,-10.5,45087
45,Williamsburg,19.4,45089
45,York,-26.700000000000003,45091
46,Aurora,-23.6,46003
46,Beadle,-14.600000000000001,46005
46,Bennett,-30.0,46007
46,Bon Homme,-23.6,46009
46,Brookings,-15.200000000000003,46011
46,Brown,-11.400000000000006,46013
46,Brule,-20.799999999999997,46015
46,Buffalo,28.400000000000006,46017
46,Butte,-52.0,46019
46,Campbell,-64.6,46021
46,Charles Mix,-25.300000000000004,46023
46,Clark,-22.799999999999997,46025
46,Clay,5.400000000000006,46027
46,Codington,-22.699999999999996,46029
46,Corson,-6.399999999999999,46031
46,Custer,-43.099999999999994,46033
46,Davison,-20.0,46035
46,Day,-4.099999999999994,46037
46,Deuel,-14.399999999999999,46039
46,Dewey,7.0,46041
46,Douglas,-55.5,46043
46,Edmunds,-29.299999999999997,46045
46,Fall River,-30.700000000000003,46047
46,Faulk,-38.8,46049
46,Grant,-19.9,46051
46,Gregory,-34.10000000000001,46053
46,Haakon,-68.6,46055
46,Hamlin,-29.700000000000003,46057
46,Hand,-42.10000000000001,46059
46,Hanson,-34.2,46061
46,Harding,-80.10000000000001,46063
46,Hughes,-39.50000000000001,46065
46,Hutchinson,-39.900000000000006,46067
46,Hyde,-44.800000000000004,46069
46,Jackson,-35.39999999999999,46071
46,Jerauld,-13.899999999999999,46073
46,Jones,-56.1,46075
46,Kingsbury,-20.6,46077
46,Lake,-7.699999999999996,46079
46,Lawrence,-37.599999999999994,46081
46,Lincoln,-25.6,46083
46,Lyman,-28.300000000000004,46085
46,McCook,-24.5,46087
46,McPherson,-54.900000000000006,46089
46,Marshall,-7.599999999999994,46091
46,Meade,-49.2,46093
46,Mellette,-37.2,46095
46,Miner,-15.900000000000006,46097
46,Minnehaha,-10.399999999999999,46099
46,Moody,-1.5999999999999943,46101
46,Pennington,-37.199999999999996,46103
46,Perkins,-58.199999999999996,46105
46,Potter,-50.60000000000001,46107
46,Roberts,-13.199999999999996,46109
46,Sanborn,-23.6,46111
46,Shannon,72.5,46113
46,Spink,-20.800000000000004,46115
46,Stanley,-40.1,46117
46,Sully,-48.7,46119
46,Todd,34.5,46121
46,Tripp,-40.1,46123
46,Turner,-27.5,46125
46,Union,-15.700000000000003,46127
46,Walworth,-40.7,46129
46,Yankton,-15.0,46135
46,Ziebach,-9.699999999999996,46137
47,Anderson,-3.8999999999999986,47001
47,Bedford,1.8999999999999986,47003
47,Benton,19.200000000000003,47005
47,Bledsoe,-14.900000000000006,47007
47,Blount,-26.1,47009
47,Bradley,-38.7,47011
47,Campbell,5.699999999999996,47013
47,Cannon,16.4,47015
47,Carroll,-2.1000000000000014,47017
47,Carter,-28.199999999999996,47019
47,Cheatham,-2.299999999999997,47021
47,Chester,-22.6,47023
47,Claiborne,-13.099999999999994,47025
47,Clay,13.5,47027
47,Cocke,-22.6,47029
47,Coffee,-0.29999999999999716,47031
47,Crockett,0.5,47033
47,Cumberland,-17.599999999999994,47035
47,Davidson,17.5
47,Decatur,5.300000000000004,47039
47,DeKalb,21.6,47041
47,Dickson,8.5,47043
47,Dyer,-7.300000000000004,47045
47,Fayette,-11.799999999999997,47047
47,Fentress,-14.800000000000004,47049
47,Franklin,8.599999999999994,47051
47,Gibson,2.200000000000003,47053
47,Giles,11.399999999999999,47055
47,Grainger,-22.4,47057
47,Greene,-22.200000000000003,47059
47,Grundy,30.799999999999997,47061
47,Hamblen,-21.6,47063
47,Hamilton,-12.299999999999997,47065
47,Hancock,-31.400000000000006,47067
47,Hardeman,13.899999999999999,47069
47,Hardin,-13.899999999999999,47071
47,Hawkins,-19.4,47073
47,Haywood,20.6,47075
47,Henderson,-23.699999999999996,47077
47,Henry,1.2000000000000028,47079
47,Hickman,18.299999999999997,47081
47,Houston,34.7,47083
47,Humphreys,27.199999999999996,47085
47,Jackson,40.4,47087
47,Jefferson,-24.4,47089
47,Johnson,-34.099999999999994,47091
47,Knox,-17.200000000000003,47093
47,Lake,28.699999999999996,47095
47,Lauderdale,11.699999999999996,47097
47,Lawrence,-6.700000000000003,47099
47,Lewis,5.5,47101
47,Lincoln,-3.5,47103
47,Loudon,-26.6,47105
47,McMinn,-24.200000000000003,47107
47,McNairy,-10.0,47109
47,Macon,-4.799999999999997,47111
47,Madison,-6.100000000000001,47113
47,Marion,7.700000000000003,47115
47,Marshall,10.700000000000003,47117
47,Maury,-3.3999999999999986,47119
47,Meigs,-7.100000000000001,47121
47,Monroe,-16.799999999999997,47123
47,Montgomery,-2.0999999999999943,47125
47,Moore,-1.6999999999999957
47,Morgan,-3.6000000000000014,47129
47,Obion,-0.8999999999999986,47131
47,Overton,21.700000000000003,47133
47,Perry,17.0,47135
47,Pickett,-15.300000000000004,47137
47,Polk,-6.0,47139
47,Putnam,-2.0,47141
47,Rhea,-22.299999999999997,47143
47,Roane,-8.300000000000004,47145
47,Robertson,2.799999999999997,47147
47,Rutherford,-9.799999999999997,47149
47,Scott,-9.200000000000003,47151
47,Sequatchie,-13.399999999999999,47153
47,Sevier,-33.6,47155
47,Shelby,14.399999999999999,47157
47,Smith,34.1,47159
47,Stewart,21.799999999999997,47161
47,Sullivan,-21.800000000000004,47163
47,Sumner,-10.900000000000006,47165
47,Tipton,-22.699999999999996,47167
47,Trousdale,34.5
47,Unicoi,-18.9,47171
47,Union,-11.0,47173
47,Van Buren,19.199999999999996,47175
47,Warren,13.900000000000006,47177
47,Washington,-20.6,47179
47,Wayne,-28.5,47181
47,Weakley,-4.600000000000001,47183
47,White,7.900000000000006,47185
47,Williamson,-34.49999999999999,47187
47,Wilson,-6.399999999999999,47189
48,Anderson,-31.800000000000004,48001
48,Andrews,-55.0,48003
48,Angelina,-24.800000000000004,48005
48,Aransas,-33.400000000000006,48007
48,Archer,-49.0,48009
48,Armstrong,-66.3,48011
48,Atascosa,-17.799999999999997,48013
48,Austin,-46.1,48015
48,Bailey,-52.7,48017
48,Bandera,-57.6,48019
48,Bastrop,-18.199999999999996,48021
48,Baylor,-31.4,48023
48,Bee,-7.600000000000001,48025
48,Bell,-31.89999999999999,48027
48,Bexar,-7.300000000000004,48029
48,Blanco,-52.2,48031
48,Borden,-62.6,48033
48,Bosque,-41.599999999999994,48035
48,Bowie,-21.9,48037
48,Brazoria,-35.699999999999996,48039
48,Brazos,-43.7,48041
48,Brewster,-14.5,48043
48,Briscoe,-41.5,48045
48,Brooks,53.4,48047
48,Brown,-50.10000000000001,48049
48,Burleson,-22.299999999999997,48051
48,Burnet,-43.300000000000004,48053
48,Caldwell,-14.199999999999996,48055
48,Calhoun,-14.600000000000001,48057
48,Callahan,-50.7,48059
48,Cameron,8.700000000000003,48061
48,Camp,-13.200000000000003,48063
48,Carson,-63.3,48065
48,Cass,-15.200000000000003,48067
48,Castro,-37.4,48069
48,Chambers,-39.5,48071
48,Cherokee,-33.3,48073
48,Childress,-42.5,48075
48,Clay,-35.599999999999994,48077
48,Cochran,-39.50000000000001,48079
48,Coke,-51.6,48081
48,Coleman,-51.3,48083
48,Collin,-48.699999999999996,48085
48,Collingsworth,-38.5,48087
48,Colorado,-37.099999999999994,48089
48,Comal,-53.3,48091
48,Comanche,-33.800000000000004,48093
48,Concho,-49.900000000000006,48095
48,Cooke,-51.800000000000004,48097
48,Coryell,-38.60000000000001,48099
48,Cottle,-34.5,48101
48,Crane,-51.9,48103
48,Crockett,-32.699999999999996,48105
48,Crosby,-28.199999999999996,48107
48,Culberson,16.200000000000003,48109
48,Dallam,-59.800000000000004,48111
48,Dallas,-7.700000000000003,48113
48,Dawson,-38.8,48115
48,Deaf Smith,-49.1,48117
48,Delta,-22.0,48119
48,Denton,-42.3,48121
48,Dewitt,-48.00000000000001
48,Dickens,-34.7,48125
48,Dimmit,43.900000000000006,48127
48,Donley,-56.6,48129
48,Duval,59.199999999999996,48131
48,Eastland,-42.89999999999999,48133
48,Ector,-40.99999999999999,48135
48,Edwards,-42.9,48137
48,Ellis,-41.400000000000006,48139
48,El Paso,18.099999999999994,48141
48,Erath,-47.89999999999999,48143
48,Falls,-14.400000000000006,48145
48,Fannin,-19.0,48147
48,Fayette,-43.800000000000004,48149
48,Fisher,-4.5,48151
48,Floyd,-51.599999999999994,48153
48,Foard,-4.100000000000001,48155
48,Fort Bend,-21.1,48157
48,Franklin,-40.400000000000006,48159
48,Freestone,-29.1,48161
48,Frio,13.100000000000001,48163
48,Gaines,-56.9,48165
48,Galveston,-11.200000000000003,48167
48,Garza,-47.99999999999999,48169
48,Gillespie,-66.39999999999999,48171
48,Glasscock,-85.7,48173
48,Goliad,-25.700000000000003,48175
48,Gonzales,-36.50000000000001,48177
48,Gray,-65.4,48179
48,Grayson,-29.89999999999999,48181
48,Gregg,-40.3,48183
48,Grimes,-25.700000000000003,48185
48,Guadalupe,-43.099999999999994,48187
48,Hale,-51.7,48189
48,Hall,-34.199999999999996,48191
48,Hamilton,-46.5,48193
48,Hansford,-80.3,48195
48,Hardeman,-26.300000000000004,48197
48,Hardin,-35.699999999999996,48199
48,Harris,-11.399999999999999,48201
48,Harrison,-21.5,48203
48,Hartley,-63.3,48205
48,Haskell,-2.8999999999999986,48207
48,Hays,-25.599999999999994,48209
48,Hemphill,-64.6,48211
48,Henderson,-30.799999999999997,48213
48,Hidalgo,22.9,48215
48,Hill,-32.900000000000006,48217
48,Hockley,-56.8,48219
48,Hood,-44.1,48221
48,Hopkins,-31.10000000000001,48223
48,Houston,-30.000000000000007,48225
48,Howard,-41.099999999999994,48227
48,Hudspeth,-14.5,48229
48,Hunt,-33.99999999999999,48231
48,Hutchinson,-60.39999999999999,48233
48,Irion,-58.300000000000004,48235
48,Jack,-43.199999999999996,48237
48,Jackson,-39.5,48239
48,Jasper,-21.6,48241
48,Jeff Davis,-40.099999999999994,48243
48,Jefferson,5.800000000000004,48245
48,Jim Hogg,41.199999999999996,48247
48,Jim Wells,24.300000000000004,48249
48,Johnson,-37.300000000000004,48251
48,Jones,-36.1,48253
48,Karnes,-23.700000000000003,48255
48,Kaufman,-34.0,48257
48,Kendall,-62.2,48259
48,Kenedy,5.700000000000003,48261
48,Kent,-30.099999999999994,48263
48,Kerr,-55.3,48265
48,Kimble,-59.099999999999994,48267
48,King,-77.39999999999999,48269
48,Kinney,-30.799999999999997,48271
48,Kleberg,-0.5,48273
48,Knox,-21.0,48275
48,Lamar,-27.4,48277
48,Lamb,-50.89999999999999,48279
48,Lampasas,-47.599999999999994,48281
48,La Salle,26.6,48283
48,Lavaca,-41.3,48285
48,Lee,-35.5,48287
48,Leon,-39.1,48289
48,Liberty,-25.700000000000003,48291
48,Limestone,-20.4,48293
48,Lipscomb,-66.89999999999999,48295
48,Live Oak,-42.8,48297
48,Llano,-48.2,48299
48,Loving,-60.9,48301
48,Lubbock,-49.400000000000006,48303
48,Lynn,-45.3,48305
48,McCulloch,-44.2,48307
48,McLennan,-29.799999999999997,48309
48,McMullen,-64.0,48311
48,Madison,-30.10000000000001,48313
48,Marion,-4.799999999999997,48315
48,Martin,-56.7,48317
48,Mason,-51.89999999999999,48319
48,Matagorda,-23.199999999999996,48321
48,Maverick,30.9,48323
48,Medina,-35.400000000000006,48325
48,Menard,-31.099999999999994,48327
48,Midland,-60.3,48329
48,Milam,-15.399999999999999,48331
48,Mills,-51.39999999999999,48333
48,Mitchell,-33.900000000000006,48335
48,Montague,-36.7,48337
48,Montgomery,-54.00000000000001,48339
48,Moore,-59.7,48341
48,Morris,1.5,48343
48,Motley,-61.699999999999996,48345
48,Nacogdoches,-35.10000000000001,48347
48,Navarro,-21.6,48349
48,Newton,1.6000000000000014,48351
48,Nolan,-27.5,48353
48,Nueces,-4.699999999999996,48355
48,Ochiltree,-82.2,48357
48,Oldham,-71.1,48359
48,Orange,-18.299999999999997,48361
48,Palo Pinto,-26.6,48363
48,Panola,-32.599999999999994,48365
48,Parker,-44.5,48367
48,Parmer,-66.60000000000001,48369
48,Pecos,-26.900000000000006,48371
48,Polk,-25.599999999999994,48373
48,Potter,-41.0,48375
48,Presidio,25.4,48377
48,Rains,-24.700000000000003,48379
48,Randall,-63.900000000000006,48381
48,Reagan,-53.900000000000006,48383
48,Real,-55.7,48385
48,Red River,-13.799999999999997,48387
48,Reeves,18.799999999999997,48389
48,Refugio,-18.799999999999997,48391
48,Roberts,-72.9,48393
48,Robertson,4.299999999999997,48395
48,Rockwall,-56.800000000000004,48397
48,Runnels,-50.699999999999996,48399
48,Rusk,-40.699999999999996,48401
48,Sabine,-22.0,48403
48,San Augustine,-12.600000000000001,48405
48,San Jacinto,-21.699999999999996,48407
48,San Patricio,-14.800000000000004,48409
48,San Saba,-46.0,48411
48,Schleicher,-41.60000000000001,48413
48,Scurry,-53.800000000000004,48415
48,Shackelford,-59.49999999999999,48417
48,Shelby,-27.400000000000006,48419
48,Sherman,-73.39999999999999,48421
48,Smith,-44.3,48423
48,Somervell,-46.900000000000006,48425
48,Starr,54.300000000000004,48427
48,Stephens,-49.1,48429
48,Sterling,-58.900000000000006,48431
48,Stonewall,-25.300000000000004,48433
48,Sutton,-38.6,48435
48,Swisher,-30.299999999999997,48437
48,Tarrant,-23.900000000000006,48439
48,Taylor,-49.300000000000004,48441
48,Terrell,-5.0,48443
48,Terry,-44.5,48445
48,Throckmorton,-45.1,48447
48,Titus,-24.5,48449
48,Tom Green,-44.60000000000001,48451
48,Travis,-5.199999999999996,48453
48,Trinity,-18.0,48455
48,Tyler,-20.5,48457
48,Upshur,-33.4,48459
48,Upton,-56.199999999999996,48461
48,Uvalde,-16.900000000000006,48463
48,Val Verde,-10.100000000000001,48465
48,Van Zandt,-39.900000000000006,48467
48,Victoria,-38.7,48469
48,Walker,-28.700000000000003,48471
48,Waller,-5.899999999999999,48473
48,Ward,-33.00000000000001,48475
48,Washington,-47.800000000000004,48477
48,Webb,16.0,48479
48,Wharton,-27.0,48481
48,Wheeler,-50.599999999999994,48483
48,Wichita,-32.099999999999994,48485
48,Wilbarger,-38.99999999999999,48487
48,Willacy,28.300000000000004,48489
48,Williamson,-40.099999999999994,48491
48,Wilson,-30.0,48493
48,Winkler,-44.7,48495
48,Wise,-39.099999999999994,48497
48,Wood,-42.7,48499
48,Yoakum,-56.0,48501
48,Young,-45.7,48503
48,Zapata,26.200000000000003,48505
48,Zavala,54.99999999999999,48507
49,Beaver,-49.400000000000006,49001
49,Box Elder,-62.900000000000006,49003
49,Cache,-62.6,49005
49,Carbon,-6.199999999999996,49007
49,Daggett,-49.00000000000001,49009
49,Davis,-51.8,49011
49,Duchesne,-62.6,49013
49,Emery,-51.900000000000006,49015
49,Garfield,-78.3,49017
49,Grand,-18.4,49019
49,Iron,-66.0,49021
49,Juab,-50.39999999999999,49023
49,Kane,-66.60000000000001,49025
49,Millard,-66.0,49027
49,Morgan,-60.300000000000004,49029
49,Piute,-63.2,49031
49,Rich,-64.7,49033
49,Salt Lake,-20.799999999999997,49035
49,San Juan,-18.699999999999996,49037
49,Sanpete,-61.5,49039
49,Sevier,-66.60000000000001,49041
49,Summit,-12.899999999999999,49043
49,Tooele,-30.5,49045
49,Uintah,-63.7,49047
49,Utah,-68.0,49049
49,Wasatch,-41.3,49051
49,Washington,-61.7,49053
49,Wayne,-61.3,49055
49,Weber,-30.900000000000002,49057
50,Addison,11.399999999999999,50001
50,Bennington,9.799999999999997,50003
50,Caledonia,-6.5,50005
50,Chittenden,18.199999999999996,50007
50,Essex,-15.100000000000001,50009
50,Franklin,5.899999999999999,50011
50,Grand Isle,7.799999999999997,50013
50,Lamoille,10.899999999999999,50015
50,Orange,-1.1000000000000014,50017
50,Orleans,-2.6999999999999957,50019
50,Rutland,1.5,50021
50,Washington,12.899999999999999,50023
50,Windham,18.5,50025
50,Windsor,11.699999999999996,50027
51,Accomack,-10.599999999999994,51001
51,Albemarle,-5.5,51003
51,Alleghany,-11.599999999999994,51005
51,Amelia,-24.9,51007
51,Amherst,-15.799999999999997,51009
51,Appomattox,-25.700000000000003,51011
51,Arlington,25.9,51013
51,Augusta,-43.900000000000006,51015
51,Bath,-22.099999999999994,51017
51,Bedford,-34.7,51019
51,Bland,-33.7,51021
51,Botetourt,-30.699999999999996,51023
51,Brunswick,13.799999999999997,51025
51,Buchanan,19.099999999999994,51027
51,Buckingham,-3.200000000000003,51029
51,Campbell,-32.0,51031
51,Caroline,5.300000000000004,51033
51,Carroll,-31.800000000000004,51035
51,Charles City,31.199999999999996,51036
51,Charlotte,-16.800000000000004,51037
51,Chesterfield,-28.200000000000003,51041
51,Clarke,-13.600000000000001,51043
51,Craig,-29.299999999999997,51045
51,Culpeper,-25.199999999999996,51047
51,Cumberland,-16.199999999999996,51049
51,Dickenson,11.5,51051
51,Dinwiddie,-10.5,51053
51,Essex,-6.399999999999999,51057
51,Fairfax,-1.3999999999999986,51059
51,Fauquier,-26.300000000000004,51061
51,Floyd,-25.5,51063
51,Fluvanna,-17.6,51065
51,Franklin,-21.700000000000003,51067
51,Frederick,-33.099999999999994,51069
51,Giles,-8.399999999999999,51071
51,Gloucester,-30.4,51073
51,Goochland,-24.9,51075
51,Grayson,-25.799999999999997,51077
51,Greene,-29.6,51079
51,Greensville,19.1,51081
51,Halifax,-12.5,51083
51,Hanover,-39.8,51085
51,Henrico,-12.399999999999999,51087
51,Henry,-13.799999999999997,51089
51,Highland,-34.099999999999994,51091
51,Isle of Wight,-18.700000000000003,51093
51,James City,-22.6,51095
51,King and Queen,-1.2999999999999972,51097
51,King George,-25.9,51099
51,King William,-24.700000000000003,51101
51,Lancaster,-27.0,51103
51,Lee,-5.899999999999999,51105
51,Loudoun,-15.200000000000003,51107
51,Louisa,-11.399999999999999,51109
51,Lunenburg,-10.600000000000001,51111
51,Madison,-21.799999999999997,51113
51,Mathews,-31.5,51115
51,Mecklenburg,-15.399999999999999,51117
51,Middlesex,-25.1,51119
51,Montgomery,-8.299999999999997,51121
51,Nelson,-0.10000000000000142,51125
51,New Kent,-30.699999999999996,51127
51,Northampton,0.7999999999999972,51131
51,Northumberland,-22.200000000000003,51133
51,Nottoway,-7.5,51135
51,Orange,-17.700000000000003,51137
51,Page,-29.5,51139
51,Patrick,-35.900000000000006,51141
51,Pittsylvania,-32.7,51143
51,Powhatan,-42.300000000000004,51145
51,Prince Edward,-4.600000000000001,51147
51,Prince George,-22.0,51149
51,Prince William,-8.0,51153
51,Pulaski,-14.399999999999999,51155
51,Rappahannock,-11.100000000000001,51157
51,Richmond,-24.0,51159
51,Roanoke,-22.4,51161
51,Rockbridge,-20.099999999999994,51163
51,Rockingham,-48.60000000000001,51165
51,Russell,3.5,51167
51,Scott,-21.199999999999996,51169
51,Shenandoah,-36.1,51171
51,Smyth,-14.799999999999997,51173
51,Southampton,1.0,51175
51,Spotsylvania,-20.800000000000004,51177
51,Stafford,-23.700000000000003,51179
51,Surry,16.4,51181
51,Sussex,6.699999999999996,51183
51,Tazewell,-8.799999999999997,51185
51,Warren,-18.1,51187
51,Washington,-22.400000000000006,51191
51,Westmoreland,-0.20000000000000284,51193
51,Wise,-0.6999999999999957,51195
51,Wythe,-30.1,51197
51,York,-27.199999999999996,51199
51,Alexandria,26.4
51,Bedford City,-7.799999999999997
51,Bristol,-13.600000000000001
51,Buena Vista,-2.0
51,Charlottesville,28.200000000000003
51,Chesapeake,-8.200000000000003
51,Clifton Forge,16.700000000000003
51,Colonial Heights,-43.900000000000006
51,Covington,9.199999999999996
51,Danville,-6.600000000000001
51,Emporia,8.600000000000001
51,Fairfax City,-4.199999999999996
51,Falls Church,17.5
51,Franklin City,11.5
51,Fredericksburg,6.399999999999999
51,Galax,-7.399999999999999
51,Hampton,16.6
51,Harrisonburg,-22.700000000000003
51,Hopewell,-10.400000000000006
51,Lexington,4.299999999999997
51,Lynchburg,-9.199999999999996
51,Manassas,-12.0
51,Manassas Park,-16.0
51,Martinsville,8.5
51,Newport News,4.799999999999997
51,Norfolk,26.300000000000004
51,Norton,14.900000000000006
51,Petersburg,59.99999999999999
51,Poquoson,-48.2
51,Portsmouth,27.299999999999997
51,Radford,-2.8000000000000043
51,Richmond City,34.099999999999994
51,Roanoke City,9.899999999999999
51,Salem,-17.1
51,Staunton,-18.299999999999997
51,Suffolk,2.6000000000000014
51,Virginia Beach,-14.299999999999997
51,Waynesboro,-19.0
51,Williamsburg,-1.4000000000000057
51,Winchester,-12.600000000000001
53,Adams,-40.900000000000006,53001
53,Asotin,-27.200000000000003,53003
53,Benton,-31.6,53005
53,Chelan,-32.2,53007
53,Clallam,-7.699999999999996,53009
53,Clark,-4.0,53011
53,Columbia,-47.9,53013
53,Cowlitz,3.6999999999999957,53015
53,Douglas,-36.5,53017
53,Ferry,-31.7,53019
53,Franklin,-28.9,53021
53,Garfield,-51.300000000000004,53023
53,Grant,-36.8,53025
53,Grays Harbor,8.0,53027
53,Island,-4.900000000000006,53029
53,Jefferson,13.799999999999997,53031
53,King,25.6,53033
53,Kitsap,3.799999999999997,53035
53,Kittitas,-15.699999999999996,53037
53,Klickitat,-18.300000000000004,53039
53,Lewis,-28.9,53041
53,Lincoln,-40.900000000000006,53043
53,Mason,2.799999999999997,53045
53,Okanogan,-34.099999999999994,53047
53,Pacific,8.899999999999999,53049
53,Pend Oreille,-20.300000000000004,53051
53,Pierce,7.399999999999999,53053
53,San Juan,16.799999999999997,53055
53,Skagit,-3.799999999999997,53057
53,Skamania,-9.300000000000004,53059
53,Snohomish,8.0,53061
53,Spokane,-8.600000000000001,53063
53,Stevens,-31.9,53065
53,Thurston,10.799999999999997,53067
53,Wahkiakum,-11.699999999999996,53069
53,Walla Walla,-28.699999999999996,53071
53,Whatcom,-0.3999999999999986,53073
53,Whitman,-15.299999999999997,53075
53,Yakima,-20.700000000000003,53077
54,Barbour,-15.0,54001
54,Berkeley,-21.0,54003
54,Boone,25.199999999999996,54005
54,Braxton,3.5,54007
54,Brooke,5.100000000000001,54009
54,Cabell,-4.799999999999997,54011
54,Calhoun,-12.0,54013
54,Clay,-7.600000000000001,54015
54,Doddridge,-41.900000000000006,54017
54,Fayette,17.0,54019
54,Gilmer,-17.0,54021
54,Grant,-59.099999999999994,54023
54,Greenbrier,-9.700000000000003,54025
54,Hampshire,-29.700000000000003,54027
54,Hancock,-1.5,54029
54,Hardy,-26.5,54031
54,Harrison,0.19999999999999574,54033
54,Jackson,-12.200000000000003,54035
54,Jefferson,-1.2999999999999972,54037
54,Kanawha,2.200000000000003,54039
54,Lewis,-20.4,54041
54,Lincoln,7.399999999999999,54043
54,Logan,24.9,54045
54,McDowell,34.099999999999994,54047
54,Marion,10.199999999999996,54049
54,Marshall,-6.299999999999997,54051
54,Mason,-9.0,54053
54,Mercer,-9.899999999999999,54055
54,Mineral,-29.0,54057
54,Mingo,21.700000000000003,54059
54,Monongalia,-3.6000000000000014,54061
54,Monroe,-16.5,54063
54,Morgan,-29.4,54065
54,Nicholas,-3.5,54067
54,Ohio,-10.899999999999999,54069
54,Pendleton,-25.6,54071
54,Pleasants,-19.200000000000003,54073
54,Pocahontas,-16.699999999999996,54075
54,Preston,-29.599999999999994,54077
54,Putnam,-21.0,54079
54,Raleigh,-6.399999999999999,54081
54,Randolph,-12.799999999999997,54083
54,Ritchie,-44.4,54085
54,Roane,-14.899999999999999,54087
54,Summers,-0.10000000000000142,54089
54,Taylor,-11.400000000000006,54091
54,Tucker,-18.4,54093
54,Tyler,-34.800000000000004,54095
54,Upshur,-29.5,54097
54,Wayne,-0.30000000000000426,54099
54,Webster,8.399999999999999,54101
54,Wetzel,-6.200000000000003,54103
54,Wirt,-29.400000000000006,54105
54,Wood,-22.9,54107
54,Wyoming,10.299999999999997,54109
55,Adams,9.899999999999999,55001
55,Ashland,16.700000000000003,55003
55,Barron,-4.600000000000001,55005
55,Bayfield,14.100000000000001,55007
55,Brown,-4.699999999999996,55009
55,Buffalo,3.0,55011
55,Burnett,-4.200000000000003,55013
55,Calumet,-13.199999999999996,55015
55,Chippewa,-2.799999999999997,55017
55,Clark,-10.800000000000004,55019
55,Columbia,2.6000000000000014,55021
55,Crawford,13.300000000000004,55023
55,Dane,28.5,55025
55,Dodge,-18.799999999999997,55027
55,Door,-8.199999999999996,55029
55,Douglas,30.700000000000003,55031
55,Dunn,1.2999999999999972,55033
55,Eau Claire,6.599999999999994,55035
55,Florence,-29.6,55037
55,Fond du Lac,-18.0,55039
55,Forest,-5.200000000000003,55041
55,Grant,2.1000000000000014,55043
55,Green,7.100000000000001,55045
55,Green Lake,-23.699999999999996,55047
55,Iowa,15.399999999999999,55049
55,Iron,-3.1999999999999957,55051
55,Jackson,8.399999999999999,55053
55,Jefferson,-11.100000000000001,55055
55,Juneau,-1.0,55057
55,Kenosha,5.600000000000001,55059
55,Kewaunee,-2.1000000000000014,55061
55,La Crosse,7.400000000000006,55063
55,Lafayette,5.200000000000003,55065
55,Langlade,-9.5,55067
55,Lincoln,-0.4000000000000057,55069
55,Manitowoc,-4.399999999999999,55071
55,Marathon,-4.0,55073
55,Marinette,-9.299999999999997,55075
55,Marquette,-1.2000000000000028,55077
55,Menominee,58.8,55078
55,Milwaukee,20.5,55079
55,Monroe,-4.599999999999994,55081
55,Oconto,-8.799999999999997,55083
55,Oneida,-6.299999999999997,55085
55,Outagamie,-8.899999999999999,55087
55,Ozaukee,-33.7,55089
55,Pepin,6.100000000000001,55091
55,Pierce,2.200000000000003,55093
55,Polk,-3.1000000000000014,55095
55,Portage,14.0,55097
55,Price,-9.200000000000003,55099
55,Racine,-2.700000000000003,55101
55,Richland,-1.9000000000000057,55103
55,Rock,18.5,55105
55,Rusk,-8.100000000000001,55107
55,St. Croix,-7.199999999999996,55109
55,Sauk,5.599999999999994,55111
55,Sawyer,-8.200000000000003,55113
55,Shawano,-12.5,55115
55,Sheboygan,-11.0,55117
55,Taylor,-22.5,55119
55,Trempealeau,13.799999999999997,55121
55,Vernon,6.799999999999997,55123
55,Vilas,-18.299999999999997,55125
55,Walworth,-18.5,55127
55,Washburn,-2.700000000000003,55129
55,Washington,-37.5,55131
55,Waukesha,-33.699999999999996,55133
55,Waupaca,-18.4,55135
55,Waushara,-13.0,55137
55,Winnebago,-5.699999999999996,55139
55,Wood,-5.199999999999996,55141
56,Albany,-19.400000000000006,56001
56,Big Horn,-55.199999999999996,56003
56,Campbell,-65.7,56005
56,Carbon,-32.89999999999999,56007
56,Converse,-54.900000000000006,56009
56,Crook,-70.39999999999999,56011
56,Fremont,-41.400000000000006,56013
56,Goshen,-44.99999999999999,56015
56,Hot Springs,-50.6,56017
56,Johnson,-65.7,56019
56,Laramie,-27.300000000000004,56021
56,Lincoln,-61.8,56023
56,Natrona,-34.5,56025
56,Niobrara,-61.9,56027
56,Park,-58.1,56029
56,Platte,-38.300000000000004,56031
56,Sheridan,-41.599999999999994,56033
56,Sublette,-67.39999999999999,56035
56,Sweetwater,-24.9,56037
56,Teton,-13.799999999999997,56039
56,Uinta,-51.5,56041
56,Washakie,-57.6,56043
56,Weston,-67.7,56045
