id,margin,wh
1001,45.949999999999996,18.7
1003,55.67,9.6
1005,-3.1400000000000006,47.6
1007,46.68,22.1
1009,73.92999999999999,1.8
1011,-52.8,70.1
1013,7.509999999999998,44.0
1015,31.849999999999994,21.1
1017,5.160000000000004,39.5
1019,54.88000000000001,4.6
1021,60.25000000000001,10.6
1023,4.590000000000003,42.4
1025,8.199999999999996,44.2
1027,45.510000000000005,14.5
1029,68.06,3.6
1031,49.13999999999999,17.7
1033,20.339999999999996,16.3
1035,-1.6499999999999986,46.2
1037,16.240000000000002,31.8
1039,58.269999999999996,13.0
1041,35.510000000000005,24.0
1043,69.3,1.4
1045,42.05,19.7
1047,-39.71000000000001,69.5
1049,54.67,2.1
1051,48.67,21.2
1053,25.5,32.4
1055,38.300000000000004,15.5
1057,53.239999999999995,11.9
1059,40.400000000000006,4.6
1061,62.980000000000004,9.7
1063,-69.57000000000001,80.5
1065,-25.46,58.1
1067,29.03,27.3
1069,40.26,26.7
1071,41.760000000000005,3.6
1073,-5.969999999999999,42.9
1075,53.11,11.3
1077,30.789999999999992,10.4
1079,26.89,11.4
1081,19.85,23.7
1083,43.510000000000005,13.5
1085,-53.05,72.9
1087,-74.2,81.5
1089,18.57,24.6
1091,-7.200000000000003,51.0
1093,61.410000000000004,4.2
1095,59.94,2.7
1097,9.21,35.3
1099,7.719999999999999,41.1
1101,-24.25,56.7
1103,44.39,12.5
1105,-50.190000000000005,67.5
1107,6.960000000000001,40.2
1109,13.650000000000006,36.9
1111,39.779999999999994,20.2
1113,-11.75,42.9
1115,65.93,9.5
1117,55.41,12.1
1119,-54.55,73.5
1121,15.990000000000002,32.5
1123,32.24,27.3
1125,17.4,31.0
1127,52.8,6.4
1129,31.690000000000005,24.6
1131,-48.650000000000006,71.0
1133,72.22,1.0
2000,,3.9
2013,0.0,12.0
2016,0.0,7.6
2020,0.0,6.3
2050,0.0,0.8
2060,0.0,0.0
2068,0.0,1.8
2070,0.0,0.7
2090,0.0,5.4
2100,0.0,0.7
2105,0.0,0.6
2110,0.0,1.6
2122,0.0,0.8
2130,0.0,0.9
2150,0.0,1.5
2164,0.0,1.0
2170,0.0,1.3
2180,0.0,0.7
2185,0.0,1.5
2188,0.0,1.0
2195,0.0,1.6
2198,0.0,0.4
2220,0.0,1.1
2230,0.0,0.3
2240,0.0,1.5
2261,0.0,0.9
2270,0.0,0.2
2275,0.0,0.4
2282,0.0,2.5
2290,0.0,0.6
4000,,4.7
4001,-34.33,0.9
4003,22.260000000000005,4.7
4005,-15.459999999999994,1.6
4007,26.67,0.9
4009,37.53,2.1
4011,9.450000000000003,1.8
4012,31.980000000000004,1.2
4013,10.689999999999998,5.7
4015,42.14,1.3
4017,7.840000000000003,1.3
4019,-6.910000000000004,4.1
4021,16.349999999999994,4.9
4023,-37.75,0.9
4025,30.35000000000001,0.9
4027,12.579999999999998,2.7
5000,,15.6
5001,22.21,24.5
5003,25.349999999999994,25.6
5005,44.040000000000006,0.4
5007,40.39,1.9
5009,47.989999999999995,0.4
5011,18.75,27.6
5013,36.709999999999994,22.0
5015,23.85,0.8
5017,-22.450000000000003,54.6
5019,6.329999999999998,24.0
5021,29.1,0.6
5023,52.14,0.5
5025,44.94999999999999,11.4
5027,23.620000000000005,36.2
5029,19.53,11.4
5031,30.990000000000002,14.5
5033,49.849999999999994,1.6
5035,-14.89,51.8
5037,29.79,22.9
5039,10.64,41.3
5041,-12.370000000000005,47.9
5043,18.950000000000003,28.0
5045,31.6,11.3
5047,44.42,0.9
5049,33.099999999999994,0.6
5051,29.979999999999997,8.5
5053,51.870000000000005,2.8
5055,36.85,0.9
5057,26.240000000000002,29.9
5059,29.020000000000003,11.6
5061,31.840000000000003,20.9
5063,43.93000000000001,2.3
5065,38.86,1.8
5067,18.270000000000003,17.6
5069,-29.029999999999994,55.5
5071,27.97,2.1
5073,18.43,37.1
5075,31.559999999999995,1.0
5077,-24.159999999999997,54.2
5079,20.78,30.3
5081,36.28999999999999,19.7
5083,41.88,1.5
5085,50.82000000000001,6.2
5087,32.949999999999996,0.4
5089,38.81999999999999,0.4
5091,39.82000000000001,25.1
5093,1.019999999999996,34.9
5095,0.060000000000002274,40.3
5097,42.56,0.6
5099,20.15,30.5
5101,41.39,0.3
5103,8.600000000000001,40.3
5105,35.400000000000006,2.2
5107,-32.839999999999996,61.6
5109,52.69,3.5
5111,34.18000000000001,8.0
5113,56.94,0.5
5115,47.150000000000006,3.2
5117,40.53,11.7
5119,-11.46,36.0
5121,27.79,0.9
5123,-18.439999999999998,52.7
5125,42.7,6.6
5127,47.64,0.7
5129,51.02,0.3
5131,37.08,6.8
5133,48.36,4.5
5135,38.849999999999994,0.8
5137,45.2,0.4
5139,26.22,32.6
5141,39.39,0.5
5143,16.259999999999998,3.5
5145,53.730000000000004,4.6
5147,-4.209999999999994,26.9
5149,38.839999999999996,2.1
6000,,6.5
6001,-60.56999999999999,12.1
6003,-23.389999999999993,0.3
6005,19.509999999999998,2.1
6007,1.9899999999999949,1.8
6009,16.900000000000006,1.0
6011,21.29,1.2
6013,-35.14,9.6
6015,9.380000000000003,3.5
6017,17.760000000000005,1.0
6019,-1.7800000000000011,5.9
6021,25.240000000000002,1.2
6023,-27.099999999999994,1.4
6025,-32.050000000000004,3.5
6027,11.43,1.0
6029,16.71,6.3
6031,14.93,7.3
6033,-16.940000000000005,2.1
6035,39.56,8.8
6037,-41.86,9.2
6039,17.119999999999997,4.3
6041,-51.22,2.9
6043,18.169999999999995,1.1
6045,-38.52000000000001,1.0
6047,-8.71,4.2
6049,41.459999999999994,1.2
6051,-8.649999999999999,0.8
6053,-36.86,3.5
6055,-28.689999999999998,2.4
6057,0.6200000000000045,0.6
6059,6.219999999999999,2.1
6061,19.28,1.7
6063,16.82,1.2
6065,-1.6499999999999986,7.0
6067,-18.93,10.9
6069,-20.620000000000005,1.3
6071,-7.330000000000005,9.5
6073,-7.559999999999995,5.6
6075,-70.39,5.8
6077,-13.660000000000004,8.1
6079,-1.0200000000000031,2.2
6081,-46.669999999999995,3.0
6083,-18.019999999999996,2.4
6085,-42.83,2.9
6087,-55.45,1.4
6089,29.08,1.1
6091,22.400000000000006,0.4
6093,15.159999999999997,1.4
6095,-29.240000000000002,14.8
6097,-45.72999999999999,1.9
6099,-2.740000000000002,3.3
6101,19.08,2.5
6103,27.42,1.0
6105,0.7399999999999949,0.5
6107,15.020000000000003,2.2
6109,15.68,2.1
6111,-7.009999999999998,2.2
6113,-33.949999999999996,3.0
6115,18.04,4.0
8000,,4.5
8001,-16.78,3.7
8003,-16.47,1.9
8005,-9.909999999999997,10.9
8007,17.72,0.5
8009,51.86,1.1
8011,13.39,7.2
8013,-41.849999999999994,1.1
8014,-5.949999999999996,1.4
8015,-0.14999999999999858,1.7
8017,65.60000000000001,0.7
8019,-12.0,0.9
8021,-9.21,0.7
8023,-48.67,1.9
8025,25.900000000000006,9.3
8027,33.89,1.2
8029,39.52000000000001,0.7
8031,-49.23,10.2
8033,42.17,0.3
8035,25.759999999999998,1.4
8037,-14.909999999999997,1.0
8039,47.0,0.8
8041,20.369999999999997,7.0
8043,31.689999999999998,4.0
8045,5.039999999999999,1.2
8047,-16.36,1.8
8049,6.950000000000003,0.5
8051,-19.650000000000006,0.5
8053,20.659999999999997,0.5
8055,-8.25,1.0
8057,45.28,0.1
8059,-4.850000000000001,1.3
8061,68.08999999999999,0.7
8063,52.59,2.5
8065,-24.370000000000005,0.7
8067,-9.200000000000003,0.6
8069,-5.75,1.1
8071,-2.6500000000000057,1.8
8073,49.620000000000005,5.6
8075,38.0,4.3
8077,32.39,1.0
8079,8.149999999999999,0.4
8081,54.56,0.5
8083,23.21,0.5
8085,36.83,0.7
8087,24.96,3.1
8089,8.969999999999999,1.2
8091,-5.159999999999997,0.2
8093,14.670000000000002,0.6
8095,46.309999999999995,1.0
8097,-37.97,0.8
8099,35.18000000000001,0.8
8101,-13.939999999999998,2.5
8103,63.989999999999995,1.1
8105,7.950000000000003,0.7
8107,-15.600000000000001,0.6
8109,-30.729999999999997,0.8
8111,-10.670000000000002,0.1
8113,-43.19,0.7
8115,34.52,0.5
8117,-24.659999999999997,1.0
8119,32.43000000000001,0.7
8121,62.06,0.8
8123,12.660000000000004,1.4
8125,54.69,0.4
9000,,11.5
9001,-10.630000000000003,12.2
9003,-25.849999999999994,15.2
9005,3.6199999999999974,1.8
9007,-15.880000000000003,5.4
9009,-22.33,14.2
9011,-18.259999999999998,6.9
9013,-12.560000000000002,3.6
9015,-13.29,2.9
10000,,22.2
10001,-4.939999999999998,25.2
10003,-34.07,24.9
10005,13.019999999999996,12.8
11000,,49.0
11001,-83.63,49.0
12000,,16.8
12001,-17.310000000000002,20.5
12003,58.51,13.5
12005,43.480000000000004,11.3
12007,41.94999999999999,19.1
12009,12.68,10.7
12011,-34.89000000000001,28.9
12013,43.7,13.6
12015,14.240000000000002,6.2
12017,21.85,3.1
12019,45.72,10.9
12021,30.020000000000003,7.2
12023,36.61,18.5
12027,14.29,13.2
12029,46.75999999999999,9.1
12031,3.6000000000000014,30.1
12033,20.489999999999995,22.8
12035,7.419999999999995,11.5
12037,31.400000000000006,14.4
12039,-40.580000000000005,55.2
12041,50.8,5.7
12043,18.509999999999998,14.0
12045,41.83999999999999,19.1
12047,16.79,33.5
12049,30.83,7.6
12051,5.910000000000004,13.2
12053,8.469999999999999,5.7
12055,22.96,10.6
12057,-6.670000000000002,17.5
12059,68.21,6.8
12061,22.290000000000006,9.4
12063,28.979999999999997,27.0
12065,-1.75,35.4
12067,58.16,15.2
12069,17.1,10.6
12071,16.509999999999998,9.1
12073,-23.590000000000003,31.6
12075,32.160000000000004,9.5
12077,41.31999999999999,19.7
12079,3.4200000000000017,38.9
12081,12.43,9.3
12083,16.21,13.2
12085,22.869999999999997,5.7
12086,-23.71,18.9
12087,-0.44000000000000483,6.6
12089,48.44,6.5
12091,49.17,10.1
12093,19.979999999999997,8.8
12095,-18.200000000000003,22.2
12097,-24.459999999999994,13.4
12099,-17.009999999999998,18.8
12101,6.619999999999997,5.6
12103,-5.6299999999999955,10.9
12105,6.799999999999997,15.7
12107,24.369999999999997,16.6
12109,37.66,5.7
12111,-7.840000000000003,20.2
12113,52.45,6.6
12115,7.399999999999999,5.0
12117,6.450000000000003,12.2
12119,34.879999999999995,8.3
12121,44.779999999999994,13.6
12123,38.13000000000001,20.7
12125,48.83,22.9
12127,1.1599999999999966,11.1
12129,28.0,15.2
12131,51.849999999999994,5.9
12133,47.25000000000001,15.6
13000,,31.5
13001,49.0,19.7
13003,34.68000000000001,17.9
13005,58.48,16.5
13007,-0.5699999999999932,45.6
13009,-5.5,41.8
13011,73.72999999999999,2.9
13013,50.24999999999999,11.7
13015,51.480000000000004,10.9
13017,14.800000000000004,35.5
13019,57.36,11.1
13021,-20.0,53.8
13023,47.12,26.8
13025,66.86,3.5
13027,6.159999999999997,35.4
13029,43.42999999999999,15.4
13031,18.979999999999997,29.1
13033,-11.269999999999996,48.4
13035,35.52,27.7
13037,-18.959999999999994,61.2
13039,27.510000000000005,19.5
13043,33.60999999999999,24.5
13045,37.41,19.1
13047,52.510000000000005,2.8
13049,35.330000000000005,32.0
13051,-11.979999999999997,40.1
13053,0.3999999999999986,19.3
13055,40.92,10.4
13057,57.57000000000001,6.6
13059,-28.67,27.7
13061,-23.159999999999997,59.5
13063,-69.95,68.3
13065,30.14999999999999,28.3
13067,12.420000000000002,27.3
13069,28.950000000000003,28.0
13071,39.480000000000004,23.2
13073,42.85,16.9
13075,31.340000000000003,27.8
13077,43.95,18.0
13079,32.31,21.3
13081,13.71,43.6
13083,50.61,1.4
13085,74.1,0.9
13087,11.75,41.6
13089,-56.64999999999999,54.8
13091,35.75,30.0
13093,-6.969999999999999,50.5
13095,-39.089999999999996,68.4
13097,-3.979999999999997,43.5
13099,-3.8900000000000006,49.9
13101,67.33,5.6
13103,51.07000000000001,14.0
13105,20.58,29.4
13107,26.869999999999997,34.2
13109,28.049999999999997,31.2
13111,57.94,0.8
13113,31.22,22.0
13115,39.760000000000005,14.8
13117,62.68,3.5
13119,59.35000000000001,9.6
13121,-29.709999999999994,44.3
13123,63.050000000000004,0.9
13125,71.78999999999999,9.9
13127,26.950000000000003,26.5
13129,57.599999999999994,4.4
13131,26.61,29.1
13133,22.46,36.6
13135,9.199999999999996,27.0
13137,67.22,4.0
13139,56.06,8.1
13141,-62.08,72.6
13143,63.97,5.1
13145,45.43,17.1
13147,38.269999999999996,18.8
13149,52.94,10.7
13151,3.289999999999999,40.6
13153,20.559999999999995,30.3
13155,37.620000000000005,26.7
13157,62.74,7.2
13159,37.910000000000004,21.5
13161,50.97,15.6
13163,-17.28,53.6
13165,11.759999999999998,43.2
13167,30.060000000000002,35.0
13169,28.629999999999995,24.9
13171,30.18,31.7
13173,23.700000000000003,22.7
13175,22.590000000000003,36.2
13177,52.16,20.7
13179,-30.209999999999994,40.8
13181,27.560000000000002,31.6
13183,22.650000000000006,25.6
13185,9.840000000000003,36.6
13187,60.21000000000001,1.9
13189,14.899999999999999,40.7
13191,8.579999999999998,34.9
13193,-34.81,59.8
13195,53.440000000000005,9.4
13197,10.089999999999996,30.8
13199,5.659999999999997,39.4
13201,37.88,28.1
13205,0.8999999999999986,48.0
13207,37.22,23.7
13209,39.809999999999995,26.8
13211,37.97,23.2
13213,52.42999999999999,1.4
13215,-21.300000000000004,46.1
13217,-2.0,43.0
13219,48.58,5.4
13221,37.19,17.7
13223,43.480000000000004,18.0
13225,-7.460000000000001,45.1
13227,67.48,1.7
13229,66.27000000000001,9.3
13231,65.27000000000001,10.5
13233,45.400000000000006,13.0
13235,33.239999999999995,31.7
13237,35.64,27.3
13239,-9.049999999999997,47.5
13241,56.2,1.6
13243,-16.300000000000004,60.9
13245,-33.75,55.5
13247,-16.53,51.0
13249,47.830000000000005,21.5
13251,8.399999999999999,41.7
13253,20.309999999999995,33.0
13255,19.940000000000005,33.2
13257,53.38999999999999,11.3
13259,-27.839999999999996,51.5
13261,-8.410000000000004,52.8
13263,-30.430000000000007,56.6
13265,-32.50000000000001,56.9
13267,42.07000000000001,29.5
13269,10.620000000000005,38.2
13271,15.560000000000002,36.6
13273,-16.11,60.3
13275,18.440000000000005,36.8
13277,32.459999999999994,30.1
13279,40.37,26.0
13281,57.7,1.2
13283,21.009999999999998,32.3
13285,17.79,35.4
13287,14.520000000000003,39.4
13289,-8.629999999999995,40.9
13291,59.72,0.9
13293,28.999999999999993,28.0
13295,49.879999999999995,4.5
13297,55.44,17.0
13299,33.809999999999995,29.3
13301,-21.33,59.9
13303,-7.700000000000003,52.7
13305,48.22,20.7
13307,1.6000000000000014,42.5
13309,27.430000000000007,38.4
13311,66.33,2.4
13313,44.84,4.4
13315,31.709999999999994,35.7
13317,11.5,42.6
13319,1.4499999999999957,38.6
13321,40.08999999999999,28.9
15000,,2.5
15001,-51.17,0.9
15003,-39.05,3.1
15005,0.0,0.0
15007,-49.34,0.7
15009,-50.24999999999999,0.9
16000,,0.8
16001,11.200000000000003,1.3
16003,40.56,0.2
16005,21.939999999999998,0.9
16007,77.5,0.3
16009,36.85999999999999,0.4
16011,54.41,0.5
16013,-20.14,0.3
16015,35.72,0.5
16017,25.880000000000003,0.3
16019,51.77000000000001,0.7
16021,42.1,0.5
16023,57.78,0.2
16025,42.03999999999999,0.5
16027,36.709999999999994,0.8
16029,72.8,0.2
16031,71.82000000000001,0.6
16033,51.53,0.8
16035,40.83,0.5
16037,51.55,0.2
16039,33.910000000000004,3.2
16041,86.97,0.3
16043,70.60999999999999,0.8
16045,44.78,0.2
16047,47.07,0.5
16049,53.73,0.4
16051,75.49,0.4
16053,46.23,0.6
16055,33.93000000000001,0.4
16057,-4.189999999999998,1.1
16059,50.34,0.5
16061,48.11,0.4
16063,40.41,0.5
16065,87.52000000000001,0.7
16067,58.11000000000001,0.8
16069,20.689999999999998,0.5
16071,77.59,0.3
16073,52.66,0.8
16075,43.95,0.4
16077,30.57,1.0
16079,8.200000000000003,0.3
16081,11.760000000000005,0.4
16083,43.120000000000005,0.7
16085,11.569999999999993,0.2
16087,46.730000000000004,0.4
17000,,14.7
17001,35.080000000000005,3.7
17003,-13.660000000000004,36.6
17005,14.579999999999998,6.5
17007,5.659999999999997,2.7
17009,30.71,19.2
17011,0.17999999999999972,0.9
17013,13.969999999999999,0.3
17015,-1.490000000000002,1.1
17017,13.399999999999999,3.8
17019,-7.019999999999996,12.8
17021,23.019999999999996,1.6
17023,32.370000000000005,0.5
17025,44.11,0.5
17027,29.909999999999997,3.7
17029,11.049999999999997,4.1
17031,-49.28999999999999,24.4
17033,31.58,4.9
17035,35.28,0.5
17037,-5.510000000000005,7.6
17039,26.85,0.8
17041,36.660000000000004,0.6
17043,-1.0999999999999943,5.2
17045,32.76,0.5
17047,51.14,0.6
17049,52.010000000000005,0.5
17051,34.370000000000005,4.7
17053,42.71000000000001,1.0
17055,16.82,0.5
17057,-11.009999999999998,3.9
17059,18.0,0.8
17061,25.33,1.1
17063,8.879999999999995,1.5
17065,32.91,0.6
17067,17.79,0.4
17069,34.029999999999994,0.7
17071,-12.25,0.4
17073,-3.0700000000000003,1.9
17075,44.55,1.1
17077,-14.339999999999996,14.9
17079,41.2,0.3
17081,22.809999999999995,8.9
17083,23.71,0.7
17085,-1.1599999999999966,0.6
17087,41.989999999999995,8.5
17089,-1.1000000000000014,6.1
17091,3.3800000000000026,15.5
17093,3.3200000000000003,6.7
17095,-17.310000000000002,8.0
17097,-8.339999999999996,7.5
17099,0.39000000000000057,2.3
17101,30.820000000000007,10.1
17103,7.309999999999995,5.3
17105,31.39,5.5
17107,31.980000000000004,8.1
17109,1.4500000000000028,5.4
17111,8.790000000000006,1.4
17113,10.969999999999999,7.7
17115,5.159999999999997,17.1
17117,7.030000000000001,1.1
17119,1.3699999999999974,8.3
17121,19.11,4.1
17123,14.230000000000004,0.5
17125,6.32,0.5
17127,33.660000000000004,5.8
17129,30.040000000000006,1.2
17131,-7.359999999999999,0.6
17133,26.71,0.4
17135,14.100000000000001,3.4
17137,15.309999999999995,6.4
17139,27.0,0.5
17141,16.72,1.1
17143,-4.380000000000003,18.1
17145,17.68,8.8
17147,26.57,0.6
17149,35.36,1.9
17151,38.8,6.7
17153,5.810000000000002,32.3
17155,-1.8100000000000023,0.9
17157,17.53,10.1
17159,32.870000000000005,0.6
17161,-21.810000000000002,9.8
17163,-14.32,30.2
17165,28.97,4.1
17167,8.61,12.4
17169,8.760000000000005,3.5
17171,26.36,0.5
17173,33.54,0.4
17175,16.269999999999996,0.6
17177,1.6400000000000006,9.6
17179,17.779999999999994,1.3
17181,21.880000000000003,1.1
17183,13.21,13.5
17185,36.769999999999996,0.9
17187,-5.449999999999996,2.4
17189,31.5,0.8
17191,58.129999999999995,0.6
17193,35.9,0.6
17195,-16.979999999999997,1.7
17197,-5.490000000000002,11.8
17199,24.82,4.3
17201,-5.520000000000003,12.9
17203,39.019999999999996,0.7
18000,,9.6
18001,39.37,0.4
18003,16.689999999999998,12.1
18005,25.370000000000005,2.3
18007,32.7,1.0
18009,16.470000000000006,0.6
18011,37.72,1.5
18013,16.67,0.6
18015,30.270000000000003,0.6
18017,21.689999999999998,2.0
18019,9.82,7.4
18021,33.65,0.6
18023,30.659999999999997,0.6
18025,8.280000000000001,0.5
18027,50.68000000000001,1.0
18029,39.66,0.7
18031,40.459999999999994,0.5
18033,31.589999999999996,0.5
18035,-3.1099999999999994,7.1
18037,27.630000000000003,0.5
18039,26.42,6.2
18041,16.860000000000007,1.6
18043,14.32,5.5
18045,34.13,0.4
18047,42.67,0.4
18049,33.18000000000001,0.8
18051,30.970000000000006,2.1
18053,21.96,7.3
18055,31.259999999999998,0.3
18057,34.25,4.1
18059,41.03999999999999,2.3
18061,22.82,0.6
18063,34.75,6.0
18065,16.970000000000006,2.7
18067,14.309999999999995,7.3
18069,39.67,0.6
18071,27.410000000000004,1.0
18073,25.410000000000004,0.9
18075,20.019999999999996,0.4
18077,10.399999999999999,2.0
18079,22.43,0.9
18081,38.309999999999995,1.9
18083,28.949999999999996,3.1
18085,52.07000000000001,1.1
18087,35.769999999999996,0.5
18089,-30.9,25.3
18091,-12.57,11.4
18093,32.7,0.5
18095,4.5,8.5
18097,-22.18,27.8
18099,28.770000000000003,0.9
18101,40.3,0.2
18103,30.839999999999996,4.8
18105,-19.14,3.5
18107,38.45,1.0
18109,41.040000000000006,0.5
18111,19.020000000000003,0.7
18113,33.49999999999999,0.8
18115,27.14,0.5
18117,21.580000000000005,1.1
18119,27.590000000000003,0.5
18121,32.529999999999994,2.6
18123,-11.600000000000001,2.9
18125,25.340000000000003,0.6
18127,-3.8800000000000026,3.8
18129,23.690000000000005,1.0
18131,27.17,0.9
18133,32.53,4.2
18135,24.010000000000005,0.7
18137,38.519999999999996,0.4
18139,34.33,1.0
18141,-3.5,13.2
18143,6.199999999999996,0.4
18145,33.53,1.2
18147,15.280000000000001,0.8
18149,10.590000000000003,0.4
18151,26.97,0.9
18153,20.64,4.7
18155,12.810000000000002,0.8
18157,3.5899999999999963,4.9
18159,31.749999999999993,0.5
18161,32.34,0.7
18163,10.549999999999997,9.4
18165,6.770000000000003,0.4
18167,-0.8500000000000014,7.2
18169,36.22,0.8
18171,27.709999999999994,0.3
18173,26.379999999999995,1.6
18175,24.440000000000005,0.4
18177,14.64,5.0
18179,44.92999999999999,0.6
18181,23.480000000000004,0.8
18183,38.839999999999996,0.5
19000,,3.4
19001,8.11,0.4
19003,3.6600000000000037,0.4
19005,-4.170000000000002,1.4
19007,3.3699999999999974,0.7
19009,5.530000000000001,0.4
19011,0.5600000000000023,0.6
19013,-20.240000000000002,9.0
19015,-6.640000000000001,1.2
19017,-2.6799999999999997,1.0
19019,-13.869999999999997,0.5
19021,10.18,2.9
19023,10.300000000000004,0.3
19025,12.490000000000002,1.9
19027,6.119999999999997,0.8
19029,18.86,0.5
19031,-4.590000000000003,0.5
19033,-13.380000000000003,1.4
19035,16.019999999999996,0.9
19037,-11.07,0.6
19039,-1.4599999999999937,0.9
19041,18.419999999999995,0.7
19043,-7.020000000000003,0.7
19045,-22.830000000000005,3.2
19047,7.830000000000005,2.3
19049,11.57,1.8
19051,16.380000000000003,0.2
19053,4.07,2.0
19055,0.21000000000000085,0.4
19057,-18.410000000000004,5.9
19059,17.879999999999995,0.4
19061,-14.719999999999999,3.0
19063,8.71,1.0
19065,-11.969999999999999,1.2
19067,-14.630000000000003,2.0
19069,10.75,0.9
19071,9.129999999999995,0.7
19073,0.10000000000000142,0.6
19075,22.689999999999998,0.5
19077,10.229999999999997,0.3
19079,2.6400000000000006,0.8
19081,13.43,0.7
19083,6.68,1.5
19085,12.690000000000005,0.4
19087,5.93,2.6
19089,-20.950000000000003,0.8
19091,21.85,0.7
19093,26.349999999999994,0.4
19095,4.789999999999999,0.7
19097,-16.89,0.6
19099,-7.07,1.9
19101,-15.969999999999999,1.9
19103,-35.5,5.9
19105,-7.780000000000001,2.3
19107,10.260000000000005,0.5
19109,12.18,0.6
19111,-15.479999999999997,3.1
19113,-17.699999999999996,4.5
19115,-0.6499999999999986,1.0
19117,6.18,0.3
19119,54.620000000000005,0.3
19121,11.920000000000002,0.5
19123,20.54,1.3
19125,13.130000000000003,1.0
19127,-9.36,2.0
19129,18.97,0.6
19131,-3.3699999999999974,0.6
19133,9.61,0.5
19135,7.699999999999996,0.6
19137,21.47,0.4
19139,-15.880000000000003,2.2
19141,44.910000000000004,0.9
19143,41.269999999999996,0.4
19145,24.510000000000005,2.4
19147,10.659999999999997,0.9
19149,34.24,0.5
19151,21.65,0.9
19153,-14.150000000000006,6.7
19155,5.240000000000002,1.6
19157,-9.350000000000001,1.4
19159,7.009999999999998,0.4
19161,18.369999999999997,0.3
19163,-13.739999999999995,7.5
19165,22.25,0.5
19167,67.64,1.0
19169,-13.839999999999996,2.8
19171,-7.43,0.6
19173,14.049999999999997,0.4
19175,-3.8599999999999994,1.0
19177,18.549999999999997,0.3
19179,-11.880000000000003,2.2
19181,1.9200000000000017,0.7
19183,4.07,0.9
19185,11.450000000000003,0.7
19187,-5.840000000000003,4.2
19189,0.05000000000000426,1.4
19191,-14.739999999999995,0.8
19193,-1.019999999999996,2.8
19195,-14.530000000000001,0.9
19197,8.18,0.8
20000,,6.3
20001,27.25,2.2
20003,40.17999999999999,0.6
20005,20.229999999999997,5.2
20007,55.75,0.6
20009,53.93,1.8
20011,33.67,3.3
20013,43.89999999999999,1.6
20015,41.69,1.9
20017,40.67,1.3
20019,62.82,0.9
20021,29.47,0.8
20023,64.94,0.1
20025,62.040000000000006,0.7
20027,53.010000000000005,0.7
20029,48.790000000000006,0.9
20031,51.33,0.8
20033,67.24000000000001,0.3
20035,29.6,3.0
20037,5.859999999999999,2.3
20039,62.14,0.9
20041,47.39999999999999,1.0
20043,44.42999999999999,3.4
20045,-24.480000000000004,4.6
20047,54.94,1.6
20049,56.099999999999994,0.1
20051,45.6,1.0
20053,45.290000000000006,5.1
20055,38.94,3.3
20057,35.89999999999999,3.0
20059,29.939999999999998,1.4
20061,13.259999999999998,18.8
20063,71.72,0.6
20065,59.71,4.4
20067,58.760000000000005,0.9
20069,65.32000000000001,0.7
20071,64.17,0.5
20073,52.370000000000005,0.5
20075,60.42999999999999,0.5
20077,50.61,0.5
20079,22.489999999999995,1.9
20081,67.61999999999999,0.9
20083,65.0,0.9
20085,29.240000000000002,0.9
20087,23.090000000000003,0.8
20089,67.2,0.3
20091,17.4,5.0
20093,59.81,0.8
20095,51.5,0.3
20097,71.06,0.9
20099,20.22,4.6
20101,61.099999999999994,0.8
20103,19.6,9.6
20105,59.07000000000001,0.5
20107,44.93000000000001,0.8
20109,68.82,1.0
20111,11.439999999999998,2.8
20113,41.44,1.2
20115,46.290000000000006,1.2
20117,36.16,0.3
20119,68.46000000000001,0.8
20121,34.64,1.3
20123,58.78,0.3
20125,41.3,5.8
20127,41.18000000000001,0.6
20129,69.09,0.9
20131,58.29,0.7
20133,34.290000000000006,1.3
20135,68.63000000000001,0.7
20137,63.64999999999999,3.1
20139,31.25999999999999,0.5
20141,62.84,0.3
20143,59.230000000000004,0.9
20145,42.870000000000005,5.1
20147,68.35,0.5
20149,47.150000000000006,1.4
20151,47.120000000000005,1.4
20153,71.54,0.5
20155,31.25,3.4
20157,61.69,0.7
20159,47.95,1.8
20161,11.990000000000002,6.9
20163,68.17999999999999,0.6
20165,50.89,0.4
20167,61.25,1.1
20169,31.629999999999995,3.6
20171,70.71,0.6
20173,18.879999999999995,9.5
20175,41.089999999999996,4.2
20177,1.0500000000000043,8.8
20179,73.47,0.2
20181,53.33,1.0
20183,62.58,0.5
20185,53.34,0.7
20187,60.86999999999999,0.9
20189,73.6,0.8
20191,39.400000000000006,1.3
20193,63.04,0.8
20195,61.43,0.7
20197,40.949999999999996,0.8
20199,81.58,0.9
20201,62.03,0.6
20203,67.27000000000001,1.1
20205,53.989999999999995,0.5
20207,45.269999999999996,0.5
20209,-36.95,24.8
21000,,8.2
21001,55.019999999999996,3.0
21003,47.550000000000004,1.1
21005,33.98,2.2
21007,37.42999999999999,3.1
21009,33.33,4.2
21011,12.25,1.5
21013,51.709999999999994,2.4
21015,38.64999999999999,3.2
21017,20.409999999999997,6.3
21019,16.32,3.1
21021,26.119999999999997,7.8
21023,27.29,0.7
21025,35.06,0.5
21027,27.61,2.2
21029,35.66000000000001,1.1
21031,47.89,0.7
21033,35.02,5.5
21035,27.35,4.1
21037,22.799999999999997,3.1
21039,41.42,1.5
21041,10.049999999999997,1.9
21043,21.28,0.7
21045,62.68000000000001,0.7
21047,23.79,21.1
21049,30.510000000000005,5.1
21051,68.60000000000001,4.3
21053,64.11999999999999,0.6
21055,48.75,1.0
21057,56.66000000000001,2.8
21059,21.11,5.0
21061,39.809999999999995,1.8
21063,-2.5,3.5
21065,46.16,0.3
21067,-1.0200000000000031,15.0
21069,32.33,1.6
21071,33.919999999999995,1.0
21073,-0.8200000000000003,11.1
21075,16.25,24.3
21077,16.990000000000002,1.8
21079,51.56,2.2
21081,33.16,1.0
21083,39.68000000000001,4.7
21085,39.48,1.2
21087,50.85000000000001,2.2
21089,18.650000000000006,1.0
21091,9.169999999999995,1.3
21093,20.770000000000003,12.8
21095,64.02,2.3
21097,29.1,2.3
21099,29.81000000000001,4.8
21101,11.839999999999996,7.9
21103,21.4,2.9
21105,34.830000000000005,9.2
21107,39.919999999999995,6.7
21109,74.16,0.3
21111,-11.089999999999996,21.5
21113,39.900000000000006,3.5
21115,59.46,0.5
21117,24.32,4.9
21119,47.61,0.9
21121,53.900000000000006,1.3
21123,37.779999999999994,3.2
21125,63.57,0.8
21127,44.26,0.4
21129,52.690000000000005,2.6
21131,80.88000000000001,0.3
21133,58.339999999999996,0.6
21135,41.599999999999994,0.4
21137,41.88999999999999,2.4
21139,38.64,0.6
21141,32.63,6.7
21143,27.07,5.7
21145,32.46000000000001,10.9
21147,61.239999999999995,5.8
21149,30.300000000000004,0.9
21151,28.86,4.7
21153,39.910000000000004,0.3
21155,5.219999999999999,8.4
21157,34.22,0.4
21159,68.14999999999999,7.2
21161,23.32,6.6
21163,22.760000000000005,3.9
21165,16.779999999999994,2.8
21167,38.78,3.9
21169,29.9,1.9
21171,59.55,2.3
21173,26.32,3.0
21175,36.94,4.3
21177,23.479999999999997,5.0
21179,16.520000000000003,5.3
21181,24.6,0.7
21183,36.099999999999994,1.0
21185,36.599999999999994,4.4
21187,32.260000000000005,1.0
21189,63.040000000000006,0.5
21191,30.67,0.6
21193,58.52000000000001,1.7
21195,50.53,0.8
21197,25.58,0.8
21199,60.519999999999996,1.3
21201,25.57,0.3
21203,63.24,0.4
21205,7.789999999999999,1.9
21207,61.97,0.7
21209,25.020000000000003,5.8
21211,27.620000000000005,7.7
21213,24.04,9.7
21215,37.69,1.8
21217,38.959999999999994,5.2
21219,39.08,8.5
21221,35.67,7.7
21223,21.96,1.5
21225,33.67000000000001,13.1
21227,21.82,9.4
21229,34.989999999999995,6.3
21231,47.629999999999995,1.8
21233,33.669999999999995,4.3
21235,57.75,0.8
21237,22.119999999999997,0.3
21239,18.939999999999998,5.2
22000,,32.5
22001,49.81999999999999,18.3
22003,41.67,23.2
22005,34.28000000000001,22.9
22007,12.090000000000003,29.9
22009,26.97,29.5
22011,58.24000000000001,13.5
22013,2.0999999999999943,41.8
22015,45.37,21.7
22017,-4.990000000000002,48.2
22019,28.739999999999995,25.3
22021,55.64000000000001,17.0
22023,76.16999999999999,4.1
22025,31.86,32.2
22027,9.43,50.9
22029,17.240000000000002,40.7
22031,13.790000000000006,38.1
22033,-5.229999999999997,46.2
22035,-24.21,67.5
22037,7.339999999999996,44.1
22039,30.760000000000005,28.4
22041,36.13,32.0
22043,65.3,16.0
22045,26.230000000000004,32.2
22047,-13.379999999999995,49.0
22049,37.55,29.1
22051,18.240000000000002,27.2
22053,47.53999999999999,17.1
22055,33.68,26.1
22057,48.540000000000006,13.7
22059,75.5,12.5
22061,14.649999999999999,41.6
22063,70.41,6.3
22065,-22.25,62.1
22067,5.57,47.9
22069,6.579999999999998,41.4
22071,-62.56,59.8
22073,20.89,37.3
22075,28.050000000000004,20.4
22077,9.159999999999997,35.6
22079,29.549999999999997,32.0
22081,4.780000000000001,39.5
22083,26.349999999999994,35.6
22085,55.15,16.9
22087,24.67,22.3
22089,27.79,26.6
22091,-19.57,53.0
22093,-14.920000000000002,49.1
22095,-26.32,55.4
22097,4.330000000000005,41.3
22099,24.5,30.5
22101,18.770000000000003,32.6
22103,52.25000000000001,12.0
22105,27.690000000000005,30.2
22107,-11.879999999999995,54.8
22109,41.16000000000001,19.0
22111,41.67,26.2
22113,52.790000000000006,14.7
22115,57.5,14.8
22117,28.690000000000005,30.4
22119,24.96,34.0
22121,9.629999999999995,38.5
22123,61.00999999999999,16.3
22125,14.130000000000003,45.9
22127,40.129999999999995,30.9
23000,,1.4
23001,-12.780000000000001,3.8
23003,-7.619999999999997,0.8
23005,-26.950000000000003,2.9
23007,-18.410000000000004,0.5
23009,-17.03,0.7
23011,-13.469999999999999,0.7
23013,-22.54,0.7
23015,-11.64,0.5
23017,-14.739999999999995,0.4
23019,-2.9200000000000017,0.9
23021,4.260000000000005,0.6
23023,-16.310000000000002,0.8
23025,-1.6700000000000017,0.5
23027,-10.620000000000005,0.5
23029,-1.5900000000000034,0.7
23031,-16.33,0.7
24000,,30.3
24001,31.57,8.2
24003,0.07000000000000028,16.6
24005,-17.0,27.8
24009,7.519999999999996,13.2
24011,23.42,14.3
24013,32.92,3.6
24015,19.410000000000004,6.8
24017,-31.370000000000005,43.8
24019,4.649999999999999,28.3
24021,3.1199999999999974,9.4
24023,50.31,1.1
24025,18.410000000000004,13.4
24027,-21.97,18.6
24029,0.28000000000000114,15.1
24031,-43.870000000000005,18.8
24033,-80.51,64.7
24035,29.199999999999996,6.9
24037,14.810000000000002,14.5
24039,-1.8999999999999986,42.8
24041,12.370000000000005,13.2
24043,17.58,10.9
24045,5.039999999999999,25.2
24047,18.0,13.7
24510,-76.1,63.1
25000,,8.3
25001,-7.790000000000006,2.5
25003,-53.63999999999999,3.1
25005,-20.509999999999998,4.7
25007,-47.279999999999994,3.7
25009,-16.33,6.3
25011,-46.95,1.4
25013,-25.07,10.7
25015,-43.949999999999996,3.0
25017,-27.11,5.5
25019,-26.839999999999996,8.1
25021,-15.240000000000002,6.9
25023,-4.199999999999996,10.0
25025,-56.7,24.7
25027,-9.439999999999998,5.3
26000,,14.2
26001,18.0,0.3
26003,2.5500000000000043,6.9
26005,19.549999999999997,1.4
26007,5.310000000000002,0.4
26009,21.299999999999997,0.3
26011,4.950000000000003,0.4
26013,8.369999999999997,7.8
26015,18.050000000000004,0.5
26017,-5.530000000000001,1.7
26019,3.9399999999999977,0.6
26021,6.519999999999996,15.4
26023,18.200000000000003,2.2
26025,-1.6000000000000014,11.1
26027,13.64,5.4
26029,14.590000000000003,0.5
26031,10.899999999999999,0.6
26033,7.519999999999996,6.9
26035,4.800000000000004,0.7
26037,6.270000000000003,1.9
26039,11.010000000000005,0.8
26041,6.640000000000001,0.3
26043,21.29,0.5
26045,-3.1300000000000026,7.0
26047,17.04,0.7
26049,-28.059999999999995,20.6
26051,7.159999999999997,0.5
26053,-8.059999999999995,4.5
26055,11.739999999999995,1.3
26057,3.9299999999999997,5.6
26059,24.199999999999996,0.7
26061,9.089999999999996,0.9
26063,14.769999999999996,0.5
26065,-27.699999999999996,12.2
26067,12.75,4.9
26069,4.989999999999995,0.6
26071,8.940000000000005,0.3
26073,-9.219999999999999,2.7
26075,5.740000000000002,8.3
26077,-13.25,11.4
26079,19.630000000000003,0.6
26081,7.649999999999999,10.4
26083,13.79,0.2
26085,-4.989999999999995,9.1
26087,11.449999999999996,1.2
26089,6.380000000000003,0.5
26091,1.2800000000000011,2.8
26093,23.18,0.6
26095,22.689999999999998,11.5
26097,12.18,1.6
26099,-3.969999999999999,11.0
26101,-5.93,3.3
26103,-13.939999999999998,1.7
26105,4.939999999999998,0.9
26107,9.780000000000001,3.0
26109,2.9299999999999997,0.6
26111,15.409999999999997,1.4
26113,34.03,0.5
26115,-0.990000000000002,2.4
26117,8.579999999999998,2.4
26119,17.4,0.4
26121,-17.729999999999997,14.4
26123,17.36,1.3
26125,-8.030000000000001,14.5
26127,10.270000000000003,0.8
26129,6.219999999999999,0.4
26131,9.049999999999997,0.3
26133,21.020000000000003,0.8
26135,16.07,0.3
26137,19.590000000000003,0.6
26139,34.22,1.8
26141,8.480000000000004,0.6
26143,3.8400000000000034,0.6
26145,-11.869999999999997,19.4
26147,7.1299999999999955,2.6
26149,12.229999999999997,2.8
26151,20.33,0.5
26153,6.829999999999998,0.3
26155,-3.6700000000000017,0.7
26157,10.780000000000001,1.2
26159,-0.46000000000000085,4.2
26161,-35.760000000000005,12.8
26163,-46.7,39.3
26165,15.21,0.6
27000,,5.9
27001,1.3200000000000003,0.4
27003,2.5899999999999963,5.4
27005,14.490000000000002,0.6
27007,-9.89,0.8
27009,13.64,2.5
27011,1.4299999999999997,0.4
27013,-9.479999999999997,3.5
27015,16.57,0.4
27017,-26.060000000000002,1.6
27019,19.68,1.6
27021,13.0,0.4
27023,-1.8699999999999974,0.7
27025,12.579999999999998,1.3
27027,-7.920000000000002,1.7
27029,14.439999999999998,0.4
27031,-23.240000000000002,0.6
27033,15.07,1.0
27035,13.329999999999998,0.6
27037,-2.9199999999999946,5.7
27039,10.019999999999996,0.7
27041,15.420000000000002,0.5
27043,9.04,0.5
27045,-7.340000000000003,0.4
27047,-14.100000000000001,1.1
27049,3.0,1.2
27051,2.9000000000000057,0.5
27053,-27.040000000000006,12.6
27055,-3.1600000000000037,0.6
27057,16.889999999999993,0.4
27059,18.060000000000002,0.8
27061,-9.829999999999998,0.4
27063,14.29,0.6
27065,9.009999999999998,0.6
27067,6.68,3.5
27069,-6.030000000000001,0.4
27071,-9.449999999999996,0.7
27073,-0.9099999999999966,0.3
27075,-21.009999999999998,0.5
27077,20.009999999999998,0.3
27079,6.509999999999998,0.6
27081,5.32,0.2
27083,9.11,2.5
27085,22.099999999999994,0.7
27087,-18.559999999999995,0.5
27089,12.149999999999999,0.4
27091,23.729999999999997,0.6
27093,15.920000000000002,0.6
27095,8.57,0.5
27097,23.97,0.5
27099,-22.61,3.4
27101,7.219999999999999,0.4
27103,-7.829999999999998,2.4
27105,9.25,4.4
27107,-10.780000000000001,0.5
27109,-3.1999999999999957,5.7
27111,21.14,1.1
27113,4.310000000000002,1.3
27115,0.6799999999999997,2.4
27117,23.699999999999996,1.2
27119,5.729999999999997,1.4
27121,2.5700000000000003,0.5
27123,-35.2,11.7
27125,2.530000000000001,0.7
27127,20.049999999999997,0.8
27129,9.79,0.5
27131,-8.270000000000003,4.1
27133,17.830000000000005,0.8
27135,22.269999999999996,0.4
27137,-29.629999999999995,1.6
27139,14.810000000000002,3.6
27141,22.04,2.1
27143,22.739999999999995,0.6
27145,12.060000000000002,3.9
27147,6.259999999999998,2.7
27149,0.4299999999999997,1.3
27151,-9.830000000000005,0.8
27153,16.1,0.5
27155,-4.440000000000005,0.5
27157,5.390000000000001,0.6
27159,24.309999999999995,1.0
27161,7.660000000000004,2.5
27163,-0.75,4.3
27165,0.45000000000000284,1.7
27167,19.43,0.4
27169,-12.850000000000001,1.5
27171,21.71,1.2
27173,6.299999999999997,0.4
28000,,37.5
28001,-17.919999999999995,53.4
28003,51.25,12.5
28005,15.21,40.9
28007,13.190000000000005,42.3
28009,-0.23999999999999488,36.2
28011,-38.120000000000005,64.7
28013,25.83,28.0
28015,32.6,34.0
28017,-4.520000000000003,43.9
28019,32.39,29.5
28021,-76.82,84.1
28023,23.479999999999997,34.2
28025,-21.86,58.6
28027,-48.15,74.9
28029,-10.39,51.4
28031,16.340000000000003,35.9
28033,33.419999999999995,24.9
28035,10.93,37.0
28037,22.449999999999996,35.5
28039,71.19,8.5
28041,54.14,27.2
28043,6.160000000000004,42.4
28045,52.699999999999996,8.4
28047,25.82,24.0
28049,-43.61,70.8
28051,-68.66,82.2
28053,-50.06999999999999,75.0
28055,-22.490000000000002,63.9
28057,61.03,6.8
28059,34.38,22.1
28061,-9.68,52.4
28063,-78.57,85.1
28065,-25.639999999999993,59.9
28067,38.050000000000004,29.3
28069,-28.700000000000003,60.4
28071,15.300000000000004,23.7
28073,54.669999999999995,20.6
28075,14.899999999999999,42.9
28077,25.740000000000002,31.4
28079,8.730000000000004,41.9
28081,27.910000000000004,28.7
28083,-43.31,72.7
28085,32.71000000000001,31.0
28087,0.480000000000004,44.0
28089,15.71,38.3
28091,30.199999999999996,32.4
28093,-19.560000000000002,47.6
28095,15.759999999999998,30.8
28097,4.82,45.5
28099,43.11000000000001,21.2
28101,31.450000000000003,30.3
28103,-57.39000000000001,71.7
28105,-1.8400000000000034,37.2
28107,-8.619999999999997,49.7
28109,59.309999999999995,12.8
28111,45.61,20.2
28113,-8.169999999999995,52.5
28115,53.53999999999999,15.6
28117,42.44,14.2
28119,-43.25,69.1
28121,52.14999999999999,20.2
28123,9.450000000000003,38.1
28125,-41.269999999999996,69.6
28127,22.049999999999997,35.7
28129,50.25,23.6
28131,45.36999999999999,19.8
28133,-46.92999999999999,73.0
28135,-22.450000000000003,56.4
28137,19.340000000000003,31.3
28139,48.019999999999996,16.7
28141,56.58,2.8
28143,-59.15,75.6
28145,50.64,15.1
28147,8.329999999999998,43.8
28149,-1.5300000000000011,48.2
28151,-42.260000000000005,71.4
28153,19.0,39.4
28155,53.53,19.7
28157,-41.150000000000006,70.2
28159,5.710000000000001,46.3
28161,3.8700000000000045,38.5
28163,-14.299999999999997,57.4
29000,,11.8
29001,14.14,1.9
29003,33.66,0.8
29005,42.3,0.4
29007,26.519999999999996,6.9
29009,44.66,0.5
29011,55.480000000000004,0.8
29013,31.699999999999996,1.1
29015,34.34,0.5
29017,52.81999999999999,0.4
29019,-3.0700000000000003,9.6
29021,8.729999999999997,6.0
29023,46.69,5.5
29025,33.81,0.5
29027,31.120000000000005,4.7
29029,39.22,0.6
29031,43.660000000000004,7.7
29033,44.56999999999999,2.1
29035,43.730000000000004,0.4
29037,28.240000000000002,4.0
29039,46.96,0.3
29041,27.82,2.3
29043,46.52,0.8
29045,10.29,0.3
29047,8.380000000000003,6.0
29049,22.75,1.6
29051,33.56999999999999,11.8
29053,32.120000000000005,7.4
29055,36.36,0.5
29057,50.21,0.5
29059,39.43,0.3
29061,33.09,0.6
29063,42.8,11.6
29065,49.44,0.6
29067,44.82000000000001,0.4
29069,30.17,10.4
29071,27.810000000000002,1.0
29073,39.2,0.4
29075,35.05000000000001,0.6
29077,24.269999999999996,3.2
29079,41.559999999999995,0.8
29081,44.38000000000001,0.5
29083,25.759999999999998,1.4
29085,23.549999999999997,0.4
29087,50.830000000000005,0.3
29089,26.590000000000003,5.6
29091,43.730000000000004,0.5
29093,14.469999999999999,1.6
29095,-19.630000000000003,24.0
29097,41.0,2.4
29099,12.670000000000002,1.1
29101,24.25,4.9
29103,25.9,0.5
29105,44.32000000000001,0.9
29107,26.15,2.4
29109,46.989999999999995,0.5
29111,27.32,3.3
29113,28.97,2.0
29115,23.479999999999997,0.8
29117,34.69,3.2
29119,48.28,1.6
29121,33.41,2.3
29123,33.24999999999999,0.5
29125,41.11999999999999,0.5
29127,32.010000000000005,5.2
29129,54.5,0.2
29131,49.31,0.6
29133,23.15,24.7
29135,48.050000000000004,4.1
29137,28.740000000000002,2.8
29139,32.75,1.6
29141,34.06999999999999,1.0
29143,20.28,15.8
29145,46.67,1.0
29147,26.97,2.7
29149,33.18,0.5
29151,55.73,0.3
29153,40.85,0.3
29155,14.64,26.7
29157,43.64,0.6
29159,28.75,3.4
29161,33.339999999999996,2.4
29163,27.25,7.6
29165,14.089999999999996,6.4
29167,43.23,1.0
29169,36.06,12.8
29171,47.03999999999999,0.3
29173,29.689999999999998,1.2
29175,36.45,5.9
29177,14.850000000000001,1.4
29179,24.18,0.9
29181,44.60000000000001,0.7
29183,20.89,4.7
29185,33.7,0.7
29186,3.0,0.9
29187,19.46,4.5
29189,-13.649999999999999,23.9
29195,14.43,5.2
29197,24.599999999999994,0.2
29199,31.15,0.1
29201,38.24000000000001,11.7
29203,26.0,0.4
29205,37.81,0.7
29207,49.3,1.2
29209,49.0,0.5
29211,27.049999999999997,1.7
29213,47.239999999999995,1.4
29215,44.099999999999994,3.7
29217,37.28999999999999,0.8
29219,26.79,2.4
29221,19.020000000000003,2.4
29223,34.56,0.7
29225,40.64999999999999,1.1
29227,30.82,0.8
29229,48.74000000000001,0.7
29510,-66.52000000000001,47.5
30000,,0.6
30001,39.86,0.4
30003,-26.259999999999998,0.4
30005,-15.32,0.2
30007,46.099999999999994,0.5
30009,23.72,0.5
30011,73.12,0.1
30013,9.010000000000005,1.7
30015,27.65,0.2
30017,28.699999999999996,0.6
30019,49.949999999999996,0.3
30021,40.92,0.5
30023,-31.659999999999997,0.4
30025,63.370000000000005,0.2
30027,43.11,0.5
30029,32.83,0.4
30031,5.0,0.4
30033,79.31,0.3
30035,-33.86999999999999,0.2
30037,50.32,0.7
30039,33.67,0.4
30041,-3.5,0.6
30043,27.339999999999996,0.4
30045,42.55000000000001,0.1
30047,10.0,0.4
30049,3.549999999999997,0.5
30051,44.59,0.3
30053,39.419999999999995,0.4
30055,52.57,0.6
30057,40.620000000000005,0.5
30059,41.260000000000005,0.3
30061,25.53,0.5
30063,-17.770000000000003,0.6
30065,55.71000000000001,0.6
30067,10.560000000000002,0.3
30069,64.10000000000001,0.0
30071,54.620000000000005,0.1
30073,25.67,0.3
30075,64.56,0.1
30077,33.05,1.1
30079,50.209999999999994,0.3
30081,31.61,0.5
30083,53.959999999999994,0.5
30085,-15.580000000000005,0.3
30087,16.520000000000003,0.3
30089,38.300000000000004,0.3
30091,28.11,0.4
30093,-32.38000000000001,0.5
30095,44.43,0.3
30097,52.86,0.1
30099,31.42000000000001,0.1
30101,40.82000000000001,0.8
30103,45.06,0.1
30105,24.67,0.4
30107,42.44,0.4
30109,59.379999999999995,0.1
30111,20.490000000000002,0.8
31000,,4.9
31001,33.58,1.0
31003,62.64999999999999,0.3
31005,75.19,0.2
31007,70.80000000000001,2.6
31009,78.88,0.2
31011,54.269999999999996,0.4
31013,25.019999999999996,0.7
31015,63.96000000000001,0.1
31017,69.32000000000001,0.2
31019,42.18000000000001,1.1
31021,21.869999999999997,0.5
31023,43.870000000000005,0.4
31025,26.189999999999998,0.5
31027,53.529999999999994,0.1
31029,71.24000000000001,0.2
31031,69.22,0.4
31033,50.87,0.4
31035,53.11,0.7
31037,35.26,2.9
31039,46.4,0.3
31041,58.44,0.5
31043,2.8000000000000043,4.3
31045,36.11,1.8
31047,41.489999999999995,4.3
31049,53.879999999999995,0.3
31051,32.58,0.6
31053,22.22,1.1
31055,3.020000000000003,11.6
31057,62.53999999999999,0.4
31059,41.67999999999999,0.7
31061,47.400000000000006,0.2
31063,56.39,0.2
31065,60.67,0.4
31067,16.660000000000004,0.6
31069,53.809999999999995,0.4
31071,65.96000000000001,0.3
31073,51.53,0.7
31075,80.44999999999999,0.2
31077,40.510000000000005,0.7
31079,27.11,2.7
31081,50.379999999999995,0.4
31083,58.55,0.1
31085,78.85,0.5
31087,60.47,0.3
31089,61.55,0.3
31091,68.60000000000001,0.0
31093,33.99999999999999,0.4
31095,28.18,0.5
31097,21.090000000000003,6.2
31099,49.56,0.3
31101,52.14,0.6
31103,64.67,0.0
31105,49.8,0.3
31107,45.24000000000001,0.2
31109,0.3300000000000054,3.9
31111,40.1,1.0
31113,66.82,0.1
31115,63.690000000000005,0.5
31117,67.35,0.4
31119,47.37,1.7
31121,44.86,0.5
31123,55.980000000000004,0.3
31125,38.56,0.3
31127,27.5,1.1
31129,45.92,0.2
31131,24.310000000000002,0.6
31133,37.21000000000001,0.4
31135,64.35,0.8
31137,57.53999999999999,0.5
31139,60.330000000000005,0.4
31141,51.31,0.7
31143,55.43000000000001,0.2
31145,59.54,0.9
31147,33.49,0.3
31149,72.12,0.1
31151,5.399999999999999,1.6
31153,23.14,4.5
31155,33.580000000000005,0.5
31157,37.24,0.9
31159,34.55,0.5
31161,65.98,0.4
31163,24.510000000000005,0.2
31165,70.77,0.2
31167,50.489999999999995,0.9
31169,43.10000000000001,0.4
31171,77.94999999999999,0.1
31173,-13.909999999999997,0.6
31175,52.8,0.2
31177,36.76,0.8
31179,38.53999999999999,1.9
31181,46.849999999999994,0.7
31183,56.25,0.0
31185,55.09,1.6
32000,,9.1
32001,39.940000000000005,2.2
32003,-14.600000000000001,11.6
32005,26.770000000000003,0.9
32007,53.190000000000005,1.5
32009,51.720000000000006,1.9
32011,68.81,1.2
32013,36.09,1.2
32015,48.31,0.9
32017,59.989999999999995,3.5
32019,28.61,1.3
32021,10.660000000000004,4.6
32023,24.229999999999997,2.7
32027,28.39,4.2
32029,17.330000000000005,1.6
32031,-3.6999999999999957,2.6
32033,43.68,4.8
32510,9.019999999999996,2.2
33000,,1.5
33001,4.960000000000001,0.8
33003,0.8000000000000043,0.5
33005,-24.72,0.8
33007,-17.53,0.7
33009,-23.700000000000003,1.1
33011,-1.1200000000000045,2.6
33013,-12.71,1.4
33015,4.560000000000002,0.9
33017,-14.54,1.2
33019,-13.259999999999998,0.7
34000,,14.8
34001,-16.840000000000003,17.3
34003,-11.32,6.8
34005,-18.020000000000003,17.5
34007,-37.269999999999996,21.1
34009,8.579999999999998,5.0
34011,-24.199999999999996,21.9
34013,-56.650000000000006,41.9
34015,-10.730000000000004,10.8
34017,-56.02,15.1
34019,17.729999999999997,2.7
34021,-36.709999999999994,21.2
34023,-27.580000000000005,11.2
34025,4.969999999999999,7.7
34027,10.810000000000002,3.6
34029,17.54,3.5
34031,-28.21,14.8
34033,-1.2999999999999972,14.7
34035,-5.579999999999998,9.9
34037,21.29,2.2
34039,-33.99999999999999,23.5
34041,15.419999999999995,4.5
35000,,2.5
35001,-16.36,3.4
35003,43.99000000000001,0.6
35005,31.96,2.5
35006,-23.810000000000002,1.4
35007,-2.230000000000004,0.9
35009,38.38000000000001,7.0
35011,33.15,0.4
35013,-14.779999999999994,2.2
35015,33.42,1.9
35017,-13.420000000000002,1.2
35019,-43.61,2.2
35021,11.149999999999999,0.7
35023,-4.960000000000001,1.3
35025,49.769999999999996,4.4
35027,32.67,1.0
35028,-3.6999999999999957,0.7
35029,1.1599999999999966,1.7
35031,-46.949999999999996,1.0
35033,-52.089999999999996,1.0
35035,28.1,4.2
35037,22.089999999999996,1.8
35039,-52.58,0.9
35041,38.800000000000004,2.5
35043,-5.259999999999998,2.6
35045,28.1,0.9
35047,-56.89,1.9
35049,-51.09,1.2
35051,18.9,0.8
35053,-18.58,1.3
35055,-60.290000000000006,0.8
35057,17.189999999999998,2.2
35059,43.44,2.0
35061,-2.479999999999997,1.7
36000,,17.6
36001,-31.299999999999997,13.7
36003,25.08,1.3
36005,-83.37,43.5
36007,-5.310000000000002,5.7
36009,13.169999999999995,1.5
36011,-11.399999999999999,4.3
36013,7.8700000000000045,2.7
36015,2.3300000000000054,6.8
36017,3.0899999999999963,1.0
36019,-25.590000000000003,4.5
36021,-13.719999999999999,5.2
36023,-9.099999999999994,1.9
36025,8.770000000000003,2.0
36027,-7.509999999999998,11.1
36029,-16.340000000000003,13.9
36031,-18.770000000000003,3.2
36033,-26.07,6.4
36035,11.149999999999999,2.0
36037,20.230000000000004,3.2
36039,10.370000000000005,6.5
36041,25.82,1.0
36043,8.019999999999996,1.2
36045,2.8599999999999994,6.6
36047,-65.12,35.2
36049,8.810000000000002,0.9
36051,10.25,3.0
36053,-0.8799999999999955,2.0
36055,-18.019999999999996,16.1
36057,4.6299999999999955,2.7
36059,-7.640000000000001,12.6
36061,-68.82,18.3
36063,-0.8400000000000034,7.1
36065,4.68,6.8
36067,-21.21,11.7
36069,1.5300000000000011,2.6
36071,-5.650000000000006,11.8
36073,19.089999999999996,6.7
36075,-7.919999999999995,1.1
36077,-2.720000000000006,2.2
36079,10.310000000000002,3.2
36081,-59.16,20.8
36083,-12.189999999999998,7.3
36085,-2.5700000000000003,11.9
36087,-6.710000000000001,13.1
36089,-16.709999999999994,2.5
36091,-2.4399999999999977,1.8
36093,-15.82,11.3
36095,15.449999999999996,1.5
36097,7.449999999999996,1.2
36099,-9.089999999999996,5.4
36101,16.009999999999998,1.6
36103,-3.690000000000005,8.3
36105,-9.019999999999996,9.8
36107,14.770000000000003,0.9
36109,-40.56,4.4
36111,-22.6,6.8
36113,-2.3300000000000054,1.2
36115,-1.8900000000000006,3.4
36117,9.130000000000003,3.3
36119,-25.15,16.1
36121,28.690000000000005,6.1
36123,3.289999999999999,1.0
37000,,22.1
37001,13.719999999999999,19.5
37003,44.44,5.9
37005,35.66000000000001,1.9
37007,-25.35,48.6
37009,32.72,1.0
37011,50.05,4.4
37013,19.230000000000004,25.3
37015,-32.68,61.4
37017,-1.9600000000000009,34.6
37019,22.15,11.2
37021,-12.469999999999999,6.5
37023,23.439999999999998,6.8
37025,19.989999999999995,17.1
37027,35.5,5.1
37029,34.03,12.6
37031,40.760000000000005,6.2
37033,2.219999999999999,33.5
37035,29.410000000000004,8.9
37037,-4.789999999999999,13.1
37039,45.86,1.6
37041,4.469999999999999,34.2
37043,42.43000000000001,1.1
37045,20.14,20.9
37047,7.800000000000004,30.5
37049,17.68,21.7
37051,-19.690000000000005,37.6
37053,34.8,6.1
37055,15.89,3.0
37057,40.550000000000004,9.4
37059,43.3,6.5
37061,11.57,26.0
37063,-52.78999999999999,38.6
37065,-36.21,57.7
37067,-7.210000000000001,27.1
37069,4.109999999999999,26.8
37071,25.380000000000003,16.1
37073,-4.109999999999999,33.2
37075,41.32,0.4
37077,-4.539999999999999,32.1
37079,7.690000000000005,36.6
37081,-16.379999999999995,34.0
37083,-32.26,53.2
37085,18.97,21.5
37087,13.580000000000005,1.2
37089,27.4,3.4
37091,-44.300000000000004,59.8
37093,-19.060000000000002,34.3
37095,1.2600000000000051,29.6
37097,30.410000000000004,12.2
37099,0.9500000000000028,2.3
37101,27.57,16.0
37103,9.270000000000003,31.1
37105,9.719999999999999,20.1
37107,0.12000000000000455,41.0
37109,38.72999999999999,5.8
37111,31.740000000000002,4.1
37113,30.380000000000003,1.8
37115,9.099999999999994,1.8
37117,-4.649999999999999,42.9
37119,-22.409999999999997,32.2
37121,51.099999999999994,0.7
37123,15.120000000000005,19.0
37125,27.989999999999995,13.0
37127,-0.9699999999999989,39.4
37129,4.560000000000002,14.6
37131,-34.85999999999999,58.4
37133,26.739999999999995,15.8
37135,-42.16,12.2
37137,20.759999999999998,20.1
37139,-14.630000000000003,37.3
37141,20.33,16.8
37143,15.980000000000004,24.4
37145,10.879999999999995,27.3
37147,-7.140000000000001,34.8
37149,21.4,4.5
37151,50.05,6.3
37153,-2.9499999999999957,31.4
37155,-17.409999999999997,24.7
37157,21.130000000000003,19.0
37159,25.879999999999995,16.6
37161,33.38000000000001,9.9
37163,10.910000000000004,27.0
37165,-16.840000000000003,39.2
37167,39.95,11.3
37169,42.64,4.2
37171,36.67999999999999,4.1
37173,6.25,1.3
37175,16.75,4.1
37177,5.219999999999999,36.3
37179,30.230000000000004,12.1
37181,-28.270000000000003,50.9
37183,-11.439999999999998,21.3
37185,-37.77,51.5
37187,-18.639999999999993,48.7
37189,3.1100000000000065,1.9
37191,8.43,31.9
37193,42.43,4.5
37195,-7.470000000000006,39.8
37197,51.27,3.5
37199,13.730000000000004,1.2
38000,,2.1
38001,45.86999999999999,0.8
38003,10.329999999999998,1.5
38005,-17.019999999999996,0.1
38007,66.25999999999999,0.6
38009,30.86,0.7
38011,49.86,0.3
38013,52.69,0.6
38015,31.870000000000005,1.2
38017,2.8999999999999986,3.7
38019,18.22,0.3
38021,29.86,1.0
38023,29.949999999999996,0.7
38025,49.06,0.6
38027,12.79,0.3
38029,55.84,0.1
38031,25.15,0.3
38033,62.49999999999999,0.8
38035,3.4200000000000017,3.5
38037,48.900000000000006,0.0
38039,17.5,0.4
38041,50.44,0.6
38043,35.92,0.5
38045,29.03,0.3
38047,53.86999999999999,0.3
38049,27.099999999999994,0.3
38051,37.650000000000006,0.3
38053,44.370000000000005,1.2
38055,29.79,0.3
38057,44.58,0.4
38059,30.93,0.9
38061,16.17,0.9
38063,5.839999999999996,0.6
38065,40.67,0.4
38067,19.85,0.5
38069,36.96000000000001,0.6
38071,10.020000000000003,0.5
38073,-13.770000000000003,0.6
38075,35.45,0.7
38077,13.54,0.8
38079,-49.67,0.4
38081,-9.760000000000005,0.7
38083,58.269999999999996,0.5
38085,-59.0,0.3
38087,59.040000000000006,0.5
38089,49.08,1.7
38091,-1.9200000000000017,0.2
38093,21.97,1.1
38095,9.060000000000002,0.2
38097,4.719999999999999,0.8
38099,14.009999999999998,0.4
38101,30.590000000000003,4.0
38103,41.24,0.3
38105,49.58,2.4
39000,,12.6
39001,25.990000000000002,0.6
39003,23.97,12.4
39005,29.739999999999995,0.9
39007,-12.740000000000002,3.8
39009,-35.209999999999994,2.7
39011,48.349999999999994,0.5
39013,8.21,4.2
39015,24.800000000000004,1.0
39017,25.1,8.1
39019,13.340000000000003,0.6
39021,21.67,2.3
39023,0.8200000000000003,9.0
39025,34.97,1.5
39027,34.199999999999996,2.3
39029,11.759999999999998,2.5
39031,9.189999999999998,1.2
39033,21.9,1.0
39035,-39.769999999999996,30.3
39037,44.36999999999999,0.6
39039,13.330000000000005,2.2
39041,23.15,3.5
39043,-12.25,8.8
39045,15.43,7.1
39047,21.479999999999997,2.5
39049,-22.78,22.2
39051,12.5,0.7
39053,25.299999999999997,2.6
39055,21.39,1.3
39057,21.0,7.3
39059,9.149999999999999,1.6
39061,-6.350000000000001,26.1
39063,27.61,1.8
39065,23.020000000000003,1.0
39067,14.949999999999996,2.2
39069,18.230000000000004,0.7
39071,29.97,1.5
39073,1.0,0.7
39075,52.68000000000001,0.5
39077,8.310000000000002,1.4
39079,20.43,0.7
39081,4.970000000000006,5.5
39083,23.879999999999995,1.0
39085,0.8900000000000006,3.9
39087,15.07,2.2
39089,13.86,3.8
39091,31.0,1.8
39093,-15.399999999999999,8.9
39095,-31.65,19.7
39097,19.919999999999995,6.6
39099,-28.310000000000002,15.9
39101,6.420000000000002,6.4
39103,12.800000000000004,1.4
39105,18.28,0.9
39107,54.510000000000005,0.4
39109,35.03,2.2
39111,7.560000000000002,0.5
39113,-4.609999999999999,21.1
39115,5.950000000000003,3.0
39117,24.239999999999995,0.6
39119,6.080000000000005,4.0
39121,24.309999999999995,2.8
39123,-4.280000000000001,1.0
39125,19.839999999999996,1.1
39127,3.960000000000001,0.5
39129,18.019999999999996,3.7
39131,0.00999999999999801,1.1
39133,-5.509999999999998,4.5
39135,36.21,0.6
39137,51.099999999999994,0.6
39139,19.340000000000003,9.5
39141,1.4499999999999957,6.1
39143,-2.6999999999999957,3.2
39145,1.3300000000000054,2.7
39147,7.460000000000001,2.6
39149,45.169999999999995,2.2
39151,-0.46999999999999886,7.8
39153,-15.670000000000002,14.8
39155,-22.939999999999998,8.6
39157,9.200000000000003,0.9
39159,29.21,2.7
39161,39.980000000000004,1.0
39163,7.650000000000006,0.6
39165,39.24999999999999,3.5
39167,19.03,1.2
39169,20.409999999999997,1.7
39171,15.700000000000003,1.2
39173,-4.840000000000003,2.8
39175,19.269999999999996,0.4
40000,,7.7
40001,34.63999999999999,0.5
40003,69.08000000000001,4.3
40005,48.0,4.0
40007,78.84,0.9
40009,59.080000000000005,4.5
40011,48.0,3.5
40013,44.24000000000001,1.9
40015,28.5,3.0
40017,54.34,2.9
40019,42.68000000000001,7.1
40021,14.099999999999994,1.5
40023,41.02000000000001,11.2
40025,80.78,0.5
40027,25.939999999999998,4.9
40029,44.97999999999999,0.7
40031,17.040000000000006,17.8
40033,46.44,2.3
40035,34.16,3.3
40037,45.400000000000006,2.4
40039,51.879999999999995,3.4
40041,41.22,0.5
40043,71.24000000000001,0.5
40045,74.9,0.7
40047,52.46000000000001,3.4
40049,46.03999999999999,2.8
40051,51.22,2.6
40053,62.0,1.2
40055,46.72,7.7
40057,42.800000000000004,8.4
40059,75.88,0.2
40061,44.620000000000005,0.7
40063,34.879999999999995,5.8
40065,50.66,7.8
40067,45.96000000000001,1.1
40069,39.94,2.1
40071,42.620000000000005,2.3
40073,68.86000000000001,1.6
40075,35.36000000000001,4.8
40077,38.379999999999995,1.2
40079,41.13999999999999,2.3
40081,48.96000000000001,1.9
40083,44.53999999999999,9.0
40085,40.400000000000006,2.1
40087,55.34,0.9
40089,51.56,8.7
40091,23.739999999999995,3.2
40093,71.63999999999999,0.9
40095,45.68000000000001,1.8
40097,33.300000000000004,0.6
40099,40.13999999999999,1.7
40101,14.780000000000001,11.0
40103,50.63999999999999,1.8
40105,38.96000000000001,2.3
40107,30.04,8.0
40109,16.659999999999997,15.7
40111,17.459999999999994,8.6
40113,25.28,11.3
40115,29.639999999999993,1.2
40117,40.02000000000001,0.9
40119,28.360000000000007,3.9
40121,38.34,3.6
40123,38.75999999999999,2.5
40125,38.66,3.2
40127,49.5,1.0
40129,67.5,0.6
40131,50.13999999999999,1.3
40133,30.259999999999998,4.6
40135,39.099999999999994,2.0
40137,53.24000000000001,2.1
40139,70.24000000000001,3.6
40141,33.400000000000006,8.7
40143,27.36,10.8
40145,45.699999999999996,3.9
40147,47.81999999999999,2.7
40149,61.900000000000006,1.2
40151,60.5,3.3
40153,67.97999999999999,2.1
41000,,2.0
41001,39.46,0.6
41003,-28.54,1.1
41005,-3.6499999999999986,1.0
41007,-14.660000000000004,0.9
41009,-5.160000000000004,0.6
41011,6.369999999999997,0.6
41013,36.03,0.3
41015,16.9,0.4
41017,6.719999999999999,0.5
41019,27.369999999999997,0.4
41021,25.259999999999998,0.2
41023,53.0,0.3
41025,49.540000000000006,0.5
41027,-26.729999999999997,0.6
41029,4.689999999999998,0.8
41031,16.4,1.0
41033,21.67,0.6
41035,37.64,0.9
41037,54.94,0.7
41039,-23.36,1.1
41041,-20.520000000000003,0.7
41043,16.65,0.7
41045,41.1,1.5
41047,3.1700000000000017,1.4
41049,34.26,0.9
41051,-54.720000000000006,5.7
41053,4.329999999999998,0.8
41055,34.989999999999995,0.6
41057,-4.8700000000000045,0.5
41059,27.689999999999998,1.1
41061,30.339999999999996,0.6
41063,36.88000000000001,0.5
41065,0.1600000000000037,0.6
41067,-17.43,2.2
41069,32.52,0.1
41071,6.490000000000002,1.1
42000,,11.6
42001,27.4,1.9
42003,-14.530000000000001,13.4
42005,37.339999999999996,0.9
42007,6.549999999999997,6.4
42009,54.78,0.7
42011,0.990000000000002,6.7
42013,33.839999999999996,1.9
42015,24.57,0.6
42017,-1.2299999999999969,4.1
42019,34.790000000000006,1.3
42021,18.04,3.5
42023,29.880000000000003,0.4
42025,7.490000000000002,1.9
42027,-0.25,3.8
42029,0.21000000000000085,6.4
42031,35.47,1.1
42033,28.720000000000006,3.0
42035,11.780000000000001,1.8
42037,12.82,2.1
42039,19.729999999999997,1.9
42041,18.39,3.8
42043,-6.039999999999999,18.7
42045,-21.339999999999996,21.2
42047,15.939999999999998,0.5
42049,-15.96,7.6
42051,8.32,4.8
42053,20.96,19.0
42055,38.31999999999999,3.9
42057,56.31999999999999,1.2
42059,17.71,3.5
42061,37.13999999999999,5.6
42063,18.619999999999997,2.9
42065,45.45,0.5
42067,44.97,0.8
42069,-27.199999999999996,3.3
42071,18.880000000000003,4.8
42073,9.020000000000003,4.1
42075,28.130000000000003,3.3
42077,-7.75,8.4
42079,-4.789999999999999,4.9
42081,33.11,4.7
42083,28.04,2.6
42085,3.3100000000000023,5.9
42087,46.7,0.8
42089,-13.259999999999998,15.1
42091,-14.280000000000001,9.4
42093,20.339999999999996,1.6
42095,-4.700000000000003,6.3
42097,19.32,2.6
42099,38.69,0.8
42101,-71.27,44.1
42103,11.07,6.3
42105,45.8,0.5
42107,13.32,3.3
42109,35.739999999999995,1.2
42111,42.69,2.8
42113,28.28,3.2
42115,21.339999999999996,0.6
42117,35.00999999999999,0.9
42119,23.18,7.7
42121,26.369999999999997,1.2
42123,17.42,0.5
42125,13.560000000000002,3.2
42127,20.759999999999998,3.6
42129,23.71,2.5
42131,12.809999999999995,0.9
42133,21.11,6.5
44000,,7.7
44001,-23.270000000000003,1.1
44003,-17.729999999999997,1.9
44005,-20.939999999999998,4.1
44007,-34.92,11.4
44009,-16.729999999999997,1.4
45000,,27.8
45001,13.479999999999997,28.3
45003,26.6,25.1
45005,-59.07000000000001,72.9
45007,36.42,16.6
45009,-35.31,61.1
45011,-5.329999999999998,44.1
45013,17.520000000000003,19.1
45015,14.57,25.1
45017,-4.310000000000002,41.9
45019,-2.3800000000000026,28.6
45021,29.28,20.7
45023,-10.580000000000005,37.0
45025,3.1999999999999957,32.5
45027,-12.399999999999999,48.7
45029,-0.19000000000000483,38.3
45031,-3.4000000000000057,41.2
45033,-16.08,46.6
45035,15.979999999999997,25.9
45037,13.340000000000003,36.9
45039,-31.759999999999998,58.8
45041,0.6000000000000014,42.2
45043,7.6299999999999955,32.6
45045,27.760000000000005,18.5
45047,15.260000000000005,32.1
45049,-27.39,53.9
45051,29.57,13.7
45053,-15.850000000000001,44.1
45055,18.119999999999997,25.2
45057,17.839999999999996,22.7
45059,17.42,26.0
45061,-35.3,63.4
45063,37.74999999999999,15.2
45065,-3.5999999999999943,48.6
45067,-30.190000000000005,56.5
45069,-24.599999999999994,51.0
45071,14.350000000000001,31.3
45073,42.59,7.8
45075,-43.440000000000005,62.2
45077,49.0,6.9
45079,-31.970000000000006,46.9
45081,21.1,26.2
45083,23.21,21.0
45085,-17.58,47.1
45087,6.280000000000001,31.7
45089,-39.92999999999999,65.1
45091,20.370000000000005,19.5
46000,,1.9
46003,17.72,0.5
46005,18.57,1.7
46007,6.490000000000002,0.4
46009,21.57,1.3
46011,3.1699999999999946,1.5
46013,6.670000000000002,1.6
46015,28.369999999999997,0.4
46017,-47.73,0.6
46019,49.22,0.7
46021,58.83,0.3
46023,19.85,0.4
46025,19.440000000000005,1.4
46027,-15.439999999999998,1.6
46029,18.29,0.8
46031,-11.079999999999998,0.2
46033,38.199999999999996,0.7
46035,21.520000000000003,1.0
46037,-6.159999999999997,0.6
46039,10.779999999999994,1.0
46041,-28.699999999999996,0.4
46043,59.290000000000006,0.6
46045,33.160000000000004,0.2
46047,31.799999999999997,1.1
46049,38.50999999999999,0.4
46051,15.009999999999998,1.0
46053,42.21,0.4
46055,73.44,0.9
46057,31.57,0.5
46059,36.099999999999994,0.1
46061,35.88,0.2
46063,75.23,0.6
46065,29.840000000000003,1.0
46067,44.61,0.7
46069,46.66,0.4
46071,21.239999999999995,0.6
46073,8.549999999999997,0.2
46075,62.72999999999999,0.3
46077,13.770000000000003,0.5
46079,11.059999999999995,1.0
46081,26.870000000000005,1.0
46083,25.64,1.3
46085,20.9,0.5
46087,28.71,0.4
46089,53.41,0.4
46091,-8.659999999999997,1.2
46093,42.88,1.9
46095,0.7800000000000011,0.3
46097,13.769999999999996,0.6
46099,7.399999999999999,4.6
46101,3.490000000000002,0.9
46103,29.47,1.6
46105,55.730000000000004,0.3
46107,49.96000000000001,0.4
46109,-9.850000000000001,0.6
46111,26.810000000000002,0.1
46113,-87.41,0.2
46115,12.170000000000002,0.7
46117,40.78,0.9
46119,52.2,0.8
46121,-59.19,0.3
46123,43.400000000000006,0.4
46125,30.96999999999999,0.5
46127,25.230000000000004,1.1
46129,43.06,0.5
46135,12.720000000000006,1.9
46137,-16.43,0.3
47000,,17.1
47001,29.82,4.2
47003,40.309999999999995,8.3
47005,25.57,2.5
47007,40.26,6.0
47009,45.71000000000001,3.0
47011,53.7,4.8
47013,43.599999999999994,0.5
47015,35.09,1.7
47017,34.559999999999995,10.3
47019,51.97,1.6
47021,36.94,1.9
47023,47.72999999999999,9.5
47025,50.940000000000005,1.2
47027,25.18,1.6
47029,49.36999999999999,2.0
47031,37.14,3.8
47033,38.45,13.7
47035,48.980000000000004,0.7
47037,-18.53,28.1
47039,36.96,3.0
47041,30.610000000000007,2.1
47043,28.39,4.4
47045,44.620000000000005,14.6
47047,30.659999999999997,27.5
47049,53.400000000000006,0.4
47051,28.9,5.2
47053,32.13,18.6
47055,29.21,10.4
47057,52.43000000000001,0.7
47059,46.129999999999995,2.2
47061,20.6,0.6
47063,46.36,4.5
47065,14.880000000000003,19.8
47067,51.41,0.4
47069,-5.909999999999997,41.6
47071,51.629999999999995,3.7
47073,46.85,1.5
47075,-21.25,49.9
47077,48.769999999999996,8.1
47079,30.25,8.2
47081,27.1,5.1
47083,5.909999999999997,3.2
47085,13.520000000000003,2.7
47087,15.399999999999999,0.5
47089,50.15,2.4
47091,50.5,2.3
47093,29.17,9.0
47095,13.369999999999997,28.1
47097,6.960000000000001,35.1
47099,42.92999999999999,1.8
47101,35.57000000000001,2.2
47103,49.08,7.2
47105,52.78,1.6
47107,46.86999999999999,4.1
47109,44.58999999999999,6.0
47111,53.7,0.8
47113,8.899999999999999,37.3
47115,22.28,4.1
47117,28.93,6.9
47119,26.910000000000004,12.0
47121,39.629999999999995,1.6
47123,45.03999999999999,2.4
47125,10.310000000000002,19.7
47127,48.16,2.3
47129,45.27000000000001,3.7
47131,44.67,10.8
47133,25.699999999999996,0.7
47135,22.36,2.4
47137,40.760000000000005,0.2
47139,37.17,0.7
47141,37.059999999999995,2.4
47143,48.85,2.2
47145,41.28999999999999,2.7
47147,35.58,7.8
47149,24.72,14.0
47151,54.959999999999994,0.3
47153,39.82,0.7
47155,54.82000000000001,1.2
47157,-26.049999999999997,53.3
47159,28.569999999999993,2.1
47161,17.479999999999997,1.9
47163,47.16,2.4
47165,41.900000000000006,7.1
47167,39.61,18.7
47169,12.800000000000004,9.1
47171,44.010000000000005,0.5
47173,48.029999999999994,0.3
47175,22.22,0.7
47177,25.03,3.6
47179,38.48,4.3
47181,56.31999999999999,6.1
47183,40.989999999999995,8.2
47185,37.22,2.0
47187,46.46000000000001,4.5
47189,41.5,6.9
48000,,12.5
48001,52.120000000000005,21.7
48003,63.45,2.2
48005,43.89,15.7
48007,42.760000000000005,2.0
48009,73.85,1.1
48011,78.08,1.7
48013,18.299999999999997,1.4
48015,60.2,9.6
48017,48.07000000000001,1.7
48019,58.86999999999999,0.9
48021,17.03,8.0
48023,64.7,3.1
48025,11.479999999999997,8.6
48027,16.269999999999996,22.7
48029,-4.520000000000003,8.3
48031,48.629999999999995,1.1
48033,80.44,0.6
48035,61.42,2.0
48037,41.44,24.7
48039,34.14,13.5
48041,35.25999999999999,11.4
48043,5.460000000000001,1.4
48045,65.67,2.9
48047,-57.38999999999999,1.1
48049,71.64,3.8
48051,45.94,13.1
48053,54.58999999999999,2.4
48055,11.11,7.0
48057,26.08,3.1
48059,69.78999999999999,1.5
48061,-31.049999999999997,0.9
48063,33.519999999999996,16.9
48065,77.72,0.9
48067,49.540000000000006,17.1
48069,39.64,2.6
48071,61.059999999999995,9.0
48073,50.97,15.0
48075,67.39,10.1
48077,69.73,0.9
48079,42.849999999999994,5.1
48081,73.80000000000001,1.0
48083,73.59,2.8
48085,31.450000000000003,9.6
48087,68.26,5.9
48089,49.239999999999995,13.5
48091,54.08,2.3
48093,62.25,1.0
48095,59.84,2.6
48097,67.63,3.2
48099,36.50999999999999,17.4
48101,50.61000000000001,10.4
48103,55.339999999999996,3.0
48105,32.74000000000001,1.9
48107,27.590000000000003,4.4
48109,-31.060000000000002,1.3
48111,64.87,2.0
48113,-15.420000000000002,23.1
48115,43.16,6.6
48117,41.849999999999994,2.0
48119,53.019999999999996,8.0
48121,31.559999999999995,9.6
48123,55.059999999999995,9.5
48125,56.61999999999999,6.0
48127,-47.28,1.7
48129,69.12,5.1
48131,-54.120000000000005,1.4
48133,68.88999999999999,2.5
48135,48.879999999999995,4.9
48137,46.38000000000001,0.8
48139,47.349999999999994,9.7
48141,-32.31,4.0
48143,67.06,1.7
48145,24.35,24.8
48147,52.53,7.0
48149,54.730000000000004,6.9
48151,35.73,3.8
48153,46.62,4.2
48155,42.019999999999996,5.3
48157,6.829999999999998,21.1
48159,63.31,4.5
48161,50.14,16.5
48163,-20.590000000000003,3.9
48165,72.53,2.2
48167,26.85,13.6
48169,63.08,7.4
48171,65.75,0.6
48173,83.39,1.7
48175,33.75,5.2
48177,40.269999999999996,7.6
48179,75.21000000000001,5.2
48181,47.95,6.2
48183,39.379999999999995,20.5
48185,44.21000000000001,16.5
48187,35.0,7.9
48189,47.97,5.9
48191,51.12,7.5
48193,65.51,1.0
48195,83.03,1.0
48197,58.459999999999994,6.1
48199,67.56,5.7
48201,-0.0799999999999983,19.5
48203,34.61,22.5
48205,79.66,7.5
48207,43.269999999999996,4.6
48209,10.379999999999995,4.1
48211,73.3,0.7
48213,54.74999999999999,6.7
48215,-41.709999999999994,0.9
48217,52.96999999999999,6.9
48219,56.91,4.4
48221,64.51,0.8
48223,55.349999999999994,7.5
48225,44.02,25.8
48227,49.95,7.0
48229,10.659999999999997,1.8
48231,51.129999999999995,8.4
48233,72.63999999999999,3.0
48235,70.56,1.5
48237,78.3,4.2
48239,56.440000000000005,7.2
48241,48.339999999999996,16.6
48243,23.410000000000004,1.9
48245,-1.6100000000000065,34.3
48247,-56.68000000000001,0.8
48249,-16.96,1.0
48251,55.620000000000005,3.2
48253,54.540000000000006,13.4
48255,35.84,8.7
48257,44.339999999999996,10.7
48259,64.47,1.1
48261,1.1999999999999957,4.3
48263,66.42,1.1
48265,59.120000000000005,2.0
48267,76.64,0.5
48269,92.41,0.0
48271,25.119999999999997,1.8
48273,-7.809999999999995,4.4
48275,54.83,6.1
48277,50.269999999999996,13.5
48279,50.35,5.1
48281,57.5,4.1
48283,-17.990000000000002,1.1
48285,64.56,7.0
48287,46.099999999999994,11.3
48289,68.27,7.5
48291,53.28999999999999,10.9
48293,40.730000000000004,18.1
48295,79.19,1.8
48297,54.34,4.9
48299,60.56,1.3
48301,70.32,0.0
48303,40.8,7.8
48305,47.629999999999995,2.5
48307,62.879999999999995,2.8
48309,29.790000000000006,15.1
48311,72.37,1.4
48313,51.16,20.3
48315,28.92,22.2
48317,68.97,2.3
48319,60.209999999999994,1.0
48321,33.47,11.5
48323,-58.05,0.6
48325,39.22,2.8
48327,58.19,1.7
48329,61.309999999999995,6.8
48331,34.56999999999999,10.0
48333,72.83000000000001,1.1
48335,52.58999999999999,11.9
48337,70.08999999999999,0.8
48339,60.540000000000006,4.9
48341,60.25999999999999,3.0
48343,26.740000000000002,23.0
48345,80.5,2.1
48347,36.120000000000005,18.3
48349,42.28999999999999,14.0
48351,41.49,20.1
48353,45.16,5.2
48355,3.3200000000000003,4.4
48357,82.39999999999999,1.0
48359,82.74,3.6
48361,53.970000000000006,8.8
48363,59.69,2.5
48365,56.099999999999994,16.0
48367,65.81,1.7
48369,58.029999999999994,1.7
48371,22.189999999999998,4.4
48373,48.150000000000006,11.4
48375,44.58,10.6
48377,-42.82000000000001,1.5
48379,61.61,2.9
48381,68.16000000000001,3.2
48383,61.45,3.9
48385,62.47,0.9
48387,40.73,17.4
48389,-16.240000000000002,5.5
48391,24.839999999999996,6.7
48393,85.63,0.5
48395,22.240000000000002,20.6
48397,53.11,6.1
48399,70.47,2.6
48401,51.08,17.7
48403,63.78,7.5
48405,34.58,22.8
48407,48.849999999999994,10.3
48409,20.659999999999997,2.2
48411,70.03,2.5
48413,55.64999999999999,1.8
48415,65.37,5.1
48417,79.75,1.4
48419,49.040000000000006,17.6
48421,75.82000000000001,1.2
48423,45.06999999999999,17.9
48425,63.82000000000001,1.2
48427,-73.32000000000001,0.4
48429,70.84,2.6
48431,86.63,1.3
48433,51.41,3.8
48435,49.7,0.9
48437,47.39999999999999,8.3
48439,15.689999999999998,16.2
48441,53.52,7.8
48443,31.35,1.9
48445,41.60000000000001,5.2
48447,72.69,1.1
48449,38.8,10.3
48451,47.89,4.6
48453,-23.93,8.9
48455,46.879999999999995,9.8
48457,55.419999999999995,11.5
48459,59.74000000000001,8.5
48461,47.69,2.7
48463,8.339999999999996,1.2
48465,-5.380000000000003,2.0
48467,66.53999999999999,3.1
48469,37.739999999999995,6.9
48471,31.509999999999998,23.1
48473,17.17,25.6
48475,46.989999999999995,4.9
48477,51.92999999999999,18.0
48479,-53.900000000000006,0.7
48481,39.14999999999999,14.1
48483,77.35,2.8
48485,47.02000000000001,10.9
48487,49.87,8.7
48489,-43.13,2.7
48491,21.449999999999996,6.8
48493,42.99000000000001,1.7
48495,52.93,3.0
48497,67.42,1.6
48499,64.25,5.0
48501,60.57000000000001,1.6
48503,71.53,1.6
48505,-43.17999999999999,0.4
48507,-67.56,1.3
49000,,1.3
49001,71.4,0.4
49003,77.89,0.5
49005,68.08999999999999,0.8
49007,37.209999999999994,0.8
49009,60.0,0.4
49011,61.92,1.4
49013,80.21,0.6
49015,72.11000000000001,0.5
49017,69.83999999999999,0.5
49019,6.810000000000002,0.7
49021,71.69,0.7
49023,74.74,0.4
49025,52.74,0.4
49027,80.06,0.5
49029,80.72,0.3
49031,79.66999999999999,0.2
49033,81.97,0.3
49035,20.22,2.0
49037,17.61,0.4
49039,77.78,1.0
49041,80.16999999999999,0.3
49043,4.6200000000000045,0.7
49045,50.379999999999995,0.9
49047,81.16,0.6
49049,78.6,0.7
49051,52.17,0.5
49053,67.06,0.8
49055,65.86,0.1
49057,45.06999999999999,1.6
50000,,1.2
50001,-39.39,1.0
50003,-33.120000000000005,1.0
50005,-22.729999999999997,0.8
50007,-41.58,2.4
50009,-13.399999999999999,0.4
50011,-23.39,0.7
50013,-26.009999999999998,0.7
50015,-41.95,0.8
50017,-31.93,0.6
50019,-24.04,0.7
50021,-21.86,0.6
50023,-41.83,0.9
50025,-48.67999999999999,1.2
50027,-37.970000000000006,0.9
51000,,19.7
51001,3.480000000000004,28.1
51003,-11.980000000000004,9.9
51005,2.6799999999999997,4.8
51007,26.620000000000005,21.9
51009,19.880000000000003,19.1
51011,36.39,19.9
51013,-39.78999999999999,9.1
51015,42.089999999999996,4.2
51017,17.090000000000003,5.0
51019,44.010000000000005,7.0
51021,47.800000000000004,3.7
51023,38.519999999999996,3.5
51025,-25.21,55.1
51027,34.64,2.8
51029,-2.4299999999999997,34.6
51031,39.3,14.5
51033,-8.239999999999995,28.2
51035,39.099999999999994,0.9
51036,-32.51,47.5
51037,13.700000000000003,29.3
51041,7.740000000000002,23.3
51043,13.620000000000005,5.1
51045,34.75999999999999,0.2
51047,16.309999999999995,15.8
51049,2.3000000000000043,32.2
51051,26.089999999999996,0.4
51053,2.3900000000000006,32.7
51057,-7.299999999999997,37.9
51059,-20.5,10.0
51061,19.879999999999995,8.2
51063,25.39,1.9
51065,6.160000000000004,15.4
51067,28.560000000000002,8.4
51069,27.940000000000005,4.6
51071,25.54,1.6
51073,27.86,8.4
51075,28.330000000000005,17.7
51077,38.38,2.3
51079,25.259999999999998,6.9
51081,-27.79,59.3
51083,5.549999999999997,36.6
51085,36.64999999999999,9.6
51087,-11.799999999999997,30.1
51089,14.690000000000005,22.0
51091,32.910000000000004,0.8
51093,14.600000000000001,23.9
51095,12.04,13.6
51097,3.289999999999999,26.9
51099,18.78,17.3
51101,23.78,17.5
51103,8.669999999999995,28.0
51105,44.43000000000001,4.2
51107,-4.490000000000002,7.8
51109,13.75,16.7
51111,4.969999999999999,34.0
51113,18.6,9.5
51115,31.29,9.2
51117,6.980000000000004,34.9
51119,20.540000000000006,17.7
51121,0.25,4.2
51125,-2.719999999999999,12.5
51127,33.699999999999996,13.7
51131,-16.400000000000006,35.2
51133,14.810000000000002,24.8
51135,0.9499999999999957,39.4
51137,14.510000000000005,13.2
51139,25.620000000000005,2.2
51141,38.8,5.8
51143,27.39,21.7
51145,45.81,12.6
51147,-12.769999999999996,32.6
51149,11.759999999999998,32.2
51153,-16.020000000000003,21.5
51155,24.71,5.3
51157,7.600000000000001,4.6
51159,15.54,30.0
51161,25.22,5.8
51163,17.78,2.7
51165,40.5,2.1
51167,36.91,1.0
51169,50.480000000000004,0.8
51171,31.33,2.4
51173,32.94,2.4
51175,3.190000000000005,36.1
51177,11.520000000000003,16.1
51179,8.740000000000002,18.0
51181,-21.009999999999998,43.8
51183,-24.58,57.5
51185,57.419999999999995,3.4
51187,20.46,5.1
51191,43.16,1.5
51193,-6.939999999999998,27.4
51195,48.71,5.4
51197,36.75,2.9
51199,20.68,13.4
51510,-43.53,22.6
51515,10.769999999999996,0.0
51520,30.979999999999997,5.9
51530,25.54,5.3
51540,-53.519999999999996,19.2
51550,-1.0399999999999991,30.1
51570,39.39,13.9
51580,-14.759999999999998,12.8
51590,-22.049999999999997,49.4
51595,-33.650000000000006,63.7
51600,-16.129999999999995,5.4
51610,-39.42,5.3
51620,-30.67,57.3
51630,-26.85,24.1
51640,18.97,7.0
51650,-42.61,49.8
51660,-13.399999999999999,8.4
51670,-15.950000000000003,39.4
51678,-12.649999999999999,9.6
51680,10.580000000000005,28.5
51683,-13.259999999999998,15.1
51685,-25.339999999999996,15.0
51690,-24.560000000000002,45.1
51700,-30.039999999999992,41.1
51710,-45.42999999999999,42.7
51720,22.050000000000004,6.6
51730,-80.19000000000001,77.6
51735,51.120000000000005,1.2
51740,-42.769999999999996,53.4
51750,-3.9200000000000017,9.1
51760,-57.260000000000005,49.7
51770,-22.770000000000003,29.0
51775,20.61,7.3
51790,-4.07,12.0
51800,-15.149999999999999,42.9
51810,2.539999999999999,20.0
51820,10.810000000000002,11.7
51830,-28.660000000000004,15.0
51840,-1.4399999999999977,11.6
53000,,4.1
53001,33.82000000000001,1.4
53003,16.560000000000002,0.6
53005,26.569999999999993,1.6
53007,16.28,0.8
53009,-0.36999999999999744,1.0
53011,-0.22000000000000597,2.2
53013,40.48,0.6
53015,-4.399999999999999,0.9
53017,28.28,0.8
53019,20.1,0.7
53021,23.5,2.8
53023,45.03999999999999,0.0
53025,31.99000000000001,1.8
53027,-13.980000000000004,1.4
53029,-4.419999999999995,2.9
53031,-31.729999999999997,1.0
53033,-40.36,6.7
53035,-11.630000000000003,2.9
53037,10.019999999999996,1.2
53039,6.909999999999997,0.6
53041,22.690000000000005,0.8
53043,40.44,0.4
53045,-7.030000000000001,1.4
53047,12.43,0.8
53049,-11.39,1.0
53051,21.400000000000006,0.7
53053,-11.009999999999998,7.4
53055,-37.54,0.6
53057,-6.5,0.9
53059,1.0600000000000023,0.7
53061,-16.72,3.1
53063,5.759999999999998,1.9
53065,26.35,0.5
53067,-19.380000000000003,3.4
53069,1.0800000000000054,0.4
53071,19.29,2.1
53073,-13.869999999999997,1.2
53075,2.719999999999999,2.3
53077,11.64,1.5
54000,,3.6
54001,35.589999999999996,1.0
54003,21.130000000000003,7.5
54005,31.479999999999997,0.6
54007,15.11,0.6
54009,11.310000000000002,1.6
54011,13.740000000000002,5.1
54013,22.67,0.3
54015,34.46,0.2
54017,56.05,1.9
54019,20.840000000000003,4.7
54021,29.93,12.8
54023,66.8,0.9
54025,24.759999999999998,2.9
54027,40.2,1.3
54029,21.39,2.6
54031,39.65,3.0
54033,23.39,1.7
54035,30.659999999999997,0.5
54037,3.8700000000000045,6.8
54039,11.79,7.6
54041,41.93000000000001,0.6
54043,31.63000000000001,0.3
54045,39.7,2.0
54047,29.9,9.0
54049,14.36,3.5
54051,28.17,0.7
54053,20.049999999999997,0.9
54055,47.0,6.3
54057,45.03,3.1
54059,42.5,1.9
54061,9.509999999999998,3.9
54063,41.3,0.8
54065,30.4,0.8
54067,36.790000000000006,0.3
54069,22.17,3.7
54071,31.35,2.4
54073,30.629999999999995,1.5
54075,24.47,1.1
54077,44.330000000000005,1.3
54079,36.93,1.1
54081,44.64,8.2
54083,28.82,1.5
54085,56.80999999999999,0.4
54087,20.61,0.4
54089,28.67,5.2
54091,32.06999999999999,1.1
54093,41.300000000000004,0.4
54095,43.349999999999994,0.3
54097,45.55999999999999,0.9
54099,26.82,0.5
54101,27.520000000000003,0.4
54103,21.369999999999997,0.5
54105,34.59,0.3
54107,32.13999999999999,1.2
54109,55.620000000000005,0.7
55000,,6.6
55001,-8.729999999999997,3.2
55003,-30.809999999999995,0.5
55005,2.4399999999999977,1.0
55007,-24.83,0.6
55009,1.7899999999999991,2.5
55011,-2.9299999999999997,0.5
55013,6.5,0.7
55015,11.54,0.7
55017,0.2700000000000031,1.6
55019,8.990000000000002,0.5
55021,-13.589999999999996,1.5
55023,-19.979999999999997,2.0
55025,-43.53,5.4
55027,14.5,3.1
55029,-6.990000000000002,0.7
55031,-31.260000000000005,1.2
55033,-4.969999999999999,0.7
55035,-13.520000000000003,1.0
55037,26.370000000000005,0.4
55039,14.930000000000007,1.6
55041,-5.440000000000005,1.0
55043,-13.770000000000003,1.3
55045,-17.340000000000003,0.6
55047,20.559999999999995,0.6
55049,-30.459999999999994,0.5
55051,0.1600000000000037,0.3
55053,-15.009999999999998,2.2
55055,7.589999999999996,1.0
55057,-7.030000000000001,2.4
55059,-12.219999999999999,7.3
55061,5.380000000000003,0.5
55063,-17.240000000000002,1.5
55065,-15.36,0.4
55067,11.82,0.7
55069,-0.7100000000000009,1.4
55071,2.809999999999995,0.8
55073,6.089999999999996,0.8
55075,3.549999999999997,0.5
55077,-0.2700000000000031,0.5
55078,-73.49,0.8
55079,-36.03999999999999,27.2
55081,0.8200000000000003,1.5
55083,9.450000000000003,0.3
55085,2.1499999999999986,0.5
55087,1.8099999999999952,1.3
55089,30.309999999999995,1.5
55091,-2.219999999999999,0.6
55093,0.7700000000000031,0.6
55095,8.96,0.4
55097,-13.879999999999995,0.8
55099,-0.04000000000000625,0.5
55101,-3.539999999999999,11.7
55103,-16.129999999999995,0.6
55105,-23.18,5.1
55107,3.8799999999999955,0.6
55109,12.100000000000001,0.7
55111,-18.47,0.8
55113,-0.490000000000002,0.6
55115,9.969999999999999,0.4
55117,9.82,1.8
55119,19.32,0.4
55121,-14.079999999999998,0.5
55123,-14.729999999999997,0.4
55125,12.989999999999995,0.4
55127,12.340000000000003,1.3
55129,2.719999999999999,0.5
55131,40.129999999999995,1.1
55133,34.45,1.4
55135,9.379999999999995,0.4
55137,10.189999999999998,2.1
55139,-3.729999999999997,2.0
55141,2.8799999999999955,0.7
56000,,1.6
56001,2.509999999999998,1.8
56003,64.18,0.9
56005,72.78999999999999,0.9
56007,31.309999999999995,1.5
56009,62.33,1.0
56011,72.81,1.1
56013,33.89999999999999,0.7
56015,46.849999999999994,1.2
56017,54.55,0.7
56019,61.36999999999999,0.8
56021,24.32,3.4
56023,67.97,0.8
56025,40.690000000000005,1.7
56027,64.42,1.1
56029,56.86000000000001,1.1
56031,42.22,0.7
56033,46.42999999999999,1.0
56035,61.81,1.3
56037,39.379999999999995,1.5
56039,-11.82,1.2
56041,58.4,0.9
56043,56.290000000000006,0.8
56045,71.42,0.7
