id,2008,2012
1001,-47.8,-46
1003,-51.5,-55.6
1005,-1.4,3.1
1007,-45.8,-46.6
1009,-69.5,-74
1011,48.4,52.8
1013,-13.4,-7.5
1015,-32.5,-31.8
1017,-8.4,-5.1
1019,-51.2,-54.9
1021,-57.8,-60.3
1023,-7.4,-4.6
1025,-11.6,-8.2
1027,-47.3,-45.5
1029,-62.3,-68
1031,-48.9,-49.2
1033,-20.2,-20.3
1035,-0.6,1.6
1037,-17.5,-16.2
1039,-58.3,-58.2
1041,-37.9,-35.5
1043,-65.2,-69.3
1045,-44.6,-42.1
1047,34.5,39.7
1049,-51.2,-54.6
1051,-50.9,-48.7
1053,-28.5,-25.5
1055,-38.2,-38.3
1057,-48.8,-53.3
1059,-39.1,-40.4
1061,-62.5,-63
1063,66.6,69.6
1065,21.7,25.5
1067,-29.7,-29
1069,-40.8,-40.2
1071,-37,-41.8
1073,5.1,6
1075,-53.8,-53.1
1077,-28.2,-30.8
1079,-28,-26.9
1081,-19.7,-19.9
1083,-41.9,-43.5
1085,50,53.1
1087,74.1,74.2
1089,-15,-18.6
1091,3.6,7.2
1093,-56.2,-61.4
1095,-56.4,-59.9
1097,-8.7,-9.2
1099,-10.2,-7.7
1101,19.3,24.2
1103,-43.8,-44.4
1105,45.1,50.2
1107,-8.4,-7
1109,-15.3,-13.7
1111,-39.6,-39.8
1113,7.3,11.7
1115,-63.2,-65.9
1117,-53.4,-55.4
1119,50.3,54.5
1121,-18.5,-16
1123,-36.5,-32.3
1125,-15.9,-17.4
1127,-46.4,-52.8
1129,-29.4,-31.7
1131,42.2,48.7
1133,-63.3,-72.2
4001,28.1,34.4
4003,-20.5,-22.3
4005,17,15.5
4007,-27.7,-26.7
4009,-40.5,-37.5
4011,-18.7,-9.4
4012,-28.3,-32
4013,-10.5,-10.7
4015,-32.7,-42.1
4017,-11.6,-7.9
4019,6,6.9
4021,-14.4,-16.3
4023,31.2,37.8
4025,-24.3,-30.3
4027,-13.7,-12.6
5001,-22.5,-22.2
5003,-28.2,-25.3
5005,-31.6,-44.1
5007,-36.5,-40.3
5009,-39.6,-48
5011,-14.4,-18.7
5013,-34.7,-36.7
5015,-18.1,-23.8
5017,17.7,22.4
5019,-3.8,-6.3
5021,-14.3,-29.1
5023,-44.2,-52.1
5025,-43.9,-44.9
5027,-24.1,-23.6
5029,-18.9,-19.5
5031,-24.5,-31
5033,-46,-49.9
5035,14.7,14.9
5037,-25.4,-29.8
5039,-8.7,-10.6
5041,12.2,12.4
5043,-19.1,-18.9
5045,-25.3,-31.6
5047,-39.2,-44.4
5049,-18.9,-33.1
5051,-25,-30
5053,-50.9,-51.8
5055,-29.6,-36.8
5057,-19.1,-26.2
5059,-24.4,-29
5061,-25,-31.8
5063,-37.1,-43.9
5065,-26.9,-38.8
5067,-16.4,-18.3
5069,26.3,29
5071,-23.1,-27.9
5073,-19.1,-18.5
5075,-20.9,-31.5
5077,21.5,24.1
5079,-18.2,-20.8
5081,-29,-36.3
5083,-38.8,-41.9
5085,-47.5,-50.8
5087,-28.9,-32.9
5089,-29.9,-38.8
5091,-33.5,-39.8
5093,-2.2,-1
5095,-4.1,-0.1
5097,-35.2,-42.6
5099,-16.1,-20.2
5101,-35.6,-41.4
5103,-10.9,-8.6
5105,-32.5,-35.4
5107,29,32.8
5109,-41.3,-52.7
5111,-27.2,-34.2
5113,-45.8,-57
5115,-43.3,-47.1
5117,-34.7,-40.5
5119,11.6,11.4
5121,-18.1,-27.7
5123,16.5,18.4
5125,-41,-42.7
5127,-43.5,-47.7
5129,-45.9,-51.1
5131,-34.7,-37.1
5133,-40,-48.3
5135,-28.9,-38.9
5137,-36.4,-45.2
5139,-26.2,-26.2
5141,-31.7,-39.4
5143,-13.1,-16.2
5145,-47.2,-53.8
5147,7.4,4.2
5149,-29.9,-38.9
6001,59.3,60.6
6003,24.5,23.4
6005,-14.5,-19.5
6007,2.4,-2
6009,-12.9,-16.9
6011,-18.1,-21.3
6013,37.6,35.1
6015,-6.7,-9.4
6017,-10.5,-17.8
6019,2.1,1.8
6021,-22,-25.3
6023,28.1,27.1
6025,26.1,32.1
6027,-9.1,-11.4
6029,-17.7,-16.7
6031,-14.1,-14.9
6033,19.2,17
6035,-34.1,-39.5
6037,40.4,41.9
6039,-13.2,-17.1
6041,57.6,51.2
6043,-12.3,-18.2
6045,42.6,38.5
6047,8.3,8.7
6049,-37.7,-41.5
6051,13.2,8.7
6053,38.3,36.8
6055,32.4,28.7
6057,5.3,-0.7
6059,-2.6,-6.3
6061,-11.3,-19.3
6063,-11.9,-16.9
6065,2.3,1.6
6067,19,19
6069,22.7,20.6
6071,6.3,7.3
6073,10.2,7.5
6077,10.6,13.7
6079,5.3,1
6081,48.8,46.6
6083,22.8,18
6085,40.8,42.9
6087,57.5,55.4
6089,-25.8,-29.1
6091,-20.9,-22.4
6093,-10.3,-15.2
6095,28.5,29.2
6097,49.6,45.7
6099,1.7,2.8
6101,-16.7,-19.1
6103,-24,-27.5
6105,4.6,-0.7
6107,-15.3,-15
6109,-12.7,-15.7
6111,12.2,7.1
6113,36.3,33.9
6115,-14.7,-18.1
8001,18.3,16.8
8003,14.1,16.5
8005,12.9,9.9
8007,-12.1,-17.7
8009,-47.7,-51.8
8011,-14.5,-13.4
8013,46.2,41.9
8015,-0.1,0.1
8017,-62.3,-65.6
8019,17.9,12
8021,12.9,9.3
8023,48.9,48.6
8025,-27.2,-25.9
8027,-28.9,-33.9
8029,-32.3,-39.5
8033,-36.9,-42.2
8035,-17.2,-25.8
8037,23.1,14.9
8039,-40.1,-47
8041,-18.8,-20.4
8043,-29.2,-31.7
8045,0,-5.1
8047,21,16.4
8049,-1.1,-6.9
8051,27.3,19.7
8053,-17.3,-20.6
8055,11.2,8.3
8057,-38,-45.3
8059,9,4.8
8061,-55.4,-68.1
8063,-44.8,-52.6
8065,26,24.4
8067,16.3,9.1
8069,9.7,5.8
8071,7.1,2.6
8073,-50.8,-49.7
8075,-35.2,-38
8077,-29.5,-32.4
8079,-10.3,-8.1
8081,-43.5,-54.5
8083,-19.5,-23.2
8085,-29.8,-36.8
8087,-24,-25
8089,-10.5,-9
8091,8.8,5.1
8093,-6.9,-14.7
8095,-43.8,-46.3
8097,48.8,38
8099,-33.7,-35.2
8101,14.9,14
8103,-56.6,-64
8105,-8.8,-7.9
8107,26.9,15.6
8109,28.1,30.7
8111,9.2,10.7
8113,55.6,43.2
8115,-28.8,-34.5
8117,33,24.6
8119,-28.1,-32.4
8121,-56.5,-62
8123,-8.7,-12.6
8125,-48.4,-54.7
10001,9.8,4.9
10003,40.6,34.1
10005,-8.6,-13
12001,21.5,17.3
12003,-57.2,-58.5
12005,-40.6,-43.5
12007,-40.2,-42
12009,-10.3,-12.7
12011,34.7,34.9
12013,-40.3,-43.7
12015,-7.2,-14.2
12017,-16,-21.8
12019,-42.7,-45.7
12021,-22.5,-30
12023,-33.7,-36.6
12027,-12.3,-14.3
12029,-44.8,-46.8
12033,-19.2,-20.5
12035,1.5,-7.4
12037,-27.8,-31.4
12039,38.9,40.6
12041,-46.8,-50.8
12043,-20.1,-18.5
12045,-39.2,-41.8
12047,-14.6,-16.8
12049,-29.5,-30.8
12051,-7.1,-5.9
12053,-3.5,-8.4
12055,-18,-22.9
12057,7.2,6.7
12059,-64.8,-68.3
12061,-14.7,-22.3
12063,-28,-29
12065,3.6,1.7
12067,-60.3,-58.1
12069,-13.5,-17.1
12071,-10.4,-16.5
12073,24.2,23.6
12075,-26.9,-32.1
12077,-44,-41.4
12079,-3.1,-3.4
12081,-7,-12.5
12083,-11.5,-16.2
12085,-13.5,-22.9
12086,16.1,23.7
12087,4.8,0.5
12089,-43.7,-48.5
12091,-44.8,-49.2
12093,-19.1,-20
12095,18.7,18.2
12097,19.7,24.4
12099,22.9,17
12101,-3.6,-6.6
12103,8.2,5.6
12105,-6.2,-6.7
12107,-19.2,-24.4
12109,-31.6,-37.7
12111,12.1,7.8
12113,-47.8,-52.4
12115,-0.1,-7.4
12117,-2.8,-6.5
12119,-27,-34.9
12121,-43,-44.7
12123,-38.9,-38.2
12125,-49.7,-48.8
12127,5.7,-1.1
12129,-24.8,-28
12131,-45.7,-51.9
12133,-47.6,-47.3
13001,-46.2,-49
13003,-34.5,-34.7
13005,-57.7,-58.5
13007,1.1,0.6
13009,4.6,5.5
13011,-65.5,-73.7
13013,-44.6,-50.2
13015,-45.1,-51.5
13017,-13.7,-14.8
13019,-53.1,-57.3
13021,18,20
13023,-44.8,-47.1
13025,-63,-66.9
13027,-13.5,-6.1
13029,-42.5,-43.4
13031,-19.1,-18.9
13033,9.2,11.3
13035,-31.6,-35.5
13037,21.7,19
13039,-23.5,-27.5
13043,-30.6,-33.6
13045,-32.9,-37.5
13047,-49.5,-52.5
13049,-34.3,-35.3
13051,14.4,12
13055,-35.7,-40.9
13057,-51,-57.5
13061,22.2,23.1
13063,66.3,70
13065,-25.5,-30.2
13067,-9.4,-12.4
13069,-29.5,-29
13071,-37.5,-39.5
13073,-42.6,-42.9
13075,-28.9,-31.3
13077,-41.1,-44
13079,-29.1,-32.3
13081,-17.8,-13.7
13083,-48,-50.6
13085,-66.2,-74.1
13087,-14.1,-11.8
13089,58.6,56.6
13091,-35.8,-35.7
13093,3.6,7
13095,34.9,39.1
13097,1.8,4
13099,-2,3.9
13101,-65.7,-67.3
13103,-50.6,-51.1
13105,-18,-20.6
13107,-24.7,-26.8
13109,-28.2,-28
13111,-48.9,-57.9
13113,-30.6,-31.2
13115,-36.3,-39.7
13117,-58,-62.7
13119,-51.3,-59.3
13121,35,29.7
13123,-51.8,-63.1
13125,-69.5,-71.8
13127,-23.4,-26.9
13129,-50.1,-57.6
13131,-23.8,-26.6
13133,-15,-22.5
13135,-10.3,-9.2
13137,-59.7,-67.2
13139,-50.8,-56.1
13141,63,62.1
13143,-57.6,-64
13145,-43.2,-45.4
13147,-31.6,-38.3
13149,-49.4,-52.9
13151,-7.5,-3.3
13153,-20.2,-20.6
13155,-36.6,-37.6
13157,-55.7,-62.8
13159,-33.5,-38
13161,-47.5,-50.9
13163,15,17.3
13165,-13.1,-11.8
13167,-33.7,-30
13169,-25.8,-28.6
13171,-27.5,-30.2
13173,-25.1,-23.7
13175,-21.5,-22.5
13177,-52.1,-52.2
13179,28.4,30.2
13181,-24.4,-27.6
13183,-24,-22.6
13185,-9.4,-9.9
13187,-51.7,-60.2
13189,-14.9,-14.9
13191,-6,-8.6
13193,30.9,34.8
13195,-46.3,-53.4
13197,-12.3,-10.1
13199,-5.4,-5.7
13201,-39.4,-37.9
13205,-4.1,-0.9
13207,-31.5,-37.2
13209,-41.1,-39.8
13211,-31.6,-37.9
13213,-45.1,-52.4
13217,1.2,2.1
13219,-42.5,-48.5
13221,-29.6,-37.1
13223,-38.5,-43.5
13225,6.7,7.5
13227,-57.8,-67.5
13229,-62.5,-66.3
13231,-60.4,-65.2
13233,-41,-45.4
13235,-29.6,-33.2
13237,-31.4,-35.6
13241,-45.7,-56.2
13243,14.4,16.3
13247,9.5,16.5
13249,-44.5,-47.8
13251,-6.2,-8.4
13253,-16.4,-20.3
13255,-18.7,-19.9
13257,-47.3,-53.3
13259,24.8,27.8
13261,6,8.4
13263,28.8,30.4
13265,30.7,32.5
13267,-41.6,-42.1
13269,-13.5,-10.6
13271,-14.2,-15.6
13273,13.8,16.1
13275,-15.8,-18.4
13277,-32.8,-32.5
13279,-38.1,-40.4
13281,-50.4,-57.7
13283,-24.1,-21.1
13285,-18.9,-17.8
13287,-18.8,-14.6
13289,6.9,8.6
13291,-51.7,-59.7
13293,-28.3,-29
13295,-46.5,-49.9
13297,-52,-55.5
13299,-34.4,-33.8
13301,17.6,21.3
13303,4.4,7.7
13305,-44.9,-48.3
13309,-27.7,-27.4
13311,-58.3,-66.3
13313,-39.8,-44.9
13315,-37.3,-31.7
13317,-7.7,-11.5
13319,-1.1,-1.5
13321,-38.7,-40.1
15001,53.7,51.2
15003,41.1,39.1
15007,52.1,49.4
15009,55.2,50.3
16001,-6.1,-11.2
16003,-34,-40.6
16005,-12.9,-21.9
16007,-63.7,-77.5
16009,-29.7,-36.8
16011,-45.5,-54.4
16013,33.2,20.2
16015,-31.6,-35.7
16017,-16.9,-25.9
16019,-42.9,-51.8
16021,-33.7,-42.1
16023,-52.3,-57.7
16025,-38,-42.1
16027,-35,-36.7
16029,-63.7,-72.9
16031,-63,-71.8
16033,-64.2,-51.5
16035,-34.8,-40.9
16037,-46,-51.6
16039,-36.3,-33.9
16041,-71.9,-87
16043,-61.8,-70.6
16045,-43,-44.8
16047,-42.2,-47.1
16049,-47.2,-53.7
16051,-66.1,-75.5
16053,-45.3,-46.2
16055,-26,-33.9
16057,6.7,4.2
16059,-45.8,-50.3
16061,-44.1,-48.1
16063,-36.8,-40.4
16065,-72.7,-87.5
16067,-50.1,-58.1
16069,-18.1,-20.7
16071,-62.1,-77.6
16073,-51.2,-52.6
16075,-41.1,-44
16077,-25.6,-30.6
16079,-7.6,-8.2
16081,0.8,-11.7
16083,-36.4,-43.1
16085,-6.9,-11.6
16087,-42.8,-46.7
17001,-22.3,-35.1
17003,12.6,13.6
17005,-1.3,-14.6
17007,4.2,-5.7
17009,-21.6,-30.7
17011,5.7,-0.2
17013,7.5,-14
17015,4.8,1.5
17017,1.3,-13.4
17019,17.5,7
17021,-6.3,-23
17023,-8,-32.3
17025,-23.2,-44.1
17027,-9.8,-29.9
17029,3.2,-11.1
17031,53.4,49.3
17033,-13,-31.6
17035,-20.6,-35.3
17037,16.7,5.5
17039,-13.3,-26.8
17041,-21.2,-36.6
17043,10.8,1.1
17045,-7.9,-32.8
17047,-29.7,-51.1
17049,-35.9,-52
17051,-15.7,-34.3
17053,-28.9,-42.7
17055,-2.8,-16.8
17057,21.3,11
17059,13.1,-18
17061,-7.4,-25.3
17063,1.7,-8.9
17065,-13,-32.9
17067,-10.8,-17.8
17069,-19.4,-34.1
17071,17.6,12.2
17073,7.7,3
17075,-29.7,-44.6
17077,21.7,14.4
17079,-17.5,-41.2
17081,-10.7,-22.8
17083,-2.7,-23.7
17085,10.5,1.2
17087,-34.5,-42
17089,11.8,1.1
17091,4.6,-3.4
17093,7.1,-3.3
17095,19.8,17.3
17097,19.6,8.4
17099,11,-0.4
17101,-5.9,-30.8
17103,-3,-7.3
17105,-19.2,-31.4
17107,-16.8,-32
17109,5.6,-1.5
17111,5.4,-8.8
17113,1.2,-11
17115,1.1,-5.1
17117,9.8,-7
17119,9.2,-1.4
17121,-2,-19.2
17123,-1,-14.3
17125,5.9,-6.4
17127,-23.2,-33.7
17129,-14.9,-30.1
17131,11.9,7.4
17133,-10.6,-26.7
17135,2.7,-14.1
17137,-0.8,-15.3
17139,-12.8,-27
17141,-7.6,-16.7
17143,13.9,4.4
17145,-3.9,-17.7
17147,-12.5,-26.6
17149,-18.7,-35.4
17151,-22.3,-38.7
17153,1.4,-5.8
17155,15.7,1.8
17157,-1,-17.5
17159,-14.9,-32.9
17161,24.5,21.8
17163,22.4,14.4
17165,-8.8,-29
17167,4.3,-8.6
17169,1.8,-8.7
17171,-14,-26.4
17173,-19.8,-33.6
17175,-5.3,-16.3
17177,6.6,-1.7
17179,-6,-17.8
17181,-11.9,-21.9
17183,0.6,-13.2
17185,-13.7,-36.7
17187,8.1,5.4
17189,-14.3,-31.5
17191,-35.2,-58.1
17193,-9,-35.9
17195,17.5,16.9
17197,13.2,5.5
17199,-14.7,-24.8
17201,12.8,5.5
17203,-26.6,-39
18001,-25.7,-39.4
18003,-4.4,-16.7
18005,-11.3,-25.4
18007,-16.3,-32.7
18009,-0.3,-16.5
18011,-25.8,-37.7
18013,-2.6,-16.6
18015,-12.8,-30.3
18017,-8.5,-21.7
18019,-7.1,-9.8
18021,-11.5,-33.7
18023,-13,-30.6
18025,-2.2,-8.2
18027,-35.3,-50.7
18029,-34.9,-39.7
18031,-24.3,-40.4
18033,-15.1,-31.6
18035,14.9,3.2
18037,-4.2,-27.7
18039,-11.2,-26.4
18041,-5.6,-16.9
18043,-10,-14.3
18045,-14.3,-34.1
18047,-33.9,-42.7
18049,-16.1,-33.1
18051,-13.1,-30.9
18053,-13,-21.9
18055,-14.5,-31.3
18057,-22.2,-34.3
18059,-29.6,-41
18061,-18,-22.8
18063,-23.4,-34.8
18065,-3.9,-16.9
18067,-6.1,-14.3
18069,-27.2,-39.7
18071,-13.6,-27.4
18073,-20.3,-25.4
18075,-7.9,-20
18077,-5.9,-10.4
18079,-8,-22.4
18081,-25.4,-38.3
18083,-6.5,-29
18085,-37.3,-52
18087,-21.4,-35.8
18089,34.2,30.9
18091,22,12.6
18093,-20.5,-32.7
18095,6.5,-4.5
18099,-13.5,-28.8
18101,-28.9,-40.3
18103,-19.4,-30.8
18105,32.1,19.1
18107,-20,-38.4
18109,-27,-41.1
18111,-11.1,-19
18113,-15.4,-33.5
18115,-19,-27.1
18117,-14.1,-21.6
18119,-10.3,-27.6
18121,-14.1,-32.5
18123,22.9,11.6
18125,-8.6,-25.3
18127,7.2,3.9
18129,-7.7,-23.7
18131,-15.5,-27.1
18133,-11.9,-32.5
18135,-8.8,-24
18137,-29.5,-38.5
18139,-13.7,-34.3
18141,17,3.5
18143,-1.9,-6.3
18145,-19,-33.5
18147,0.4,-15.3
18149,3.2,-10.6
18151,-9.8,-27
18153,-0.7,-20.6
18155,-8.3,-12.8
18157,11.6,-3.6
18159,-15.3,-31.7
18161,-24.9,-32.3
18163,2.5,-10.6
18165,13.9,-6.8
18167,15.8,0.9
18169,-20,-36.2
18171,-10.3,-27.8
18173,-12.9,-26.4
18175,-17.2,-24.4
18177,-3.8,-14.6
18179,-31.4,-45
18181,-8.2,-23.5
18183,-21.5,-38.8
19001,-3.3,-8.1
19003,3.3,-3.7
19005,14.2,4.1
19007,-1.8,-3.3
19009,3,-5.5
19011,4.5,-0.6
19013,22.4,20.2
19015,7.6,6.6
19017,9.3,2.7
19019,18.5,13.9
19021,-1.8,-10.2
19023,-4.7,-10.3
19025,-7.7,-12.5
19027,3.7,-6.2
19029,-10.8,-18.8
19031,9.6,4.6
19033,20.9,13.4
19035,-7.6,-16
19037,20.8,11.1
19039,2.3,1.5
19041,-5.1,-18.4
19043,17.2,7
19045,23,22.9
19047,5.2,-7.8
19049,-5.5,-11.6
19051,-9.1,-16.4
19053,-0.8,-4.1
19055,6,-0.2
19057,23.1,18.4
19059,-5.4,-17.9
19061,20.8,14.7
19063,3.9,-8.7
19065,16.6,12
19067,21.9,14.7
19069,1.4,-10.7
19071,-3.7,-9.2
19073,0.5,-0.1
19075,-16.9,-22.7
19077,-7.7,-10.3
19079,1.3,-2.6
19081,-3.6,-13.5
19083,0.9,-6.7
19085,-4.6,-12.7
19087,-5,-5.9
19089,25.8,21
19091,-14.3,-21.9
19093,-16.4,-26.3
19095,0.2,-4.8
19097,24.4,16.9
19099,7.5,7.1
19101,20.2,15.9
19103,41.5,35.5
19105,10.4,7.8
19107,-3.6,-10.3
19109,3.2,-12.2
19111,16,15.5
19113,21.5,17.7
19115,4.3,0.7
19117,-6.8,-6.1
19119,-45,-54.6
19121,-10,-11.9
19123,-16.6,-20.5
19125,-10.7,-13.2
19127,9.3,9.4
19129,-16.5,-19
19131,12.3,3.4
19133,-2.5,-9.6
19135,-5.2,-7.7
19137,-10.6,-21.5
19139,15.6,15.9
19141,-34.8,-44.9
19143,-31.7,-41.2
19145,-19.7,-24.5
19147,2.8,-10.6
19149,-25,-34.2
19151,-8.4,-21.6
19153,14.6,14.1
19155,-1.9,-5.3
19157,11.7,9.3
19159,-6.1,-7
19161,-8.9,-18.4
19163,14.5,13.7
19165,-9.6,-22.2
19167,-62.7,-67.6
19169,16.2,13.9
19171,12.1,7.5
19173,-8.6,-14.1
19175,3.7,3.9
19177,-12.2,-18.5
19179,13.5,11.8
19181,0.6,-2
19183,-0.8,-4
19185,-7,-11.5
19187,8.5,5.8
19189,8.6,0
19191,22.6,14.7
19193,-0.5,1
19195,22.5,14.5
19197,-1.5,-8.1
20001,-23.3,-27.2
20003,-32.7,-40.2
20005,-7.6,-20.2
20007,-50.2,-55.8
20009,-43.2,-53.9
20011,-27.2,-33.7
20013,-38.1,-43.9
20015,-32.2,-41.7
20017,-42.8,-40.6
20019,-54.9,-62.8
20021,-23.7,-29.5
20023,-55,-65
20025,-56.3,-62.1
20027,-49.1,-53
20029,-42.4,-48.8
20031,-45.7,-51.3
20033,-58.6,-67.3
20035,-25.2,-29.6
20037,1.4,-5.9
20039,-54.6,-62.1
20041,-42.3,-47.4
20043,-35.3,-44.4
20045,30.7,24.5
20047,-48.8,-55
20049,-47.4,-56.1
20051,-33.7,-45.6
20053,-39.8,-45.3
20055,-35.3,-39
20057,-30.9,-35.9
20059,-22.4,-29.9
20061,-12.4,-13.2
20063,-61.7,-71.8
20065,-51.7,-59.7
20067,-51.1,-58.7
20069,-56.9,-65.4
20071,-59,-64.1
20073,-43.7,-52.4
20075,-55.7,-60.4
20077,-45.2,-50.6
20079,-17.1,-22.5
20081,-63.6,-67.6
20083,-59.6,-65
20085,-24,-29.2
20087,-18.7,-23
20089,-57.9,-67.2
20091,-9,-17.4
20093,-57.3,-59.8
20095,-44.7,-51.5
20097,-62.8,-71.1
20099,-12.9,-20.2
20101,-60.5,-61.1
20103,-11.6,-19.7
20105,-54,-59.1
20107,-35.9,-44.9
20109,-66.8,-68.8
20111,-6,-11.5
20113,-35.3,-41.5
20115,-38.9,-46.3
20117,-27.3,-36.1
20119,-61.3,-68.5
20121,-23.7,-34.7
20123,-54.3,-58.8
20125,-35.7,-41.3
20127,-34.1,-41.2
20129,-65.9,-69.1
20131,-44.5,-58.3
20133,-26.6,-34.3
20135,-60.1,-68.6
20137,-57.2,-63.7
20139,-30.3,-31.3
20141,-56.3,-62.9
20143,-52.5,-59.2
20145,-37,-42.9
20147,-59.2,-68.3
20149,-43.9,-47.2
20151,-36.5,-47.1
20153,-62.9,-71.5
20155,-23.3,-31.3
20157,-50.1,-61.6
20159,-40.2,-48
20161,-7,-12
20163,-61.8,-68.1
20165,-40.5,-50.9
20167,-53.8,-61.3
20169,-26.3,-31.6
20171,-69,-70.7
20173,-12.7,-18.8
20175,-43,-41.1
20177,-0.3,-1.1
20179,-62,-73.5
20181,-47,-53.3
20183,-57.6,-62.6
20185,-46,-53.3
20187,-53.2,-60.9
20189,-72,-73.6
20191,-32.8,-39.4
20193,-55.8,-63.1
20195,-48.2,-61.5
20197,-38.6,-41
20199,-73.9,-81.6
20201,-53.3,-62.1
20203,-66.4,-67.3
20205,-40.8,-54
20207,-34,-45.2
21001,-52.6,-55.1
21003,-43.8,-47.5
21005,-32.4,-34
21007,-27.4,-37.5
21009,-33.9,-33.3
21011,-0.6,-12.3
21013,-40.6,-51.7
21015,-34.5,-38.6
21017,-17.3,-20.4
21019,-12.3,-16.3
21021,-23.2,-26.2
21023,-24.3,-27.3
21025,-9.3,-35.1
21027,-25.5,-27.7
21029,-32.3,-35.6
21031,-40.3,-47.8
21033,-26.7,-35
21035,-18.4,-27.3
21037,-20.9,-22.8
21039,-31.3,-41.5
21041,-8.3,-10
21043,-9.5,-21.3
21045,-58,-62.7
21047,-21.1,-23.8
21049,-25,-30.5
21051,-56.4,-68.7
21053,-62.5,-64.1
21055,-34.4,-48.8
21057,-48.6,-56.6
21059,-10.1,-21.1
21061,-36.3,-39.8
21063,25.1,2.5
21065,-40,-46.1
21069,-19.7,-32.3
21071,-1.3,-33.9
21073,-0.6,0.8
21075,-10.4,-16.2
21077,-17.6,-17
21079,-43.1,-51.5
21081,-27.4,-33.2
21083,-26,-39.7
21085,-34.9,-39.5
21087,-50.8,-50.8
21089,-14.1,-18.7
21091,5,-9.2
21093,-20.7,-20.8
21095,-46.2,-64
21097,-21.2,-29.1
21099,-30.9,-29.8
21101,2.7,-11.9
21103,-19.6,-21.4
21105,-26.4,-34.8
21107,-24.9,-39.9
21109,-70.2,-74.1
21113,-37,-39.9
21115,-41.5,-59.4
21117,-20.9,-24.3
21119,-7.8,-47.6
21121,-44.6,-53.9
21123,-36.2,-37.8
21125,-58,-63.6
21127,-26,-44.2
21129,-44.2,-52.7
21131,-63.9,-80.9
21133,-33.3,-58.4
21135,-35.6,-41.6
21137,-38.4,-41.9
21139,-27.6,-38.7
21141,-28.6,-32.6
21143,-16.7,-27
21145,-25.2,-32.5
21147,-52.1,-61.3
21149,-9.6,-30.3
21151,-22.4,-28.9
21153,-7,-39.9
21155,-3.3,-5.2
21157,-24.7,-34.3
21159,-54.6,-68.2
21161,-17,-23.3
21163,-20.9,-22.7
21165,4.9,-16.8
21167,-36,-38.8
21169,-32.9,-29.9
21171,-52.9,-59.6
21173,-16.6,-26.3
21175,-11.8,-37
21177,-1.7,-23.4
21179,-13.7,-16.5
21181,-12.2,-24.6
21183,-16.4,-36.1
21185,-30.7,-36.6
21187,-26.8,-32.3
21189,-53.3,-63
21191,-28.5,-30.7
21193,-32,-58.5
21195,-13.8,-50.5
21197,-15.6,-25.5
21199,-55.4,-60.6
21201,-8.1,-25.5
21203,-53.3,-63.3
21205,2.1,-7.7
21207,-56.3,-61.9
21209,-20.6,-25
21211,-24.7,-27.7
21213,-22.7,-24
21215,-35.5,-37.7
21217,-40.6,-39
21219,-36.3,-39.1
21221,-29.8,-35.6
21223,-19.8,-22
21225,-5.2,-33.6
21227,-18.9,-21.8
21229,-26.9,-35
21231,-37,-47.7
21233,-11.7,-33.6
21235,-47.7,-57.8
21237,2.9,-22.2
21239,-17.1,-18.9
23001,15.2,12.7
23003,9.5,7.6
23005,29.9,26.9
23007,20.3,18.4
23009,19.3,17
23011,14.8,13.4
23013,21.3,22.5
23015,12.1,11.6
23017,16.1,14.7
23019,5.1,2.9
23021,-3.7,-4.3
23023,16.1,16.3
23025,5.7,1.7
23027,11.7,10.6
23029,1,1.6
23031,20.6,16.4
24001,-25.9,-31.6
24003,-1.8,-0.1
24005,14.5,17
24009,-6.3,-7.5
24011,-23,-23.4
24013,-31.2,-32.9
24015,-14.5,-19.4
24017,25.5,31.3
24019,-8.2,-4.6
24021,-1,-3.1
24023,-40.2,-50.4
24025,-18.8,-18.4
24027,21.9,22
24029,0.4,-0.3
24031,44.6,43.8
24033,78.5,80.5
24035,-27,-29.2
24037,-12.8,-14.8
24039,-2.6,1.9
24041,-9.7,-12.3
24043,-12.9,-17.6
24045,-5.8,-5
24047,-15.5,-18
25001,14,7.8
25005,23.2,20.5
25007,51.9,47.2
25021,18.5,15.3
25023,7.6,4.2
26001,-7.9,-18
26003,5.9,-2.6
26005,-10.7,-19.6
26007,3.8,-5.3
26009,-10.3,-21.3
26011,4.3,-4.9
26013,-3.3,-8.4
26015,-9.7,-18
26017,15.3,5.5
26019,7.4,-4
26021,5.5,-6.5
26023,-6.1,-18.2
26025,9.3,1.6
26027,4.2,-13.7
26029,-3.4,-14.6
26031,-1.5,-10.9
26033,-0.5,-7.6
26035,4.8,-4.8
26037,0.7,-6.2
26039,-1.7,-11
26041,6.3,-6.7
26043,-8,-21.3
26045,8.4,3.1
26047,-4.4,-17
26049,32.4,28.1
26051,1.5,-7.1
26053,17.2,8.1
26055,-3,-11.8
26057,4.4,-3.9
26059,-12,-24.2
26061,-3.9,-9.1
26063,-0.4,-14.8
26065,33.2,27.7
26067,-5.8,-12.8
26069,5.1,-5
26071,2.2,-8.9
26073,19.2,9.2
26075,2.4,-5.7
26077,19.5,13.2
26079,-8.8,-19.7
26081,0.5,-7.7
26083,-10.3,-13.8
26085,12.3,5
26087,-3,-11.4
26089,2.9,-6.4
26091,5.1,-1.2
26093,-13.2,-23.2
26095,-10.9,-22.7
26097,-3.8,-12.1
26099,8.6,4
26101,13.2,5.9
26103,20.2,13.9
26105,4.4,-4.9
26107,-0.7,-9.7
26109,10.2,-2.9
26111,-3.5,-15.4
26113,-21,-34
26115,4.3,1
26117,-0.4,-8.6
26119,-8.2,-17.4
26121,29.2,17.8
26123,-4.6,-17.4
26125,14.5,8
26127,4.4,-10.3
26129,2.4,-6.2
26131,3.7,-9.1
26133,-10.2,-21
26135,-10,-16
26137,-8.9,-19.6
26139,-23.8,-34.2
26141,1.6,-8.5
26143,2.5,-3.8
26145,17.3,11.8
26147,2.7,-7.1
26149,-2.2,-12.3
26151,-8,-20.3
26153,2.9,-6.8
26155,8.6,3.7
26157,-0.8,-10.7
26159,8.8,0.4
26161,40.8,35.7
26163,49.4,46.7
26165,-4.2,-15.2
27001,0,-1.3
27003,-2.4,-2.6
27005,-6.9,-14.5
27007,10.2,9.9
27009,-9.8,-13.6
27011,6.3,-1.5
27013,13,9.5
27015,-12,-16.6
27017,26.8,26.1
27019,-15.1,-19.7
27021,-8.5,-13
27023,5.9,1.9
27025,-10.3,-12.6
27027,16.1,7.9
27029,-9.7,-14.4
27031,23.3,23.2
27033,-6.6,-15.1
27035,-7.7,-13.3
27037,5.5,3
27039,-9.8,-10.1
27041,-9.5,-15.4
27043,-5.7,-9
27045,8.3,7.4
27047,17.2,14.1
27049,-1.4,-3
27051,5.6,-2.9
27053,28.6,27
27055,10.7,3.2
27057,-14.4,-16.9
27059,-15.4,-18
27061,12.9,9.8
27063,-4.2,-14.3
27065,-8.7,-9
27067,-5.5,-6.7
27069,18.5,6.1
27071,10.1,9.4
27075,22.1,21
27077,-13.3,-20
27079,-4.3,-6.5
27081,0.8,-5.3
27083,-1.6,-9.1
27085,-18.4,-22.1
27087,25.3,18.6
27089,0.6,-12.2
27091,-15.3,-23.7
27093,-10.8,-15.9
27095,-7.2,-8.6
27097,-19,-24
27099,23.6,22.6
27101,0.5,-7.2
27103,10.5,7.9
27105,-1.4,-9.3
27107,26.9,10.7
27109,3.3,3.2
27111,-12.9,-21.2
27113,2.2,-4.3
27115,1.6,-0.7
27117,-13.1,-23.7
27119,4.6,-5.7
27121,3.7,-2.6
27123,33.9,35.2
27125,6.2,-2.5
27127,-13.6,-20.1
27129,-0.6,-9.8
27131,11.5,8.3
27133,-14,-17.8
27135,-17.4,-22.3
27137,32.5,29.6
27139,-11.2,-14.8
27141,-18.2,-22.1
27143,-19.3,-22.8
27145,-7,-12
27147,-5.3,-6.3
27149,1.3,-0.4
27151,13.8,9.8
27153,-11,-16.1
27155,5.5,4.5
27157,-2.4,-5.4
27159,-17.4,-24.3
27161,-8.2,-7.7
27163,4.4,0.8
27165,0.7,-0.4
27167,-6.9,-19.5
27169,19.1,12.8
27171,-17.4,-21.7
27173,4.3,-6.3
28001,15.7,18
28003,-44,-51.2
28005,-11.7,-15.2
28007,-15.5,-13.2
28009,-2.2,0.2
28011,35.4,38.1
28013,-27.6,-25.8
28015,-31.3,-32.6
28017,2.2,4.5
28019,-28.3,-32.4
28021,72.2,76.8
28023,-25.1,-23.5
28025,18.8,21.8
28027,44.3,48.2
28029,7,10.4
28031,-17.7,-16.3
28033,-38.2,-33.4
28035,-13.5,-10.9
28037,-25.1,-22.5
28039,-66.1,-71.2
28041,-51.7,-54.1
28043,-10.7,-6.1
28045,-54.2,-52.7
28047,-26,-25.8
28049,38.9,43.6
28051,63.4,68.6
28053,42.4,50.1
28055,22.6,22.5
28057,-56.1,-61
28059,-33.6,-34.4
28061,9.7,9.7
28063,74.4,78.5
28065,21.4,25.7
28067,-38.7,-38.1
28069,25.3,28.7
28071,-12.4,-15.3
28073,-55.8,-54.6
28075,-18.8,-15
28077,-25.4,-25.8
28079,-10.6,-8.7
28081,-30.5,-27.9
28083,36.7,43.3
28085,-32.1,-32.7
28087,-2.9,-0.5
28089,-15.5,-15.7
28091,-31.4,-30.2
28093,18.2,19.5
28095,-17.2,-15.8
28097,-8.1,-4.8
28099,-44.7,-43.1
28101,-34.1,-31.5
28103,53.2,57.3
28105,0,1.8
28107,6.5,8.7
28109,-60.5,-59.4
28111,-44.7,-45.6
28113,3.5,8.2
28115,-52.4,-53.5
28117,-42.8,-42.4
28119,35.3,43.3
28121,-53.5,-52.1
28123,-13.3,-9.5
28125,37,41.3
28127,-22.4,-22
28129,-51.7,-50.3
28131,-43.6,-45.4
28133,41,46.9
28135,19,22.5
28137,-20.9,-19.3
28139,-44.3,-48
28141,-50.9,-56.6
28143,52.2,59.1
28145,-49.9,-50.7
28147,-10.3,-8.3
28149,-3,1.5
28151,34.7,42.2
28153,-21.8,-19
28155,-49.9,-53.6
28157,38.4,41.1
28159,-8.3,-5.7
28161,-6.9,-3.9
28163,7.2,14.3
29001,-1.3,-14.1
29003,-22,-33.6
29005,-31.5,-42.3
29007,-16.1,-26.5
29009,-35,-44.6
29011,-49.7,-55.5
29013,-18.8,-31.7
29015,-22.1,-34.4
29017,-39.5,-52.9
29019,12,3.1
29021,0.1,-8.8
29023,-37.4,-46.7
29025,-18.5,-33.8
29027,-19.7,-31.1
29029,-28.4,-39.3
29031,-33.5,-43.6
29033,-31.3,-44.6
29035,-29.5,-43.8
29037,-19.6,-28.3
29039,-33.6,-47
29041,-12.8,-27.9
29043,-35.7,-46.6
29045,-6.1,-10.3
29047,-0.6,-8.4
29049,-11.1,-22.7
29051,-26.9,-33.6
29053,-23.8,-32.2
29055,-20.8,-36.4
29057,-40.8,-50.2
29059,-29.1,-39.4
29061,-22.8,-33
29063,-25.4,-42.9
29065,-37.9,-49.4
29067,-33.7,-44.8
29069,-21.3,-30.2
29071,-12.3,-27.8
29073,-24,-39.2
29075,-22.2,-35.1
29077,-15.8,-24.2
29079,-30.1,-41.6
29081,-31.3,-44.4
29083,-11,-25.8
29085,-13.3,-23.6
29087,-37.6,-50.8
29089,-13.9,-26.6
29091,-30.8,-43.7
29093,2.8,-14.5
29095,25.3,19.6
29097,-33.1,-41
29099,2.5,-12.7
29101,-12.3,-24.2
29103,-22.3,-25.9
29105,-34.5,-44.3
29107,-15.3,-26.2
29109,-37,-47
29111,-16.8,-27.4
29113,-11.4,-28.9
29115,-8.4,-23.5
29117,-23.7,-34.7
29119,-37.4,-48.2
29121,-24.2,-33.5
29123,-17,-33.3
29125,-27.5,-41.1
29127,-23.9,-32
29129,-37.2,-54.5
29131,-36.7,-49.3
29133,-14.6,-23.1
29135,-35.7,-48
29137,-19.2,-28.7
29139,-18.4,-32.7
29141,-20.6,-34.1
29143,-15.2,-20.3
29145,-40.1,-46.7
29147,-10.5,-27
29149,-18.4,-33.2
29151,-44.6,-55.7
29153,-26.9,-40.9
29155,-13.1,-14.6
29157,-29.1,-43.7
29159,-22.3,-28.7
29161,-22.1,-33.3
29163,-9.9,-27.2
29165,-6.4,-14.1
29167,-32.2,-43.2
29169,-28.7,-36.1
29171,-38.3,-47.1
29173,-18.7,-29.7
29175,-23.2,-36.4
29177,-3.2,-14.9
29179,-11.1,-24.2
29181,-30,-44.6
29183,-9.7,-20.9
29185,-22,-33.7
29186,14.1,-3
29187,-4.6,-19.4
29189,19.9,13.6
29195,-2.6,-14.4
29197,-18.3,-24.6
29199,-21.7,-31.2
29201,-29.3,-38.3
29203,-11.4,-26
29205,-31.7,-37.8
29207,-39.8,-49.3
29209,-37.2,-49.1
29211,-15.1,-27
29213,-37.1,-47.2
29215,-35.1,-44.1
29217,-22,-37.3
29219,-12.7,-26.7
29221,0.1,-19
29223,-25.1,-34.6
29225,-29,-40.6
29227,-23.8,-30.9
29229,-37.9,-48.7
30001,-29.3,-39.8
30003,36.2,26.3
30005,19.3,15.3
30007,-36.3,-46.1
30009,-11.6,-23.7
30011,-64,-73.1
30013,2.3,-9
30015,-17.9,-27.6
30017,-14.3,-28.7
30019,-32.7,-50
30021,-23.6,-40.9
30025,-52,-63.3
30027,-34.9,-43.1
30029,-21.5,-32.9
30031,3.3,-5
30033,-67.2,-79.3
30035,39.7,33.8
30037,-44.5,-50.3
30039,-24,-33.6
30041,12.2,3.5
30043,-15.1,-27.4
30045,-32.7,-42.6
30047,1.9,-10
30049,6.5,-3.5
30051,-22.6,-44.5
30053,-29,-39.4
30055,-37.1,-52.5
30057,-26.6,-40.7
30059,-33.8,-41.2
30061,-10.4,-25.6
30063,26.6,17.8
30065,-41,-55.8
30067,-2.3,-10.6
30069,-53,-64.1
30071,-36.9,-54.7
30073,-12.6,-25.6
30075,-57.3,-64.5
30077,-23.5,-33
30079,-39.7,-50.2
30081,-20.8,-31.6
30083,-43.9,-53.9
30085,26.2,15.6
30087,4,-16.5
30089,-27.1,-38.3
30091,-1.7,-28.1
30095,-31.7,-44.5
30097,-45.7,-52.9
30099,-17.8,-31.4
30101,-27.4,-40.8
30103,-32.5,-45
30105,-12.1,-24.7
30107,-37.4,-42.5
30109,-41.4,-59.4
30111,-6.3,-20.5
31001,-27,-33.5
31003,-51,-62.6
31005,-67.7,-75.1
31007,-68.8,-70.8
31009,-70.6,-78.8
31011,-45.8,-54.3
31013,-21,-25
31015,-53.1,-63.9
31017,-57.3,-69.3
31019,-37.5,-42.2
31021,-14.6,-21.8
31023,-35.6,-43.9
31025,-19.5,-26.1
31027,-41.3,-53.5
31029,-61.6,-71.2
31031,-57.5,-69.3
31033,-49.6,-50.9
31035,-46.1,-53.1
31037,-27.9,-35.2
31039,-35.6,-46.4
31041,-55.7,-58.4
31043,-4.7,-2.8
31045,-28.9,-36.1
31047,-38.4,-41.5
31049,-49.2,-53.9
31051,-30,-32.6
31053,-12,-22.3
31055,4.6,-3.1
31057,-55.4,-62.5
31059,-32.3,-41.7
31061,-41,-47.4
31063,-48.7,-56.4
31065,-50.2,-60.7
31067,-9.5,-16.7
31069,-49.3,-53.8
31071,-57.1,-65.9
31073,-49.2,-51.6
31075,-75.4,-80.4
31077,-21.4,-40.5
31079,-24.1,-27.1
31081,-42.8,-50.4
31083,-52.5,-58.6
31085,-68,-78.8
31087,-47.5,-60.5
31089,-53.4,-61.5
31091,-64,-68.6
31093,-25.5,-34.1
31095,-15.8,-28.2
31097,-10.8,-21.1
31099,-42.8,-49.6
31101,-49.6,-52.1
31103,-55.1,-64.7
31105,-50.1,-49.8
31107,-36.1,-45.3
31109,5,-0.3
31111,-35.5,-40.1
31113,-59.1,-66.8
31115,-54.9,-63.7
31117,-66.5,-67.3
31119,-39.2,-47.4
31121,-40.5,-44.9
31123,-49.7,-56
31125,-33.2,-38.5
31127,-25.7,-27.5
31129,-37.8,-45.9
31131,-15.8,-24.3
31133,-27.2,-37.2
31135,-55.1,-64.3
31137,-51.6,-57.5
31139,-49.6,-60.3
31141,-41.5,-51.3
31143,-45.3,-55.4
31145,-49.9,-59.5
31147,-20.9,-33.4
31149,-62.5,-72.1
31151,4.5,-5.4
31153,-15.9,-23.1
31155,-23.7,-33.6
31157,-33.7,-37.2
31159,-25.8,-34.6
31161,-60.4,-66
31163,-23.2,-24.5
31165,-66.4,-70.7
31167,-44.8,-50.5
31169,-33.5,-43.1
31171,-71.8,-77.9
31173,7,13.9
31175,-39.3,-52.8
31177,-26.3,-36.7
31179,-32.9,-38.5
31181,-37.5,-46.8
31183,-54.1,-56.2
31185,-49.3,-55.1
32001,-31.5,-40
32003,19,14.6
32005,-15.3,-26.7
32007,-40.2,-53.2
32009,-45.3,-51.8
32011,-56.4,-68.9
32013,-29.6,-36.1
32015,-42.2,-48.3
32017,-46.5,-60
32019,-17.8,-28.6
32021,-2.1,-10.7
32023,-13.2,-24.2
32027,-21.9,-28.4
32029,-6,-17.3
32031,12.6,3.7
32033,-31.5,-43.7
33001,1.2,-5
33003,6.3,-0.8
33005,27.5,24.8
33007,18.2,17.5
33009,27.5,23.8
33011,3.7,1.1
33013,13.8,12.7
33015,1.1,-4.6
33017,20.3,14.5
33019,17.9,13.3
34001,15.1,16.9
34003,9.5,11.3
34005,18.5,18
34007,36.2,37.3
34009,-8.6,-8.6
34011,21.6,24.2
34013,52.5,56.7
34015,12.1,10.7
34017,46.6,56
34019,-13.3,-17.8
34021,36,36.7
34023,21.8,27.6
34025,-3.7,-5
34027,-8.1,-10.8
34029,-18.3,-17.6
34031,21.6,28.2
34033,3.9,1.3
34035,6.1,5.6
34037,-20.6,-21.3
34039,28.2,34
34041,-14,-15.4
35001,21.3,16.3
35003,-34.8,-44
35005,-24.6,-32
35006,29.7,23.8
35007,10.8,2.3
35009,-34.2,-38.4
35011,-30.4,-33.2
35015,-25.6,-33.4
35017,19.9,13.5
35019,42.7,43.6
35021,-15.7,-11.1
35023,2.9,4.9
35025,-44.2,-49.7
35027,-25.4,-32.7
35028,6.9,3.7
35029,5.3,-1.1
35031,43.9,46.9
35033,58,52.1
35035,-19.2,-28.1
35037,-20.5,-22.1
35039,50.9,52.6
35041,-29.9,-38.8
35043,12.7,5.3
35045,-21.1,-28.1
35047,60.6,56.9
35049,55,51.1
35051,-12.1,-18.9
35053,21.1,18.6
35055,64.8,60.3
35057,-9.3,-17.2
35059,-42.2,-43.5
35061,7.7,2.4
36001,29.4,31.3
36003,-21.7,-25.1
36007,8,5.4
36009,-10.6,-13.2
36011,8.5,11.4
36013,0.9,-7.8
36015,-1.2,-2.3
36017,-1.2,-3.1
36019,22.9,25.6
36021,13.5,13.7
36023,9.9,9.1
36025,-5.2,-8.7
36027,8.6,7.5
36029,17.5,16.3
36031,13.3,18.7
36033,22.2,26.1
36035,-9.3,-11.1
36037,-18.4,-20.2
36039,-9.9,-10.4
36041,-26.9,-25.9
36043,-9.3,-8
36045,-5.3,-2.9
36049,-8.8,-8.8
36051,-7.9,-10.3
36053,0.9,0.9
36055,17.7,18
36057,-8.1,-4.6
36059,8.4,7.7
36063,1.1,0.8
36065,-6.1,-4.7
36067,20.4,21.2
36069,-0.1,-1.6
36071,4.1,5.6
36073,-18.6,-19
36075,2.4,7.9
36077,6,2.7
36079,-7.5,-10.3
36083,9.3,12.2
36087,5.9,6.7
36089,16.4,16.7
36091,3.4,2.4
36093,12.7,15.8
36095,-14.3,-15.4
36097,-7.1,-7.5
36099,2.6,9.1
36101,-16.8,-16
36103,6,3.7
36105,9.4,9
36107,-10.2,-14.7
36109,42.1,40.6
36111,23.5,22.6
36113,2.7,2.4
36115,0.8,1.9
36117,-9.9,-9.1
36119,27.6,25.2
36121,-26.2,-28.6
36123,-3.7,-3.3
37001,-9.3,-13.7
37003,-38.4,-44.5
37005,-21,-35.7
37007,21,25.4
37009,-23.3,-32.8
37011,-44.1,-50
37013,-17.4,-19.3
37015,30.6,32.6
37017,2,1.9
37019,-18,-22.2
37021,13.9,12.5
37023,-19.2,-23.4
37025,-18.5,-20
37027,-29.7,-35.5
37029,-32,-34
37031,-34.7,-40.8
37033,3.1,-2.3
37035,-25,-29.4
37037,9.7,4.8
37039,-38.6,-45.8
37041,-1.1,-4.4
37043,-35.6,-42.4
37045,-19.9,-20.1
37047,-7.9,-7.8
37049,-12.4,-17.7
37051,17.6,19.7
37053,-31.5,-34.8
37055,-9.3,-15.9
37057,-33.5,-40.5
37059,-38.3,-43.4
37061,-9.4,-11.5
37063,52,52.8
37065,34.5,36.2
37067,10.5,7.2
37069,-0.7,-4.1
37071,-25,-25.3
37073,5.2,4.1
37075,-37.4,-41.3
37077,6.6,4.6
37079,-5.9,-7.7
37081,18.4,16.4
37083,28.3,32.3
37085,-16.7,-19
37087,-7.7,-13.6
37089,-21,-27.4
37091,41.5,44.3
37093,18.7,19.1
37095,1.2,-1.3
37097,-24.4,-30.5
37099,5.4,-0.9
37101,-23.7,-27.5
37103,-8.4,-9.2
37105,-8.4,-9.7
37107,-0.1,-0.1
37109,-33.3,-38.7
37111,-27,-31.8
37113,-21.5,-30.4
37115,-1.6,-9.1
37117,4.6,4.6
37119,24.4,22.5
37121,-41.6,-51.1
37123,-11,-15.1
37125,-21.4,-27.9
37127,-1.4,0.9
37129,-1.4,-4.5
37131,30.4,34.8
37133,-21.5,-26.8
37135,44.7,42.1
37137,-14.7,-20.8
37139,13.7,14.6
37141,-15.6,-20.3
37143,-14,-16
37145,-8.5,-10.8
37147,8.8,7.2
37149,-15.1,-21.4
37151,-42.3,-50.1
37153,1.5,2.9
37155,13.8,17.4
37157,-15.9,-21.1
37159,-22.8,-25.9
37161,-31.8,-33.3
37163,-8.4,-10.9
37165,15.1,16.8
37167,-36.7,-39.9
37169,-35,-42.7
37171,-27.9,-36.7
37173,-1.6,-6.3
37175,-12.6,-16.8
37177,-1.5,-5.3
37179,-26.7,-30.2
37181,26.7,28.3
37183,14.4,11.4
37185,39.5,37.8
37187,16.7,18.7
37189,4.3,-3.1
37191,-8.6,-8.4
37193,-38.2,-42.4
37195,6.1,7.5
37197,-46,-51.3
37199,-5.7,-13.7
38001,-27.8,-45.9
38003,-1.5,-10.3
38005,33.5,17.1
38007,-52.4,-66.3
38009,-19.2,-30.8
38011,-38.4,-49.9
38013,-37.6,-52.7
38015,-23.5,-31.9
38017,7.1,-2.9
38019,-9.3,-18.3
38021,-18.4,-29.9
38023,-14.7,-30
38025,-33.6,-49
38027,3,-12.8
38029,-37.3,-55.9
38031,-13.8,-25.1
38033,-49.4,-62.5
38035,5.1,-3.5
38037,-34.8,-48.9
38039,-6.4,-17.5
38041,-36.1,-50.4
38043,-26.8,-35.9
38045,-19.8,-29.1
38047,-40.4,-53.9
38049,-16.3,-27.1
38051,-22,-37.6
38053,-29.7,-44.3
38055,-19,-29.8
38057,-29.8,-44.6
38059,-20.9,-31
38061,2.4,-16.2
38063,6.1,-5.8
38065,-33.7,-40.7
38067,-6.9,-19.8
38069,-23.8,-37
38071,-1,-10
38073,15.4,13.8
38075,-21.9,-35.5
38077,-5.2,-13.5
38079,52.1,49.7
38081,17.5,9.8
38083,-40.6,-58.3
38085,67.5,59
38087,-46.5,-59
38089,-28.9,-49
38091,20.4,1.9
38093,-14.7,-22
38095,7.1,-9
38097,7.2,-4.7
38099,-1.9,-14
38101,-19,-30.5
38103,-26.4,-41.2
38105,-35.9,-49.5
39001,-24.1,-25.9
39003,-20.6,-23.9
39005,-23.3,-29.8
39007,13.5,12.7
39009,35.1,35.2
39011,-41.1,-48.3
39013,2.7,-8.2
39015,-23.3,-24.8
39017,-22.6,-25.1
39019,-4.8,-13.4
39021,-19.8,-21.7
39023,-2.5,-0.8
39025,-32.3,-34.9
39027,-30.3,-34.2
39029,-7.6,-11.8
39031,-5.8,-9.2
39033,-18.9,-21.9
39035,38.7,39.8
39037,-36.1,-44.4
39039,-10.4,-13.3
39041,-19.6,-23.2
39043,13.8,12.3
39045,-17.1,-15.4
39047,-23,-21.5
39049,20.7,22.8
39051,-8.1,-12.5
39053,-26,-25.3
39055,-15.3,-21.3
39057,-18.3,-21
39059,-9,-9.2
39061,7,6.3
39063,-23.1,-27.6
39065,-20.8,-23.1
39067,-2.4,-15
39069,-12.9,-18.2
39071,-26.2,-29.9
39073,-0.8,-1
39075,-41.1,-52.7
39077,-3.2,-8.4
39079,-20.1,-20.5
39081,0.2,-4.9
39083,-19.9,-23.9
39085,0.9,-0.9
39087,-15.2,-15.1
39089,-15.7,-13.9
39091,-26.5,-31
39093,17.9,15.4
39095,31.4,31.7
39097,-23.3,-19.9
39099,26.5,28.3
39101,-8.9,-6.4
39103,-8.1,-12.7
39105,-18.5,-18.3
39107,-43.4,-54.5
39109,-28.5,-35
39111,9.2,-7.5
39113,6.2,4.6
39115,-7.2,-5.9
39117,-23.4,-24.2
39119,-7.2,-6.1
39121,-15.8,-24.3
39123,6.2,4.3
39125,-11.7,-19.8
39127,-3,-4
39129,-21.6,-18
39131,-1.1,0
39133,9,5.6
39135,-31.1,-36.2
39137,-41.7,-51.1
39139,-13.6,-19.4
39141,-7.2,-1.5
39143,4.7,2.7
39145,-6.3,-1.4
39147,-2.7,-7.5
39149,-36.3,-45.2
39151,5.5,0.5
39153,17,15.6
39155,22.4,23
39157,2.4,-9.2
39159,-27.9,-29.2
39161,-27.2,-40
39163,-9.9,-7.6
39165,-36,-39.3
39167,-15.6,-19
39169,-14.6,-20.4
39171,-9.3,-15.7
39173,7.1,4.8
39175,-16.5,-19.3
40001,-38.6,-34.6
40003,-66.2,-69
40005,-43.8,-48
40007,-78.4,-78.8
40009,-56,-59
40011,-50.8,-48
40013,-35.6,-44.2
40015,-30.6,-28.6
40017,-52.2,-54.4
40019,-40.6,-42.6
40021,-12.2,-14.2
40023,-33.4,-41
40025,-76,-80.8
40027,-24,-26
40029,-47.2,-45
40031,-17.6,-17
40033,-44.4,-46.4
40035,-30,-34.2
40037,-41.6,-45.4
40039,-49.4,-51.8
40041,-33.8,-41.2
40043,-68.6,-71.2
40045,-70.4,-75
40047,-51,-52.4
40049,-43.6,-46
40051,-46.8,-51.2
40053,-56.2,-62
40055,-46.4,-46.8
40057,-38.8,-42.8
40059,-71.8,-75.8
40061,-37,-44.6
40063,-29.4,-34.8
40065,-49.6,-50.6
40067,-34.4,-46
40069,-36.8,-40
40071,-41.6,-42.6
40073,-68.4,-68.8
40075,-34.8,-35.4
40077,-37,-38.4
40079,-38.6,-41.2
40081,-49.8,-49
40083,-37.4,-44.6
40085,-34.6,-40.4
40087,-51.8,-55.4
40089,-47,-51.6
40091,-19.2,-23.8
40093,-70.4,-71.6
40095,-38.8,-45.6
40097,-28,-33.2
40099,-40.4,-40.2
40101,-15,-14.8
40103,-53.6,-50.6
40105,-36.4,-39
40107,-28.2,-30
40109,-16.8,-16.6
40111,-17,-17.4
40113,-23.8,-25.2
40115,-23.6,-29.6
40117,-37.4,-40
40119,-27,-28.4
40121,-36.6,-38.4
40123,-36.8,-38.8
40125,-38.4,-38.6
40127,-43.4,-49.4
40129,-68,-67.6
40131,-44,-50.2
40133,-30.6,-30.2
40135,-36,-39.2
40137,-52,-53.2
40139,-70.6,-70.2
40141,-35.6,-33.4
40143,-24.4,-27.4
40145,-41.8,-45.6
40147,-44.6,-47.8
40149,-56,-62
40151,-55.4,-60.6
40153,-65.2,-68
41001,-32.4,-39.5
41003,31.5,28.5
41005,10.3,3.6
41007,18.9,14.6
41009,12.1,5.2
41011,-3.1,-6.4
41013,-26.4,-36.1
41015,-11.5,-16.9
41017,-0.3,-6.7
41019,-20.1,-27.4
41021,-19.7,-25.2
41023,-45.5,-53
41025,-44.7,-49.6
41027,30.9,26.7
41029,0.1,-4.7
41031,-8.6,-16.4
41033,-13.2,-21.6
41035,-33.1,-37.6
41037,-45.6,-54.9
41039,27.4,23.3
41041,22.9,20.5
41043,-11.4,-16.7
41045,-40.3,-41.1
41047,2.2,-3.2
41049,-27.1,-34.2
41051,56.1,54.8
41053,-0.5,-4.3
41055,-23.8,-35
41057,9.9,4.9
41059,-22.6,-27.7
41061,-23.6,-30.4
41063,-30.1,-36.9
41065,7.1,-0.2
41067,22.1,17.5
41069,-26.7,-32.5
41071,-1.3,-6.5
42001,-19.5,-27.4
42003,15.5,14.5
42005,-24.5,-37.4
42007,-2.8,-6.5
42009,-44.6,-54.8
42011,9.2,-1
42013,-24.2,-33.9
42015,-18.4,-24.6
42017,8.6,1.3
42019,-27.4,-34.8
42021,0.7,-18
42023,-19.7,-29.9
42025,1.9,-7.5
42027,11.8,0.2
42029,9.2,-0.2
42031,-22.3,-35.5
42033,-12.1,-28.7
42035,-2.7,-11.8
42037,-4.4,-12.8
42039,-10.4,-19.8
42041,-13.6,-18.4
42043,9,6.1
42045,21.4,21.4
42047,4.3,-16
42049,19.8,15.9
42051,-0.5,-8.3
42053,-13.2,-20.9
42055,-32.5,-38.3
42057,-48.6,-56.3
42059,-0.4,-17.7
42061,-27.4,-37.1
42063,-7.2,-18.6
42065,-29.7,-45.5
42067,-34.8,-45
42069,25.8,27.2
42071,-11.8,-18.9
42073,-5.1,-9
42075,-18.8,-28.2
42077,15.5,7.8
42079,8.3,4.8
42081,-24,-33.1
42083,-17.2,-28
42085,-0.2,-3.3
42087,-33.5,-46.7
42089,16.3,13.3
42091,20.7,14.3
42093,-14.9,-20.4
42095,12.3,4.7
42097,-13.7,-19.3
42099,-33.6,-38.7
42103,-4.2,-11
42105,-37.2,-45.8
42107,-8.6,-13.3
42109,-29,-35.8
42111,-24.9,-42.7
42113,-19.5,-28.2
42115,-11.6,-21.3
42117,-27.2,-35.1
42119,-14.4,-23.2
42121,-19.1,-26.4
42123,-6.2,-17.5
42125,-4.7,-13.5
42127,-12.3,-20.8
42129,-16.6,-23.7
42131,-7.5,-12.8
42133,-13.6,-21.1
45001,-15.1,-13.4
45003,-24,-26.6
45005,51.8,59.1
45007,-33.3,-36.5
45009,31.1,35.3
45011,1.6,5.3
45013,-10.8,-17.5
45015,-13.1,-14.5
45017,3.5,4.3
45019,8.3,2.4
45021,-29.4,-29.3
45023,8.3,10.6
45025,-3,-3.2
45027,12.3,12.4
45029,0.5,0.2
45031,-0.2,3.4
45033,11.4,16.1
45035,-15.5,-16
45037,-10.9,-13.3
45039,31.6,31.8
45041,-3.2,-0.6
45043,-5.2,-7.7
45045,-23.8,-27.8
45047,-15.7,-15.2
45049,25.4,27.4
45051,-24.6,-29.6
45053,22.9,15.8
45055,-18.7,-18.1
45057,-14.8,-17.8
45059,-18.1,-17.4
45061,31.5,35.3
45063,-38,-37.8
45065,6.1,3.6
45067,27.6,30.1
45069,25.8,24.6
45071,-17.6,-14.3
45073,-37.5,-42.6
45075,38.1,43.5
45077,-46.2,-49
45079,28.9,31.9
45081,-21.7,-21.1
45083,-21.6,-23.2
45085,15.4,17.6
45087,-11.2,-6.3
45089,38.2,39.9
45091,-17.7,-20.4
46003,-9.3,-17.7
46005,-7.3,-18.5
46007,-4.7,-6.4
46009,-10.8,-21.5
46011,5.6,-3.2
46013,5.6,-6.7
46015,-18.1,-28.4
46017,48.1,47.7
46019,-35.6,-49.2
46021,-40.7,-58.9
46023,-7.6,-19.8
46025,-12.1,-19.4
46027,24.2,15.5
46029,-6.4,-18.3
46031,21.4,11.1
46033,-31.8,-38.2
46035,-14,-21.5
46037,12.9,6.2
46039,-1.6,-10.8
46041,33.2,28.7
46043,-49.5,-59.3
46045,-18.9,-33.2
46047,-26.5,-31.8
46049,-26.3,-38.5
46051,-4.3,-15
46053,-29,-42.3
46055,-65.2,-73.5
46057,-22.2,-31.6
46059,-26.3,-36.1
46061,-19.2,-35.8
46063,-59.9,-75.2
46065,-26.7,-29.8
46067,-28.9,-44.7
46069,-40.9,-46.6
46071,-20.6,-21.3
46073,-0.4,-8.6
46075,-50.4,-62.8
46077,-5.6,-13.7
46079,0.7,-11.1
46081,-15.4,-26.8
46083,-15.2,-25.6
46085,-11.2,-20.9
46087,-14.5,-28.7
46089,-34.4,-53.4
46091,16.5,8.7
46093,-32.5,-42.8
46095,-8.6,-0.7
46097,2.3,-13.8
46099,0.8,-7.4
46101,4.8,-3.5
46103,-21.1,-29.5
46105,-35.8,-55.7
46107,-31.6,-50
46109,19.6,9.9
46111,-14,-26.8
46113,78.8,87.4
46115,-3.4,-12.2
46117,-32.7,-40.8
46119,-41.7,-52.2
46121,57.9,59.2
46123,-33.3,-43.4
46125,-19.7,-31
46127,-13.9,-25.2
46129,-28.1,-43
46135,-2,-12.7
46137,27.2,16.4
47001,-26.2,-29.9
47003,-33.5,-40.3
47005,-16.2,-25.5
47007,-34.5,-40.2
47009,-39.4,-45.7
47011,-49.7,-53.7
47013,-37,-43.6
47015,-24,-35.1
47017,-29.8,-34.6
47019,-47.1,-52
47021,-31.6,-36.9
47023,-43.2,-47.8
47025,-39.4,-50.9
47027,-14.3,-25.2
47029,-44.9,-49.4
47031,-29.4,-37.1
47033,-33.6,-38.4
47035,-37.1,-49
47039,-32.2,-36.9
47041,-17.7,-30.6
47043,-21.3,-28.4
47045,-37.7,-44.6
47047,-27.4,-30.6
47049,-43.9,-53.4
47051,-22.6,-28.9
47053,-28.8,-32.1
47055,-19.5,-29.2
47057,-43.1,-52.4
47059,-40.7,-46.1
47061,-12.7,-20.6
47063,-38.4,-46.4
47065,-11.8,-14.9
47067,-43.9,-51.4
47069,6.2,5.9
47071,-42.7,-51.6
47073,-41.9,-46.9
47075,21.3,21.3
47077,-42.9,-48.8
47079,-22.4,-30.2
47081,-14.4,-27.1
47083,2.1,-5.9
47085,-2.9,-13.6
47087,0.9,-15.4
47089,-42.7,-50.2
47091,-42.2,-50.5
47093,-23,-29.2
47095,-6.7,-13.3
47097,-6.5,-6.9
47099,-33.8,-43
47101,-23.7,-35.6
47103,-42.2,-49.1
47105,-44,-52.8
47107,-39.6,-46.9
47109,-38.5,-44.6
47111,-41.9,-53.7
47113,-7,-8.9
47115,-19.6,-22.3
47117,-21.5,-28.9
47119,-21.4,-26.9
47121,-33.6,-39.7
47123,-38.4,-45
47125,-7.9,-10.3
47129,-40.2,-45.3
47131,-34.1,-44.7
47133,-13.3,-25.7
47135,-8.9,-22.4
47137,-34.9,-40.8
47139,-32.9,-37.2
47141,-26.9,-37.1
47143,-46.2,-48.9
47145,-36.3,-41.3
47147,-31.1,-35.6
47149,-19.1,-24.8
47151,-47.3,-54.9
47153,-34.8,-39.8
47155,-48.1,-54.8
47157,27.4,26
47159,-20.2,-28.6
47161,-8.8,-17.5
47163,-41.3,-47.1
47165,-34.8,-41.9
47167,-36.5,-39.6
47171,-40.2,-44
47173,-41.2,-48
47175,-20.2,-22.3
47177,-21.2,-25
47179,-33.5,-38.5
47181,-49.2,-56.3
47183,-31.1,-40.9
47185,-28.3,-37.2
47187,-39.4,-46.5
47189,-36.5,-41.5
48001,-43.6,-52.1
48003,-65.3,-63.5
48005,-34.9,-43.9
48007,-37.7,-42.8
48009,-65.4,-73.9
48011,-73.6,-78.1
48013,-10.6,-18.3
48015,-50.9,-60.2
48017,-40.5,-48
48019,-50.4,-58.9
48021,-8.2,-17
48023,-54.5,-64.7
48025,-10.1,-11.5
48027,-9.8,-16.3
48029,5.5,4.6
48031,-39.5,-48.7
48033,-76.4,-80.5
48035,-51.9,-61.4
48037,-38,-41.4
48039,-29.5,-34.2
48041,-29,-35.3
48043,2.9,-5.5
48045,-49.6,-65.6
48047,51.6,57.4
48049,-61.3,-71.6
48051,-37.4,-46
48053,-44.1,-54.6
48055,-6,-11.1
48057,-20,-26
48059,-61.7,-69.7
48061,28.6,31.1
48063,-23.3,-33.6
48065,-71.9,-77.7
48067,-40.4,-49.5
48069,-36.8,-39.7
48071,-51.1,-61.1
48073,-43.1,-51
48075,-56,-67.4
48077,-58.6,-69.8
48079,-44.8,-42.9
48081,-60.7,-73.8
48083,-63.9,-73.6
48085,-25.5,-31.5
48087,-59.3,-68.3
48089,-39.4,-49.2
48091,-47.3,-54.1
48093,-47.5,-62.3
48095,-51,-59.8
48097,-58.6,-67.6
48099,-26.9,-36.5
48101,-45.7,-50.6
48103,-55.1,-55.4
48105,-33.3,-32.8
48107,-28.1,-27.5
48109,30.9,31
48111,-60.9,-64.9
48113,15.3,15.4
48115,-42.8,-43.1
48117,-46.8,-41.8
48119,-45.3,-53
48121,-24.1,-31.5
48123,-47.9,-55.1
48125,-51,-56.6
48127,50.6,47.3
48129,-64.1,-69.1
48131,50.4,54.1
48133,-59.9,-68.9
48135,-47.9,-48.8
48137,-31.6,-46.4
48139,-42.2,-47.3
48141,32.4,32.3
48143,-54.5,-67
48145,-19.7,-24.4
48147,-39.6,-52.5
48149,-42.4,-54.7
48151,-22.2,-35.8
48153,-41.8,-46.6
48155,-24,-42
48157,-2.4,-6.8
48159,-52.4,-63.3
48161,-43.5,-50.2
48163,18.7,20.6
48165,-67.2,-72.5
48167,-19.5,-26.8
48169,-56.1,-63.1
48171,-56.6,-65.7
48173,-80.8,-83.4
48175,-26.5,-33.7
48177,-30.3,-40.3
48179,-70.9,-75.2
48181,-37.8,-48
48183,-37.6,-39.3
48185,-34.3,-44.2
48187,-30.9,-35
48189,-44.9,-48
48191,-48,-51.1
48193,-53.3,-65.6
48195,-76.5,-83
48197,-51.8,-58.5
48199,-61.2,-67.5
48201,1.6,0.1
48203,-31.4,-34.6
48205,-73.6,-79.7
48207,-32.6,-43.2
48209,-2.1,-10.4
48211,-71.9,-73.3
48213,-44.6,-54.7
48215,38.6,41.7
48217,-41.3,-53
48219,-52.3,-56.9
48221,-54,-64.5
48223,-44.7,-55.3
48225,-37.3,-44
48227,-46.2,-49.9
48229,-3.1,-10.7
48231,-40.6,-51.1
48233,-68.9,-72.6
48235,-58.7,-70.6
48237,-68.1,-78.3
48239,-47.8,-56.4
48241,-42,-48.4
48243,-22.7,-23.4
48245,2.3,1.6
48247,47.6,56.6
48249,16.1,16.9
48251,-47.5,-55.6
48253,-46.1,-54.6
48255,-21.5,-35.8
48257,-35.7,-44.4
48259,-56,-64.5
48261,7,-1.2
48263,-54.2,-66.4
48265,-49.6,-59.2
48267,-62.1,-76.6
48269,-87.7,-92.5
48271,-17.7,-25.2
48273,7.2,7.8
48275,-45.3,-54.8
48277,-41.9,-50.3
48279,-48.4,-50.3
48281,-49.1,-57.5
48283,19,18
48285,-53.6,-64.5
48287,-36.2,-46.1
48289,-59,-68.2
48291,-43.6,-53.3
48293,-33.4,-40.7
48295,-74.7,-79.2
48297,-49,-54.4
48299,-52.2,-60.5
48301,-69.6,-70.3
48303,-36.7,-40.8
48305,-40,-47.7
48307,-51,-62.9
48309,-23.9,-29.8
48311,-49.9,-72.4
48313,-42.9,-51.2
48315,-21.7,-28.9
48317,-62.7,-68.9
48319,-47.1,-60.2
48321,-27.4,-33.5
48323,57,58
48325,-33.9,-39.2
48327,-40.9,-58.2
48329,-57.2,-61.3
48331,-26,-34.6
48333,-62.2,-72.8
48335,-50.6,-52.6
48337,-58.5,-70.1
48339,-52.6,-60.5
48341,-58.1,-60.3
48343,-21,-26.7
48345,-76.6,-80.5
48347,-27.5,-36.1
48349,-33.1,-42.3
48351,-32.2,-41.5
48353,-38.8,-45.1
48355,-4.5,-3.4
48357,-83.9,-82.3
48359,-77.3,-82.7
48361,-47.1,-53.9
48363,-48.1,-59.7
48365,-48.9,-56.1
48367,-55.2,-65.8
48369,-60.6,-58
48371,-25,-22.2
48373,-37.2,-48.1
48375,-39.4,-44.6
48377,43.5,42.9
48379,-49.6,-61.6
48381,-62.6,-68.2
48383,-60.2,-61.5
48385,-53,-62.5
48387,-38,-40.7
48389,5.2,16.2
48391,-14.5,-24.8
48393,-84.2,-85.6
48395,-19.4,-22.2
48397,-46,-53.1
48399,-62,-70.5
48401,-46.3,-51.1
48403,-54.8,-63.8
48405,-27.3,-34.6
48407,-38.3,-48.8
48409,-16.6,-20.7
48411,-59.2,-70
48413,-49.6,-55.7
48415,-59.8,-65.3
48417,-71.5,-79.8
48419,-44.3,-49
48421,-74.2,-75.8
48423,-39.6,-45
48425,-53.2,-63.8
48427,69.3,73.3
48429,-63.6,-70.9
48431,-68.3,-86.6
48433,-43.3,-51.4
48435,-51.2,-49.7
48437,-34.3,-47.4
48439,-11.7,-15.7
48441,-45.5,-53.6
48443,-26.4,-31.3
48445,-35.1,-41.6
48447,-60.3,-72.7
48449,-31.2,-38.8
48451,-41.7,-47.9
48453,29.2,23.9
48455,-35.7,-46.9
48457,-44,-55.4
48459,-49,-59.8
48461,-50.9,-47.7
48463,-5.3,-8.4
48465,9.6,5.4
48467,-55,-66.6
48469,-33.4,-37.7
48471,-22.4,-31.5
48473,-7.2,-17.1
48475,-49,-47
48477,-42.7,-51.9
48479,43.4,53.9
48481,-31.2,-39.1
48483,-71.4,-77.4
48485,-38.8,-47
48487,-46.3,-49.9
48489,39.8,43.1
48491,-13,-21.4
48493,-33.8,-43
48495,-51.7,-52.9
48497,-55.7,-67.4
48499,-54.3,-64.2
48501,-62.6,-60.6
48503,-63.5,-71.5
48505,35.6,43.2
48507,68.8,67.6
49001,-54,-71.4
49003,-62,-77.9
49005,-44.9,-68
49007,-8,-37.2
49009,-37.4,-60
49011,-42.2,-61.9
49013,-65.4,-80.2
49015,-53.3,-72.1
49017,-59.8,-69.9
49019,4.8,-6.8
49021,-55.6,-71.7
49023,-53,-74.8
49025,-42.6,-52.7
49027,-61.1,-80.1
49029,-62.6,-80.7
49031,-61.7,-79.6
49033,-67.1,-81.9
49035,0.1,-20.3
49037,-4.5,-17.6
49039,-56.7,-77.7
49041,-62.4,-80.2
49043,15.2,-4.6
49045,-29.6,-50.4
49047,-68.5,-81.2
49049,-58.9,-78.6
49051,-29.5,-52.2
49053,-53,-67
49055,-45,-65.9
49057,-27.3,-45.1
50001,39.1,39.3
50003,33.4,33.1
50005,23.2,22.8
50007,44.7,41.6
50009,14.5,13.4
50011,24.8,23.4
50013,28.2,26
50015,42.7,41.9
50017,31.4,32
50019,27.5,24.1
50021,24.6,21.8
50023,40.9,41.8
50025,48.1,48.7
50027,39.7,37.9
51001,-1.4,-3.5
51003,18,12
51005,-2.2,-2.7
51007,-22.7,-26.6
51009,-16.1,-19.9
51011,-29.7,-36.4
51013,44.6,39.8
51015,-39.9,-42.1
51017,-12.6,-17.1
51019,-37.5,-44
51019,-10.6,-10.7
51021,-39.4,-47.8
51023,-33.2,-38.5
51025,26.4,25.2
51027,-5.5,-34.6
51029,0.9,2.4
51031,-36.3,-39.3
51033,11.9,8.2
51035,-32.4,-39.1
51036,37.3,32.5
51037,-10.9,-13.7
51041,-7.5,-7.8
51043,-5.2,-13.6
51045,-31.2,-34.8
51047,-9.7,-16.3
51049,-3.5,-2.3
51051,-0.7,-26.1
51053,-2.2,-2.4
51057,10.3,7.2
51059,21.2,20.5
51061,-13.5,-19.9
51063,-20,-25.4
51065,-1.8,-6.2
51067,-22.8,-28.6
51069,-21.3,-27.9
51071,-16.3,-25.6
51073,-26.9,-27.8
51075,-22.5,-28.3
51077,-28.6,-38.4
51079,-21.9,-25.2
51081,28.5,27.7
51083,-2.8,-5.6
51085,-33.6,-36.6
51087,12.2,11.8
51089,-10.5,-14.7
51091,-21.8,-32.9
51093,-13.4,-14.6
51095,-9.3,-12
51097,4.2,-3.3
51099,-13.5,-18.8
51101,-19.3,-23.8
51103,-6,-8.7
51105,-28.2,-44.4
51107,8.3,4.5
51109,-7.8,-13.7
51111,-3.5,-5
51113,-13.4,-18.6
51115,-27.9,-31.3
51117,-4.5,-7
51119,-19.2,-20.5
51121,4.9,-0.3
51125,9.2,2.8
51127,-28.9,-33.7
51131,16.5,16.4
51133,-9.9,-14.8
51135,-1.3,-1
51137,-8.8,-14.5
51139,-17.3,-25.6
51141,-30.7,-38.8
51143,-24,-27.4
51145,-40.5,-45.8
51147,9.8,12.7
51149,-10.2,-11.7
51153,15.9,16
51155,-19.6,-24.8
51157,-2.8,-7.6
51159,-12.7,-15.5
51161,-21.1,-25.2
51163,-13.6,-17.8
51165,-36,-40.5
51167,-12.7,-36.9
51169,-43.1,-50.4
51171,-26.5,-31.3
51173,-29,-33
51175,-2,-3.2
51177,-6.9,-11.5
51179,-6.3,-8.7
51181,22.2,21
51183,23.8,24.5
51185,-32.9,-57.5
51187,-11.7,-20.5
51191,-32.7,-43.2
51193,10.2,7
51195,-27.7,-48.8
51197,-32.8,-36.8
51199,-18.1,-20.7
53001,-34.4,-33.9
53003,-13.4,-16.6
53005,-26,-26.6
53007,-11.9,-16.2
53009,3.3,0.4
53011,6,0.2
53013,-36,-40.5
53015,11,4.4
53017,-21.2,-28.3
53019,-12.7,-20.1
53021,-23.6,-23.5
53023,-42.5,-45.1
53025,-27.4,-31.9
53027,14.5,13.9
53029,6.2,4.4
53031,34.4,31.7
53033,42,40.3
53035,12.3,11.6
53037,-8,-10
53039,0.2,-7
53041,-19,-22.7
53043,-29.5,-40.4
53045,8.6,7
53047,-7,-12.4
53049,13.9,11.4
53051,-17.5,-21.4
53053,12.1,11
53055,41.8,37.5
53057,9.5,6.5
53059,5.3,-1.1
53061,18.8,16.7
53063,-1.1,-5.8
53065,-20.5,-26.3
53067,21.6,19.4
53069,0.7,-1.1
53071,-16.5,-19.3
53073,17.9,13.9
53075,5.5,-2.8
53077,-10.5,-11.6
54001,-20.3,-35.6
54003,-12.9,-21.1
54005,10.7,-31.5
54007,1.3,-15.2
54009,-2.4,-11.3
54011,-10.1,-13.7
54013,-15.3,-22.7
54015,-10.3,-34.5
54017,-49.1,-56.1
54019,-2.7,-20.8
54021,-17.5,-29.9
54023,-51.5,-66.9
54025,-12.3,-24.8
54027,-26.9,-40.2
54029,-15.3,-21.4
54031,-27.2,-39.6
54033,-13.3,-23.4
54035,-18.7,-30.7
54037,4.8,-3.8
54039,-0.4,-11.8
54041,-33.7,-41.9
54043,-8.9,-31.6
54045,-10.8,-39.7
54047,8.5,-29.9
54049,0.5,-14.3
54051,-12.6,-28.2
54053,-12.9,-20
54055,-27.5,-47
54057,-33.5,-45
54059,-12,-42.5
54061,3.8,-9.5
54063,-24.8,-41.3
54065,-23.5,-30.4
54067,-4.8,-36.8
54069,-10.7,-22.2
54071,-21.3,-31.3
54073,-21.2,-30.6
54075,-12.7,-24.5
54077,-26.5,-44.3
54079,-23.4,-37
54081,-25.9,-44.7
54083,-14,-28.8
54085,-46.4,-56.8
54087,-7.8,-20.6
54089,-11.3,-28.6
54091,-18.4,-32.1
54093,-23.8,-41.3
54095,-31.4,-43.3
54097,-33.3,-45.6
54099,-18.2,-26.8
54101,5.5,-27.5
54103,-6.2,-21.4
54105,-30.7,-34.6
54107,-28.6,-32.1
54109,-25.1,-55.7
55001,18.3,8.8
55003,37.2,30.8
55005,7.1,-2.4
55007,27.6,24.8
55009,9.1,-1.8
55011,14.6,2.9
55013,1.6,-6.5
55015,2.1,-11.5
55017,9.1,-0.2
55019,7.5,-9
55021,15.2,13.6
55023,27,20
55025,47,43.5
55027,-8.9,-14.5
55029,17.3,7
55031,33.2,31.2
55033,15,5
55035,22.2,13.6
55037,-14.1,-26.4
55039,-9,-14.9
55041,15.2,5.5
55043,23.9,13.8
55045,25.8,17.3
55047,-14.7,-20.6
55049,34.7,30.5
55051,13.1,-0.2
55053,21.8,15
55055,0.8,-7.6
55057,9.1,7
55059,18.1,12.3
55061,11,-5.4
55063,23.4,17.2
55065,22.3,15.3
55067,1,-11.8
55069,12.5,0.7
55071,7.6,-2.8
55073,8.8,-6.1
55075,6.9,-3.5
55077,5.2,0.2
55078,74,73.5
55079,35.9,36
55081,8,-0.9
55083,6.1,-9.5
55085,10.4,-2.1
55087,11.6,-1.8
55089,-21.7,-30.3
55091,12.8,2.2
55093,9,-0.8
55095,-1.8,-9
55097,28,13.9
55099,13.4,0
55101,7.4,3.6
55103,20.7,16.1
55105,29.2,23.2
55107,8.3,-3.9
55109,-3.8,-12.1
55111,23,18.5
55113,6.2,0.5
55115,3.6,-10
55117,-0.7,-9.8
55119,-0.3,-19.3
55121,26.4,14.1
55123,22,14.8
55125,-4.1,-13
55127,-2.6,-12.4
55129,4.3,-2.7
55131,-29.5,-40.1
55133,-25.7,-34.5
55135,2.9,-9.4
55137,0.8,-10.2
55139,11.6,3.8
55141,13.1,-2.9
56001,4.1,-2.5
56003,-55.3,-64.2
56005,-61.4,-72.8
56007,-29.1,-31.3
56009,-54.9,-62.3
56011,-64,-72.8
56013,-28.8,-33.9
56015,-35.7,-46.9
56017,-47.7,-54.5
56019,-55.7,-61.4
56021,-20.4,-24.3
56023,-54.4,-68
56025,-34.3,-40.7
56027,-59.8,-64.4
56029,-47.2,-56.9
56031,-34.9,-42.2
56033,-38.1,-46.4
56035,-54.6,-61.8
56037,-27.5,-39.3
56039,23.6,11.8
56041,-41.1,-58.4
56043,-46.8,-56.3
56045,-57.8,-71.4
id,margin,
,-22.2,-56.7
,-7.3,-26.6
,32.2,-28.6
,-1.6,-10.6
,-0.5,-4.7
,-27.5,-39.9
,-18.5,-43.4
,0.1,-45.4
,-18.7,-50.8
,-23.5,-54.5
,-58.9,-44.5
,-46.8,-37
,-48.9,-11.4
,-57.1,-1.6
,-51.6,6.3
,-48.1,15.8
,-42.1,28.6
,-34.4,27.1
,-13.7,3.3
,-1.2,-18.4
,-13.8,-22
,3.4,-9
,17.9,-21.1
,-9.7,-10.8
,3,-9.6
,5,-36.2
,-23.9,-14.4
,-23.6,-43.7
,-20.7,-48
,-21.9,-20.2
,-27.6,4.9
,-13.7,29.7
,-50.4,-21
,-57,13.2
,-7.4,-14.1
,-29.1,39.3
,-17,25.7
,10.2,27
,7.2,16.5
,-11,32.4
6075,70.4,70.4
8014,11.6,5.9
8031,52.5,49.2
9001,18.2,10.7
9003,31.4,25.9
9005,4.9,-3.7
9007,23,15.9
9009,23.2,22.4
9011,21.1,18.2
9013,20.9,12.6
9015,14.7,13.3
11001,86,83.6
12031,-1.9,-3.6
13053,1.1,-0.4
13059,31.2,28.7
13215,19.6,21.3
13239,7.9,9.1
13245,31.8,33.8
13307,-6.5,-1.6
18097,28.4,22.2
20209,40.6,37
17051,4.8,-34.3
21111,11.9,11.1
22001,-45.7,-49.9
22003,-36.4,-41.7
22005,-35.7,-34.3
22007,-11.2,-12.1
22009,-23,-26.9
22011,-54.4,-58.2
22013,-2.5,-2
22015,-43.7,-45.3
22017,3,5
22019,-24.6,-28.7
22021,-52.7,-55.7
22023,-65.2,-76.2
22025,-34.9,-31.8
22027,-10.6,-9.4
22029,-20,-17.2
22031,-13.4,-13.8
22033,2.2,5.2
22035,28.5,24.2
22037,-10.5,-7.4
22039,-24.7,-30.8
22041,-35.5,-36.1
22043,-63.5,-65.3
22045,-23,-26.3
22047,11.1,13.4
22049,-35.4,-37.6
22051,-26.6,-18.2
22053,-39.6,-47.5
22055,-31.3,-33.7
22057,-46,-48.6
22059,-72.4,-75.5
22061,-12.5,-14.6
22063,-71.9,-70.4
22065,17.9,22.2
22067,-11.1,-5.6
22069,-7.3,-6.6
22071,60.3,62.6
22073,-25.2,-20.9
22075,-33.7,-28.1
22077,-9.5,-9.1
22079,-28.6,-29.6
22081,-8.8,-4.8
22083,-26.5,-26.4
22085,-51.6,-55.2
22087,-45.4,-24.6
22089,-31.2,-27.8
22091,16.9,19.5
22093,12.5,15
22095,16.2,26.3
22097,-3.2,-4.4
22099,-20.8,-24.5
22101,-16.8,-18.7
22103,-53.3,-52.2
22105,-30.9,-27.7
22107,9.1,11.9
22109,-40.8,-41.2
22111,-41.5,-41.6
22113,-47.6,-52.8
22115,-53.4,-57.5
22117,-32.7,-28.7
22119,-26.3,-25
22121,-13.6,-9.6
22123,-63.5,-61
22125,-13,-14.1
22127,-38.2,-40.1
24510,75.5,76.1
25003,52.4,53.6
25009,20.3,16.3
25011,47.7,47
25013,25.3,25.1
25015,45.6,44
25017,30.1,27.2
25019,36.5,26.9
25025,55.7,56.6
25027,13.8,9.4
27073,5.9,0.9
29510,68,66.5
30023,37.4,31.6
30093,40.2,32.4
32510,0.9,-9
35013,17.6,14.8
36005,77.8,83.3
36047,59.4,65.1
36061,72.2,68.8
36081,50.9,59.2
36085,-4.1,2.6
42101,66.7,71.2
44001,26.7,23.3
44003,17.4,17.7
44005,23.3,21
44007,34.1,34.9
44009,20.4,16.8
47037,20.9,18.5
47127,-38.3,-48.1
47169,-6.6,-12.8
51510,44.4,43.5
51520,-26,-31
51530,-7.2,-25.5
51540,58.1,53.5
51550,1.3,1.1
51560,-40.6,-39.4
51570,12.1,14.8
51580,19.1,22.1
51590,30.7,33.6
51600,16.5,16.1
51610,40.4,39.4
51620,28.1,30.7
51630,28.3,26.9
51640,-11,-19
51650,39,42.6
51660,16.3,13.4
51670,11.9,15.9
51678,25.3,12.7
51680,-4,-10.5
51683,11.4,13.3
51685,20,25.3
51690,28.1,24.5
51700,28.6,30
51710,42.9,45.4
51720,-0.1,-22.1
51730,78.4,80.2
51735,-49.3,-51.2
51740,39.3,42.8
51750,9.5,3.9
51760,59.1,57.3
51770,23.4,22.8
51775,-15.5,-20.7
51790,2.2,4.1
51800,13.2,15.1
51810,-0.7,-2.5
51820,-10.2,-10.8
51830,29.1,28.7
51840,5.3,1.5